tanggal,nama_akun,teks
2026-05-05 04:18:23+00:00,aajuianbakk9,bisnis apa lagi ini
2026-05-05 03:11:33+00:00,firmandafahmis,libur berapa tahun lagi ini?
2026-05-05 04:34:11+00:00,fashionstudio_ai,project siapa lagi ini ??
2026-05-05 02:48:28+00:00,milavryn,Gua gak mau kek Covid lagi tolong 😭
2026-05-05 03:39:34+00:00,dempo20,klian percaya???
2026-05-05 06:49:52+00:00,whypeoplehategemini,Singkat saja. Kapan mulai libur? Berapa tahun?
2026-05-05 03:38:08+00:00,aqila.canel,jangan percaya yg namanya WHO
2026-05-05 09:46:00+00:00,kentan9balad0,To the point aja berapa tahun ?
2026-05-05 05:12:40+00:00,dinooioio,udahla anj cape bgt cape
2026-05-05 12:06:49+00:00,devanoembul,saham apa yg bakal naik nih
2026-05-05 03:32:38+00:00,gtaua16,ydh intinya gw cantik
2026-05-05 03:48:43+00:00,ftifxindonesia,GA USAH PERCSYA..
2026-05-05 09:10:02+00:00,dasar_t,skip berita ky gini... lsg blok report
2026-05-05 12:55:54+00:00,wongjatim35,singkat saja libur berapa hari?
2026-05-05 23:24:31+00:00,yohkuramochi,"gausah basa basi
jdi kapan libur?"
2026-05-05 04:26:21+00:00,special.part,bisnis apa lg ni min admin
2026-05-05 12:59:15+00:00,indaaahh82,Halahh opo maneh iki
2026-05-05 10:15:11+00:00,ketua949,bodo amat gua cuma takut demam
2026-05-05 12:34:30+00:00,denil00007,Intinya libur mulai kapan
2026-05-05 10:19:02+00:00,laufeson20,"Yes, Libur 3 tahun, dana MBG pindah ke KPR, KPR gw bakal di subsidi, Amin🙏"
2026-05-05 18:33:33+00:00,chounima885,gada presenter lain kah?
2026-05-06 15:31:52+00:00,kingemyu153,jngan tanggapi berita ky gini biar yg lain ga fomo fomoan
2026-05-05 05:46:17+00:00,__sahek80,Halah gausah percaya
2026-05-05 14:32:43+00:00,farmrooster,"who di percaya,"
2026-05-05 12:04:55+00:00,youchooseeeeeeeeeeeeee,@hii_vee7171: Uda gausa d tanggepin biar gak fomo gaes
2026-05-05 05:30:18+00:00,zicc98,bisnis apa lagi
2026-05-05 12:43:53+00:00,up21q3,tolonglah jngan libur²kerja lagi gw masih ada tanggungan🥺
2026-05-05 15:01:58+00:00,za1n896,jangan dikomentari abaikan
2026-05-05 13:17:01+00:00,jecikcak.28,Langsung aja harga vaksin nya brpa ‘??
2026-05-06 03:08:16+00:00,_hans551,virus zombie kah? seru banget kalo bnr 😁😂
2026-05-05 04:04:13+00:00,cupu_blvn,"inilah kenapa alasan gue gak mau liburan pakai kapal pesiar,lebih aman naik beat karbu"
2026-05-05 13:27:36+00:00,ibu3d4,"Jgn dihebohin tar jg anyep sendiri, bismillah Indonesia sehat"
2026-05-05 08:52:33+00:00,qwhert2,"berita begini blokir aja, ga bagus untuk mental"
2026-05-05 12:04:42+00:00,youchooseeeeeeeeeeeeee,@Avatar: to the point aja. bisnis siapa dan berapa untungnya?
2026-05-06 11:22:50+00:00,juliansyahmelda19,dri jaman Corona gua juga ga percaya
2026-05-05 12:03:09+00:00,shadowspiard,to the point aja. bisnis siapa dan berapa untungnya?
2026-05-06 10:11:57+00:00,49035r,harga masker naik 50 %
2026-05-05 03:50:17+00:00,alegjans,"percaya"" aja kok, lagian ini virus udah lama dan tiap tahun ada aja kasusnya😁😁"
2026-05-05 03:59:01+00:00,bcaminoritas,"percaya aja klo virus mutasi buatan USA buat mematikan ekonomi dunia, contoh corona 😂"
2026-05-05 03:55:12+00:00,sabamsimamoraa,Loh. Kau ga percaya?
2026-05-07 04:06:30+00:00,mamingmaming122,"trs klo kaga percaya lu mau apa,, hahh... lu mau jualan vaksin...😂"
2026-05-05 12:50:08+00:00,trader_bos99,mentang2 selat hormuz masih d pegang Iran virusnya langsung keluar d laut juga Cuihh akal2an mamarika dan trump
2026-05-05 05:21:52+00:00,kyuuraazz,"gak bro, soalnya dari Covid 19, Kita sudah tau bahwa Virus itu adalah, buatan manusia, Dan ini orangnya
namanya adalah Epstein's"
2026-05-05 05:03:54+00:00,doorcm,tolong kl kopong jgn dongo.
2026-05-05 08:16:42+00:00,liuvalice_,percaya lah dulu black death juga dari tikus dan awal mulanya di kapal
2026-05-05 06:01:20+00:00,dipo.negoro55,kalah perang....ya keluarin pandemi...😅..lagu lama
2026-05-05 05:02:32+00:00,afung989,klo lu gak percaya.gak usah nyimak dan nonton brita.ngapaen lu repot² nonton.
2026-05-05 07:09:28+00:00,ika.sapariana,m4m4rik4
2026-05-05 07:01:54+00:00,om.bahrun,antek-antek asing
2026-05-06 00:23:41+00:00,user1308160956737,who
2026-05-05 23:42:06+00:00,taksaka_27,elite global bang
2026-05-05 14:47:23+00:00,kipopoppp,kemaren kelelawar yang dituduh sekarang hewan apalagi 🗿
2026-05-05 06:34:42+00:00,sebutsajar19,Virlus😂 gabisa ngmong r😂
2026-05-09 16:18:36+00:00,adtiya29,kopet
2026-05-07 12:50:33+00:00,aatswrdi_,Roschild 😬
2026-05-06 12:17:52+00:00,wahyuuu6969,umbrella corporation
2026-05-06 10:12:17+00:00,widyawati.kusuman,eipstein
2026-05-05 04:08:38+00:00,jefrins.11,Jangan percaya
2026-05-06 09:24:47+00:00,pardi_s.02,"ko bisa tau namanya virus HANTU,katanya virus baru?"
2026-05-05 03:14:13+00:00,norasingaraja1,drama apa lagi ini
2026-05-05 16:30:32+00:00,allendarasyid_92,yg sekarang vaksin minimal berapa kali ?
2026-05-05 13:42:04+00:00,clarissa2741,"singkat padat, kapan libur[cry]"
2026-05-05 06:56:06+00:00,hopemiracle41,baru juga kerja di luar gw... pliss.. jangan libur lagi... 😩
2026-05-05 09:52:20+00:00,attekz_,"Stop berita gini dong,aku masih punya hutang😭😭😭"
2026-05-05 03:15:19+00:00,utuh_jangkrik,"engga libur, gas terus🔥"
2026-05-05 03:15:03+00:00,agus.setiawan580,mungkin satu abad 😂
2026-05-05 03:56:26+00:00,justkidding__9,EM BE GE: apa itu libur?
2026-05-06 12:31:13+00:00,logika826,😳🫪🫩😮‍💨
2026-05-06 19:58:54+00:00,konjana3,
2026-05-05 08:40:07+00:00,thepolite___,"Ga libur ka, soalnya bumc"
2026-05-05 08:53:46+00:00,firmandafahmis,badan usaha milik cendili?
2026-05-05 11:17:26+00:00,thanalanauuuauuauau,@ssinn @CuMIIIII_12 @🧚‍♀️ @yaa 😭
2026-05-06 10:32:15+00:00,sinntaa4u,heyy
2026-05-06 15:24:50+00:00,tataa_tu,jangan libur dulu lah baru mau gawe😭
2026-05-05 04:26:10+00:00,iankayokng308,bisnis masker🤣
2026-05-05 04:20:06+00:00,bajaklaut_452,"persaingan bisnis kapal pesiar bro, ada sabotase, didalam dunia kapal wisata udh biasa sabotase gini"
2026-05-05 04:23:57+00:00,aajuianbakk9,TPI situ masih percaya virus
2026-05-05 05:01:17+00:00,rhesa.ian,itu tamu kapal pesiarnya beneran meninggal jangan bebal kalau dapat info dikit2 konspirasi dikit2 elit global makan masih pake nasi aja berasa gelegasi dunia
2026-05-05 10:37:30+00:00,aajuianbakk9,"intinya jangan mau di cucukss , jaga kesehatan aja ibdah minta perlindungan buat diri kakak dan keluarga"
2026-05-05 18:56:15+00:00,zn30096,bluuuooogghh
2026-05-07 08:16:51+00:00,starzzssee_,"apa gunanya ibadah minta tolong sama Tuhan kalau ga was"" atau jaga"" or vaksin ini itu???"
2026-05-05 23:41:33+00:00,henrihutabarat,hidup tidak cukup hanya ibadah
2026-05-05 16:52:35+00:00,varsha.sastra,tIoI2
2026-05-07 14:57:46+00:00,mank_utaz,"benar itu bisnis vaks'n, sudah gak aneh marketing biasa😂"
2026-05-05 07:14:18+00:00,ley.lymau,apa nama vaksinnya..?
2026-05-05 09:38:13+00:00,redmi126099,"nama vaksinnya UREA
sekali pakai langsung sehat😂😂😂"
2026-05-05 08:15:50+00:00,rahyoo15,dan mesti vaksin berapa kali nih🤣🤣
2026-05-05 13:06:09+00:00,riffat_athari,"@Hann:Gini nih, kalau cuma mikir jangka pendek, padahal udah gede, pemikirannya kayak gini."
2026-05-09 04:53:54+00:00,nocturnaleve2,Carbol Zeneca nama vaksin nya wkwkwkwk
2026-05-06 02:19:30+00:00,anwrrzkn._,jangan libur lah tak kerja ini aku
2026-05-05 20:53:21+00:00,alanprasetia0,sepakat🤣🤣
2026-05-05 11:16:15+00:00,sn0375,"🤣 10 THN libur nya,,, 😂"
2026-05-05 06:58:19+00:00,demeter.hygea,hahahahah
2026-05-05 06:51:29+00:00,xxxibgdrgn2000,@eteyy! 🙃
2026-05-06 00:53:37+00:00,rakuty027,iyaa bang covid saja terbukti hoax 😁😁
2026-05-05 18:27:26+00:00,hivvirushtholol,kalo udah gak percaya who udah pasti gak mungkin percaya dukun blogg
2026-05-07 15:04:54+00:00,mank_utaz,"lebih bagus keluar dari anggota WHO, waktu flu burung juga untung saja menkesnya pintar dan jujur, akhirnya who dilawan dan gak jadi pandemi, sekarang gada yg berani lawan Who,selain dokter siti fadilah supari waktu dijaman pak SBY 😁"
2026-05-05 09:25:10+00:00,neverknowwhoyouare,yuk jualan vaksin gw modalin 😂
2026-05-05 12:44:27+00:00,m4sasih,"hanta(entah) iya hanta(entah) tidak,virus ini gajelas
entah iya entah tidak.."
2026-05-06 22:51:56+00:00,naufalahdan86,Gaje
2026-05-05 03:38:53+00:00,gimqeok,gara2 wabah covid kemarin anak2 sekolah banyak yg g bisa itung2an dasar. kalau smpai wabah virus datang lagi g tau dah apa lagi yg akan di nerf 🗿
2026-05-05 04:47:55+00:00,misfebry_74,Solusinya beritanya jgn d besar2kan abaikan saja
2026-05-05 03:10:22+00:00,only_wan1909,covid: come on bro 👀
2026-05-09 12:34:02+00:00,qlong91,vaksinya udh di buat bang sayang kalo ga di jual ataw di gunakaan 🤣
2026-05-05 11:51:58+00:00,astutik.ifah2,ya pura2 takut gitu walaupun mulut tertawa 🙏
2026-05-05 07:00:20+00:00,sy.zennn,lah covid itu konspirasi elit global aslinya mh ga ad
2026-05-05 03:43:37+00:00,shibal.seikiaaa,"gak lah dari setelah covid kemarin jg banyak viral kasus virus baru dari india lah, covid 2.0 lah tapi nyatanya gak ada apa"""
2026-05-05 16:00:42+00:00,rafii_mltng,"gara"" Covid gwa skolah ngk kerasa
udah lulus aja mana ngk magang juga😔"
2026-05-05 03:25:50+00:00,mamamollyandbby,setidaknya kita sudah punya pengalaman 😭
2026-05-05 15:54:36+00:00,istrinya_chauenwo,sama we . kmrin aj udh kaya mau mati😭
2026-05-05 10:00:29+00:00,rani.ninaa,WHO sedang berbisnis
2026-05-05 08:26:11+00:00,king_bal1,baru juga semangat kerja
2026-05-05 15:22:23+00:00,gusbhartamandara,"plissss, gua males banget buat tugas video"
2026-05-05 09:45:46+00:00,capricornn_083,dunia mau main bisnis apa lgi ini
2026-05-05 11:30:38+00:00,petrus_omega,cicilanku masih 2 tahun tolong krja samanya !
2026-05-05 16:05:42+00:00,waliiwan,yaela mau bisnis apa lagi sih ini
2026-05-06 01:36:27+00:00,saidahhumairah1,aku ada di posisi tim yg g percaya
2026-05-05 23:51:40+00:00,akbarfass,udah jangan di gubris lanjut scroll aja
2026-05-05 09:34:16+00:00,dyahnuraini4,langsung aja mau libur berapa lama lagi😁...sesibuk ini dunia😁..
2026-05-05 08:34:09+00:00,abr_oblo,"jangan di like.. jangan di share... yg blm komen, kalau bisa jangan di komen.. biar gak viral."
2026-05-06 20:54:43+00:00,dduttt,gausa aneh” lagi cape gua libur 2 tahun
2026-05-06 11:51:54+00:00,hnaaini123,"dah nggk mau d bohongi lagi,dah capek"
2026-05-05 22:49:31+00:00,haruanbanyu,endorse ga sih ini? teknik marketing
2026-05-05 15:53:21+00:00,handirakamali,Dunia...Dunia....sibuk banget ya...😁😁
2026-05-05 15:38:52+00:00,iyaaaay_7,Ga usah ladenin jir 🙏
2026-05-05 11:13:44+00:00,basic_food14,"katanya ini propaganda, jadi nggak usah dibesar²kan."
2026-05-05 05:18:19+00:00,nx_lavender,apalah
2026-05-05 09:03:44+00:00,dinooioio,apa babi
2026-05-06 00:09:02+00:00,rizkisusanto7,"cape kenapa dah, lu komentar no konteks bet"
2026-05-05 12:57:51+00:00,masbro99900,2 minggu
2026-05-05 13:00:31+00:00,hapus_aku16,2 minggu tapu sampe 20 tahun pun gpp
2026-05-05 13:04:38+00:00,riffat_athari,"Gini nih, kalau cuma mikir jangka pendek, padahal udah gede, pemikirannya kayak gini."
2026-05-05 13:03:56+00:00,vino65268,"ga usah di gubris. ntar fomo,masalh lagi kya kmrn"
2026-05-05 13:02:59+00:00,egafebriyana23,tepatnya target cuan berapa?
2026-05-05 13:02:19+00:00,iu_kang_,gblok
2026-05-06 00:06:48+00:00,rizkisusanto7,"gak libur bro, gak kayak covid"
2026-05-05 13:26:03+00:00,user9950708713202,2 minggu lanjut smpk 2 thun
2026-05-05 13:39:55+00:00,devandika,medc
2026-05-06 02:17:19+00:00,sonyperry,DADA bang😂😂😂
2026-05-05 13:24:30+00:00,bigibigibank,pantau $KOTA 😂
2026-05-09 12:34:34+00:00,qlong91,vaksin lahh apa lagi 🤣
2026-05-06 15:34:13+00:00,andr1.nst,Jhonson😂
2026-05-06 05:58:43+00:00,kotarominami79,saham GOTO kayak nya🗿 bisa mencegah virus hanta.. oke gass oke gass
2026-05-05 12:56:35+00:00,ahmdiann,RS dan obat obatan😁
2026-05-05 13:23:40+00:00,lferrerr2311,rs ada saham nya?
2026-05-06 00:43:36+00:00,archaeopteryx0_,"ada bang, SILO, DKHH, RSCH, Dll"
2026-05-05 15:58:28+00:00,dtngtkdijmptplngtkdiantr,saham koruptor
2026-05-05 04:00:39+00:00,basrengbakar.docx,"gimana ga percaya, orng lagi perang iran - As , As bikin virus buat matiin ekonomi dunia"
2026-05-05 03:53:07+00:00,punyaerma,Ini penyakit lama dari tikus biasanya.
2026-05-07 00:33:19+00:00,ftifxindonesia,Tetap GAL PERCAYA
2026-05-07 01:41:33+00:00,punyaerma,"2022,2023,2024,2025 juga ada yang kena. Ga terlalu terkenal beritanya... Ini mah karena di kapal pesiar aja. Jadi beritanya gede."
2026-05-05 04:17:56+00:00,wdanta_,virus ni dh ada lama
2026-05-06 00:04:45+00:00,akusiapayh_15,"@kuramochi 6:gausah basa basi
jdi kapan libur?"
2026-05-05 23:56:56+00:00,luchifer.7,kembali 2019 ya bang🤣
2026-05-06 00:04:17+00:00,yohkuramochi,wkwkwk 😂
2026-05-05 23:27:46+00:00,humaiihmd,😭😭😭
2026-05-05 23:38:30+00:00,redmi.78491,mulyonooo
2026-05-05 23:54:16+00:00,addie_gaos,"lagi dirinci dulu bantuan apa aja yg akan disalurkan selama libur,apalagi MBG untuk indonesia sejahtera jgn sampai libur."
2026-05-05 23:39:05+00:00,rchpip,"jangan , itu virusnya airborne dari tai tikus klo ga salah"
2026-05-05 23:58:38+00:00,almandary21,🤣🤣🤣
2026-05-05 09:59:11+00:00,si_mungil_,Pemerintah : Cair cairrrrr
2026-05-05 13:12:16+00:00,hidupbagaimanainiguru,"Ini bukan permainan pemerintah,tapi permainan elite global . pemerintah itu cuman alat bagi elit global"
2026-05-07 03:44:10+00:00,nuzasarah,Wkwkwkkkkk 😂🤣
2026-05-05 23:03:35+00:00,tfnyyprtma_,Wkwkwkwk
2026-05-05 18:27:44+00:00,aryananggara95,selamanua
2026-05-05 17:30:16+00:00,srhyyu,@erfina_saudiah 😂
2026-05-05 16:05:33+00:00,akhm4r4n1,to the point aja target berapa persen populasi manusia yg dikurangi.
2026-05-05 14:08:01+00:00,adellia_alra,Virus itu di jawatimur juga lagi marak penyebab nya tikus
2026-05-05 12:37:28+00:00,primews,Mm
2026-05-05 09:52:44+00:00,taurusgurils,Wkkwk lucuu
2026-05-05 13:23:41+00:00,elenn119,Uppp
2026-05-05 09:12:53+00:00,ferlinaghany,"Betull ,, ga usah di like,, nanti masuk indonesia virall ,, trus kita lock down lagi,, baya nanti kita bener2 bisa mati karena lapar ,, bukan karena penyakit"
2026-05-05 09:16:35+00:00,krisna.murti81,😂😂😂😂
2026-05-05 10:08:52+00:00,nailsbeautybyjuju,Corona aja aku gak prcaya smpe skrg ini lagi yg baru 😏
2026-05-05 09:16:49+00:00,krisna.murti81,😂😂😂
2026-05-05 03:36:30+00:00,pandapanda5611,
2026-05-05 03:55:25+00:00,idwansalafi,tlol
2026-05-05 04:02:25+00:00,thisishuman91,jelek gitu
2026-05-05 15:22:55+00:00,pp99054,ydh gk nanya
2026-05-05 04:48:04+00:00,twenty_svn27,
2026-05-05 04:04:03+00:00,user884606151,yaudah cium dulu sini🥰
2026-05-07 09:51:31+00:00,zedelafuente_,
2026-05-07 04:59:49+00:00,astamangereng,
2026-05-07 04:24:24+00:00,sidvi_,
2026-05-06 22:53:55+00:00,hanif_.25,terus apa hubungannya dengan berita ini?
2026-05-05 10:17:34+00:00,jefriandayani,covid aja gw masih nguli 😹😹😹
2026-05-05 10:22:24+00:00,chacacantik_09,covid aj gw skluarga g ada yg vaksin😁😁
2026-05-05 10:24:23+00:00,hozinwate,justru itu bro memang harus tetep nguli dan gerak lah intinya
2026-05-05 14:35:33+00:00,raa.liy,"betul,dulu Tetangga saya di isolasiv krna covid, sebenarnya sya juga kena wktu itu TPi sya bwa kekebun manyadap karet Alhamdulillah sembuh sendiri😂"
2026-05-05 12:09:41+00:00,rengger27,kasian ampe mau punya rumah aja kudu ngarep bantuan dari pemerintah kerja donk kerja
2026-05-05 10:23:55+00:00,jackysanjaya5,apasih dikit2 MBG pola pikir yg rendah
2026-05-06 00:49:13+00:00,meetal11,tolol
2026-05-06 00:05:17+00:00,rizkisusanto7,"pemikiran macam apa ini?
pola pikir rendah banget, mau pingin hidup modal dibiaya in pemerintah, dan gak ada relevansinya sama sekali ama topik yang dibahas"
2026-05-05 17:09:57+00:00,miau_5828,libur sklh MBG tetap jln bro...murid2 di wajibkan ke sklh utk ambil MBG..trs pulang
2026-05-05 11:40:37+00:00,alifufufu,Aamiin😭baru bgt ambil KPR soalnga
2026-05-05 10:23:25+00:00,bantalkapuknyaman,konoha ga bs d prediksi bro. sapa tau di korupsi dulu..
2026-05-07 08:18:37+00:00,gondrong_audio_jepara,biasa orang titipan 😂
2026-05-07 00:27:14+00:00,owner_mikeey,Erghhh
2026-05-05 23:25:13+00:00,kurangtidur_yee,wkwkw maklum
2026-05-06 15:33:42+00:00,griya.indah1,😂😂
2026-05-05 12:45:23+00:00,leogirlsss8,bnr bg
2026-05-05 12:48:28+00:00,laughingtomuchh,"bersyukur masi bisa belajar, g ngejar ngejar duit kek gua"
2026-05-05 12:46:20+00:00,denil00007,Udah muak ama politik dunia
2026-05-05 12:48:00+00:00,laughingtomuchh,"belajar yang bener, sebelum mines pengetahuan kaya gua"
2026-05-05 13:05:20+00:00,riffat_athari,"@Hann:Gini nih, kalau cuma mikir jangka pendek, padahal udah gede, pemikirannya kayak gini."
2026-05-05 04:13:55+00:00,kimtan_ehade02,kenapa gt kak
2026-05-05 04:38:16+00:00,jefrins.11,Jangan mau digiring ke posisi seperti covid lagi
2026-05-05 07:47:55+00:00,ovluffy,lebih percaya arichie89 gw drpd who😹
2026-05-05 13:35:59+00:00,imbeagle,"cuekin plissss
cape sm drama drama kek gini"
2026-05-05 03:34:23+00:00,al_viansyah,btw berapa tahun nih nanti libur nyaa
2026-05-05 13:37:07+00:00,bogoa1112889,"ngga ga, ga ada lgi libur², cicilan hp gua blom kelar 3 bulan lgi."
2026-05-05 17:10:27+00:00,chityzhianah871,project bill gets
2026-05-18 16:12:41+00:00,xidor.501,r
2026-05-05 15:13:10+00:00,jhony_anakmami,"to the point aja, beli vaksin nya drmn ???? hrs brp kali suntik vaksin ??????"
2026-05-06 04:55:26+00:00,manusianormaldanbermoral,"ini trailer drama lagi, kira² pengerjaan film nya mau brapa tahun ini."
2026-05-06 10:05:29+00:00,testadedrago09,"Hantavirus bukan virus baru. Virus ini telah dikenal sejak tahun 1950-an dan ditularkan ke manusia utamanya melalui paparan urine, tinja, atau air liur hewan pengerat (rodensia) yang terinfeksi. Meski sering dianggap patogen yang baru muncul kembali, ia bukan penyakit baru seperti Covid-19, melainkan zoonosis yang sudah lama ada"
2026-05-07 15:05:49+00:00,mank_utaz,20×😂
2026-05-05 16:31:23+00:00,riansaepuloh11,ada bocoran bang katanya di vaksin 1 minggu 14x
2026-05-05 16:37:59+00:00,nazarzarcoo,gempor anying😭
2026-05-05 15:59:01+00:00,ceceppriatna913,drama Km 😂
2026-05-05 05:05:10+00:00,sidolinapogos682,mulai masuk anti kris
2026-05-05 04:09:30+00:00,rbj.tebo0,drama yg judulnya pemuda yg tertindas ternyata dewa pedang
2026-05-05 04:15:57+00:00,uligae1,#DRACIN
2026-05-05 04:04:47+00:00,user36347514867812,dracin lebih seru mbk😂
2026-05-06 00:12:58+00:00,rizkisusanto7,"singkat, padat, gak ada hubungannya"
2026-05-05 13:49:32+00:00,gagah1102,Mak kau
2026-05-05 05:52:37+00:00,muhammadnurhidayah07,covid s2
2026-05-05 04:29:15+00:00,ciolaandara,biasalah bisnis bbm naik trus bang 😂😂😂
2026-05-05 04:41:43+00:00,adiy.29718,bisnis masker juga nanti laris manis 😂
2026-05-05 06:05:27+00:00,ciolaandara,iya lagii masker yang laku nanti
2026-05-05 07:15:26+00:00,ekasaputra1981,To the point aja berapa kali vaksin?
2026-05-06 00:16:30+00:00,rizkisusanto7,"berita kek gini itu tinggal lu searching aja lah di google atau AI, lu kan lihat ini pakai hp atau laptop, masa malas banget ngetik buat cari jawaban dari google ama AI sih?"
2026-05-05 15:13:26+00:00,md.devi__,😭
2026-05-06 00:09:41+00:00,rizkisusanto7,"nyicil apaan 2 tahun lagi?, lagian gak ngaruh ni penyakit ke cicilan lu"
2026-05-05 14:38:48+00:00,nicochastogg,drama apa lagi ini?
2026-05-05 19:04:20+00:00,hemiii1,iyh lg heh sama cclnku 3 thun
2026-05-05 06:58:52+00:00,demeter.hygea,sabar kak sabar
2026-05-05 14:48:07+00:00,masgayem,kaya gatau aja bisnis
2026-05-05 12:21:37+00:00,kessieverse,HOAAMMMM NGANTUK.
2026-05-05 13:06:53+00:00,yullydwiyanti,jangan percayaaa
2026-05-05 16:37:04+00:00,satriotry2,nggak usah direspon
2026-05-05 11:53:15+00:00,username090802008,R nya kenapa ini?
2026-05-05 23:33:17+00:00,yorian22l,Derama apa lgi ini
2026-05-06 04:38:52+00:00,adib_putra1234,"singkat sja, libur brp Minggu??"
2026-05-05 07:53:26+00:00,echocupu0,Skip jangan di hiraukan
2026-05-05 15:00:03+00:00,riandsepti,"please , Jangan dlu cicilan lagi banyak !!!!"
2026-05-05 03:20:59+00:00,xenazkha,drama apa lagi ini 😩
2026-05-05 07:23:15+00:00,yuan_tjandra,jangan lg.
2026-05-06 12:45:13+00:00,khairmaalvisyahri_,"singkat saja, kapan libur?"
2026-05-05 13:48:53+00:00,prasetyo00883,ah capek gua
2026-05-05 18:04:23+00:00,hikmaambas1,udah g percaya
2026-05-05 02:41:49+00:00,whowhay.ey,Rrrrrr
2026-05-05 03:15:21+00:00,pujangga742,Gak caya akuh
2026-05-05 14:16:49+00:00,mellani_wae,jgan dlu dung baru aja mau kredit rumah😫😫
2026-05-05 12:58:16+00:00,zayn_hardi2595,
2026-05-06 00:04:45+00:00,suzukidohcgank,JANGAN PERCAYA.
2026-05-05 22:09:32+00:00,yusup_hd,"proyek siapa lagi ini oiiii,"
2026-05-05 13:57:25+00:00,anissagsstn,"Apakah ada seblak online, dimsum onlen, martabak onlen, bakso onlen part 2?"
2026-05-06 00:19:05+00:00,rizkisusanto7,"bukan drama, emang virusnya nyata ada, tapi gak se ngeri covid aja, orang² tiktok ni suka²nya bikin di heboh²in padahal ngerti juga kagak"
2026-05-05 15:58:34+00:00,ceceppriatna913,ya rumah di kredit klu gempah gmn 😂
2026-05-06 03:08:21+00:00,mellani_wae,nasiiibb kak😂
2026-05-05 14:44:36+00:00,imamsofyanone,Mau cari rumah hrga berapa ka buar aku cariin 😂
2026-05-05 15:01:27+00:00,omaga_betta,200 juta dpt apa
2026-05-06 03:07:54+00:00,mellani_wae,dapet hikmahnya doang kak..😂ato dpet rumah subsidi. kes malahan.
2026-05-06 03:06:34+00:00,mellani_wae,udh dapet hrga 1 milyar kak😂😂
2026-05-06 00:15:25+00:00,rizkisusanto7,"rumah pun kredit, pola pikir yang sangat amat pintar emang, di dunia yang lagi krisis ekonomi gini malah kredit"
2026-05-06 03:07:04+00:00,mellani_wae,iso e kredittt kak kalo mau banyariin kes boleh banget kuk😂
2026-05-05 15:10:33+00:00,imamsofyanone,Dapet hikmahnya 😂
2026-05-06 00:10:16+00:00,lilymeowi,"virusnya emg bener ada, cm bru kli ini makan korban. udh dr 1993 klo gslh virusnya ditemuin"
2026-05-06 02:49:39+00:00,suzukidohcgank,"biarin, percaya sama tuhan aja😁"
2026-05-06 01:05:52+00:00,hudfarvin,"keren nih, komentarnya lebih berbobot daripada komentar para pecinta konspirasi global elite"
2026-05-06 00:25:32+00:00,rizkisusanto7,"nice bro, akhirnya ada komentar orang pintar di vt ini"
2026-05-13 15:04:14+00:00,_upinipinsempak34,"hantavirus udah lama, dari tahun 1980-an
tapi di indonesia baru nyebar 2024"
2026-05-06 11:43:42+00:00,ajisprmnaaaaa,"singkat saja, bisnis siapa ini?"
2026-05-12 01:35:44+00:00,johk995,hari apa ini
2026-05-05 15:08:03+00:00,zald233,baru lulus smk masa udah mau lock down lagi🥺
2026-05-07 04:27:06+00:00,ngabivan_jeh,mau berapa tahun?
2026-05-05 17:42:25+00:00,muhammadrafiqi07,kalian percaya?
2026-05-05 19:19:19+00:00,wkwkwk4wk,assalamualaikum 2 minggu
2026-05-06 01:13:09+00:00,eunwie26,lindungin gen z 😭
2026-05-06 10:57:22+00:00,mengikuti.anda339,"SINGKAT SAJA, LIBUR BERAPA LAMA?"
2026-05-05 11:45:10+00:00,dedi180881,"gagl fokus sama yg baca berita coy .
rrrrrrrr"
2026-05-06 15:53:26+00:00,ikbal4959,to the point aja libur brapa tahun?
2026-05-05 06:59:44+00:00,zneonik,Yauda iyain aja la cape
2026-05-06 22:23:54+00:00,firmanwahyudi74,lansung saja... bisnis apa lagi ini ???
2026-05-05 15:59:06+00:00,santay8314,WHO lagi?
2026-05-06 13:21:18+00:00,wolves.png,2 minggu apa 2 tahun?
2026-05-05 13:51:30+00:00,ftmaikel,"Singkat saja bosss, bisnis apa lagi nih?"
2026-05-05 13:12:11+00:00,ri_fau21,siap siap bitcoin naik lg
2026-05-05 05:40:14+00:00,ailurophilee02,skripsi online g sih🥰🙏
2026-05-06 08:35:55+00:00,ty72884,jangan percaya lagi
2026-05-07 17:36:16+00:00,domb_3,Berapa tahun?
2026-05-08 03:41:35+00:00,gallhrmdhn,skip jangan di ladenin
2026-05-05 07:40:29+00:00,kangtry_,jarang lihat tv lihat tiktok saja😂
2026-05-05 14:47:54+00:00,visal0478,Buat berapa taun ini?
2026-05-05 15:56:26+00:00,assasinassissin,gk percaya
2026-05-06 00:36:41+00:00,minggu_depan29,jangan di hiraukan guys
2026-05-05 03:50:29+00:00,denjaka.._2,2 minggu sebelum libur
2026-05-05 15:59:27+00:00,dcargomaster,tolong ini saya masi wfh dari covid kmren. 😅
2026-05-05 12:58:09+00:00,kaliper_buchmeme,singkat saja..
2026-05-05 06:37:10+00:00,gkpentingn1,infokan libur nya min
2026-05-05 13:17:48+00:00,grnzcreew,"Singkat saja, berapa tahun bung?"
2026-05-05 16:41:33+00:00,zakaria4028,aku gak mau vaksin lagi
2026-05-05 15:59:59+00:00,ceceppriatna913,ada
2026-05-05 14:01:24+00:00,matchakyotoborobudur,matcha online juga ada kak😵
2026-05-05 14:15:51+00:00,anissagsstn,Waduh saya cinta banget sama matcha tuh🥰😂
2026-05-05 22:56:52+00:00,mas.ay_17,ga enak matcha kak
2026-05-05 11:21:46+00:00,titiutami191,virus Hanta yang buat virusnya namanya hanta mau tanya benar kah?
2026-05-05 06:21:10+00:00,malangrayaflorist,Virus hantawok
2026-05-05 05:22:41+00:00,lam_17__,"Virus Hanta adalah kelompok virus yang disebarkan oleh hewan pengerat (terutama tikus) melalui urine, feses, atau air liur. Infeksi ini menyebabkan penyakit serius pada manusia"
2026-05-05 03:58:25+00:00,user3566188514651,"Jangan panik! Hantavirus bukanlah virus sosial. Hampir selalu dari kotoran hewan pengerat di ruang tertutup, bukan dari orang ke orang. Cerita kapal pesiar adalah pengecualian yang sangat langka, bukan pandemi baru. Tetap aman tapi berhenti stres!"
2026-05-05 13:15:21+00:00,hasanpradaniyahoo.co.id1,secara logika knpa virus baru kok mereka sudah tau nama virus dan dari hewan?? pdhal meneliti membutuhkan waktu beberpa minggu. apakah sudah di rekayasa.. 😅😂
2026-05-05 10:03:17+00:00,pempekmm_08,Virus Hanta barantah 😌
2026-05-05 14:02:20+00:00,windyhumaedi0,mo virus apapun aku gak akan vaksin lagi TITIK 😭
2026-05-05 03:11:08+00:00,santripekok066,"gua gak akan pernah vaksin, covid aja gua gak vaksin"
2026-05-05 02:51:56+00:00,xxs4__,singkat saja libur berapa minggu🗿
2026-05-05 02:39:58+00:00,koplaxx3,"proyek lagi, hadeh😁"
2026-05-05 03:27:15+00:00,sandalanakalshop27,"langsung intinya aja,MAU LIBUR BERAPA TAHUN?"
2026-05-05 05:49:11+00:00,anaknkl67,bisnis apa lagi ini dawg😂😂
2026-05-10 01:27:28+00:00,bersiaplah.67,sekelas berita resmi ngasih tau info masih salah bukan hantavirus TPI Andes virus memang masih satu keluarga dengan hantavirus tapi Andes virus jauh lebih berbahaya
2026-05-18 00:58:25+00:00,migel_missa,ayo rame2 laporkan semua akun medsos yg menyebarkan berita tntg virus omong kosong ini
2026-05-14 17:16:35+00:00,oneone7883,"jgn kasih panggung si tv, gila jaman covid aja udh kolep njir , gila pemerintah sampe lockdown konyol"
2026-05-12 10:49:28+00:00,bangpratam,tidak kedua kalinya ye
2026-05-12 06:53:18+00:00,suyama_bali,media 😁
2026-05-11 17:47:12+00:00,blankk96,"yg penting jg fikiran aja, sebelumnya bnyak yg terhipno copid sehingga berfikir berlebih dan membuat imun turun drastis kemudian sakit. jgn tertipu lg"
2026-05-11 13:17:01+00:00,umar.malik6871,Bill gate lagi Bisnis lewat WHO 😝😝
2026-05-11 04:18:31+00:00,jengkolmuda14,terus mau apa?
2026-05-11 03:21:27+00:00,rival1807,"singkat saja, berapa tahun nih isolasi lagi?"
2026-05-10 12:47:27+00:00,arthaes1,"terlalu d besar2kan, udah belajar dari covid kita semua"
2026-05-10 06:58:31+00:00,akusiapakamu59,"ntah la ,kemarin MBG ada racun,trus koperasi merah putih jawabannya benar di salahkan,sekarang virus . intinya kapan ada berita baikny😭 tolong susah cari duit sekarang"
2026-05-10 02:26:35+00:00,samsudinudin1886,Muak.. !!!
2026-05-09 17:36:08+00:00,user173143478,semoga ga lama seperti covid19 dan kita mancing lagi di laut dan muara
2026-05-09 10:20:20+00:00,a.julfian,Heleh
2026-06-04 09:00:17+00:00,kamu_nanyeaa79,virus HENTAI
2026-05-05 19:43:11+00:00,maggitiea,kampung
2026-05-06 00:18:26+00:00,rizkisusanto7,iya bentar lagi pasti banting ke bawah tu
2026-05-07 05:27:59+00:00,hahaja123456789,"ini masih uji coba doang dari elit global mas,ntar kalo di fixs tahun 2030"
2026-05-07 05:28:37+00:00,ngabivan_jeh,oalah
2026-05-06 11:04:34+00:00,bimaaaokta,2 minggu (2thn)
2026-05-05 06:08:36+00:00,elzaqqq,kak jangan kak😭
2026-05-05 11:51:29+00:00,ailurophilee02,wkwk semangat ka🥰🙏
2026-05-05 18:04:11+00:00,brretcho,kalau yang sekolah pasti percaya
2026-05-05 18:04:53+00:00,udangwindu_,bacottt
2026-05-05 18:04:47+00:00,udangwindu_,tidakkk
2026-05-05 22:13:26+00:00,radit2k14,elite global
2026-05-05 19:03:21+00:00,_nnaeyy02,😭😭
2026-05-05 16:45:12+00:00,winnazaa,"sama, efek vaksin byk bgt😭"
2026-05-05 21:58:14+00:00,sonieriksaputra,"jangan libur dulu ya.
cicilan tinggal 1 tahun"
2026-05-07 01:12:42+00:00,mbak_ayudippaa,hmmm bussinesss apa lagi ini sama Libur berapa lama dah ah udah to the point aja 😅😅
2026-05-05 13:24:07+00:00,yhozzy5,"Gua lagi ada cicilan jangan buat peraturan aneh"" ya plis"
2026-05-06 04:15:59+00:00,danangdewa_,"Anak sekolah : yeayy libur panjang, daring, online"
2026-05-08 13:19:07+00:00,_heiyoga,bukan umbrella project kan?
2026-05-08 08:53:49+00:00,cloude301,saya tidak percaya lagi sama virus
2026-05-05 14:34:40+00:00,_davxz0,era kopi dalgona back
2026-05-06 01:30:02+00:00,chellos969,kalau libur nanti mbg tetap jalan gk?
2026-05-05 07:42:52+00:00,fckid89,Jgn percaya
2026-05-05 20:07:34+00:00,teamrusuh55,bisnis yg paling menguntungkan memang bisnis kesehatan
2026-05-05 18:41:41+00:00,nova.nurik5,apa lagi ini
2026-05-05 06:25:39+00:00,bu.gede,percaya???
2026-05-05 16:00:19+00:00,becax.laut,ini harian apa boronggan sihh?
2026-05-05 08:24:29+00:00,inono_ya,"Jangan di turunin plis, gua masih baru dagang 😭"
2026-05-05 13:14:53+00:00,mieayamdagingkerbau,jgn bilng libur brp tahun lgi wey doain yg baik aja soalnya aku bru kerja..
2026-05-05 04:20:58+00:00,radenagung1204,Gue capek pakai masker
2026-05-05 05:19:20+00:00,s.r_online0,udahlah woi gw baru dapat kerja masak harus nganggur lagi anjj😭
2026-05-05 09:41:22+00:00,pujapava,"intinya jangan overthinking dengan berita kek gini tapi ttp waspada, dan jaga kebersihan"
2026-05-06 00:17:36+00:00,widi0_0z,Liputan enam Ngak ada berita lain ka
2026-05-05 17:30:08+00:00,ramadhanmiftah20,info saham
2026-05-05 13:53:26+00:00,selvi_andini,anjir kemarin toko toys gua bangkrut skrg udh mulai rame ini warmindo gua yakali mau bangkrut juga gaasik ahhhhhhhh
2026-05-05 22:39:05+00:00,chickencity98,Bisnis apalagi ini?
2026-05-05 12:59:29+00:00,bagas_baskoro8,Coba lihat penjelasan pak darma pongrekun. Kira kira ada kaitannya tidak dengan ini.
2026-05-09 02:56:45+00:00,panilouwis,Rrrrrrrrrrrrrrrrrrrrrrrrrooooooowwwrwrrrr
2026-05-07 03:02:15+00:00,tinarawrrrr,ga mau season 2 plis
2026-05-05 07:47:23+00:00,shellaa_fw,langsung aja WFH brp tahun?
2026-05-05 14:22:49+00:00,natasyatasya9739,"na'uzubillahiminzalik ya Alloh🤲🤲🤲
jauhkan la segala musibah apapun itu dan lindungilah kami semua ya Alloh🤲🤲🤲"
2026-06-02 01:07:23+00:00,restiiuhuy,"langsung aja , libur berapa tahun"
2026-06-01 03:38:29+00:00,edisukma51,virus fefek
2026-05-31 17:09:51+00:00,ssbarbershop2017,hadehhh
2026-05-25 22:42:10+00:00,adhi.boo_1,"ganti beritanya, jngn maslah kematian 😁, ganti yg menyenangkan saja, pahala bikin senang orang dan bikin imun tubuh naik,
bikin tips buat jaga imun, cara lawan virus, dengan hidup sehat gitu"
2026-05-24 10:52:27+00:00,febrian11_02,virus apa suntik game over
2026-05-22 01:52:51+00:00,gakada_026,lh kok GK bisa R😅😅
2026-05-20 07:54:37+00:00,mahrom.aja,yg bahaya itu virus hantta halilintar..
2026-05-19 01:26:05+00:00,ublag___,bisnis menjanjikan.
2026-05-17 20:22:13+00:00,shesapi,ORA NGURUSSSSSSS🙏
2026-05-17 10:41:24+00:00,emjepeofficial,Bodo amat
2026-05-17 04:58:39+00:00,kakagogle,bodo amat
2026-05-16 06:14:22+00:00,deegholic,anggran brpa lgi ini???? ga usah bertele2
2026-05-14 11:38:18+00:00,semr539,Event apa lagi ini 🗿🗿
2026-05-14 07:47:47+00:00,zzarastnslvv,soo masih percaya WHO ini?😂
2026-05-13 10:41:39+00:00,nene.hiro,halah pret
2026-05-12 13:17:16+00:00,notfounds009,baruu aja luluss😭
2026-05-12 03:30:30+00:00,sonifebriand,#DIRUMAHAJA🗿
2026-05-12 01:36:35+00:00,aku.sebenarnya.ultraman,banyak banget buzzer d komen biar org² pada panik
2026-05-11 14:51:28+00:00,doman283,"Kaga jelas ni,,permaina apa.lg"
2026-05-11 08:27:01+00:00,mbakgemoy111,ada aja gebrakannya ...
2026-05-11 03:16:01+00:00,umarhadi.ya,Jngn kasi panggung
2026-05-11 01:16:59+00:00,kadekadiyuliana,Hore libur berapa tahun lagi nih?
2026-05-10 11:50:11+00:00,azizmmnto,Hanta x hantar kah?
2026-05-10 09:28:01+00:00,sunda05punya,"cuman d besar"" kan aj"
2026-05-09 14:12:47+00:00,s.i_zaky4,mbg nya gimana pak Prabowo
2026-05-09 13:57:02+00:00,a0_.27,biasa kalau mau ada efen lebaran kan ada virus keluar😁
2026-05-09 12:47:23+00:00,with_alda4,wow
2026-05-05 13:42:51+00:00,nonosaif_,Masih bingung virus corona yg mematikaan ribuan orang tapi kok hilang tanpa jejak...mereka hilang ke mana kok bisa hilang nya serentak ya
2026-05-05 15:53:34+00:00,putratunggal_1214,dan vaksin virus nya harus @Ganta 🐮 yang buat
2026-05-06 14:32:45+00:00,gak_tayo0,"begini bang dijelaskan pada teori konspirasi kalo setiap 10 tahun itu ada aja resetnya entah itu reset ekonomi, reset kesehatan, reset krisis atau apalah lain² itu, dan kamu tau yang buat rencana reset itu elite global, boleh percaya boleh tidak tapi udah kejadian di 2020 kemarin"
2026-05-28 05:47:42+00:00,adih.aceng,bukan si hanya tapi si kanta🤣
2026-05-05 12:20:41+00:00,sri_meyka,kyak nya teman nya hahaha
2026-05-06 11:30:02+00:00,almaliky90,"namanya penyakit itu buatan manusia. , dlu d SMA pernah guru mnjelaskan , ilmuan ciptakan virus dan penyakit menciptakan juga obat nya"
2026-05-05 18:45:54+00:00,bosskolott,hanta halilintar 😳
2026-05-05 13:33:58+00:00,lferrerr2311,kagak lah kocak jangan terlalu percaya dengan teori liar...
2026-05-05 22:29:05+00:00,titiutami191,iya lagi pula tahun lalu sudah di jawa b4rat tuh sudah ada 1 th di indo hehehe
2026-05-05 13:24:11+00:00,nadia01959,anjir😭😭
2026-05-05 13:23:53+00:00,sai_tirta,"yang udah udah si virus buatan
jadi ujung ujungnya vaksin ..
dah ga percaya lagi virus virusan ..ujung ujungnya paham kan"
2026-05-05 13:22:50+00:00,yapetkudasi,balik ke fesbuk bang
2026-05-05 13:18:31+00:00,prncptr,"ini virus udah lama, tahun 1950an, tp emang khasusnya sedikit, tahun lalu aja di Indonesia cuman 8 laporan"
2026-05-05 13:22:38+00:00,zuriszora,"apakah yg di sebut virus antrak itu kali ya ,virus unggas"
2026-05-05 13:56:56+00:00,ndoddd,"beda kak, virus hanta ini penularannya melalui hewan pengerat spti tikus dan mencit, dan sifatnya zoonosis."
2026-05-05 13:45:01+00:00,user1463309745693,ada yg jualan bang
2026-05-05 13:30:54+00:00,hs.aki,proyek mas. wkkwkkw
2026-05-05 14:56:05+00:00,tirtir080,kalo informasi yang ada virus ini dulu pertama ditemuin di Korea tepatnya di sungai hanta dan virus ini berasal dari tikus yang ada disana.. jadi nama virus ini di ambil dari nama lokasi pertama ditemukan
2026-05-05 19:18:42+00:00,dekwi_2311,Maksudnya pasti tikus-tikus berdasi
2026-05-05 09:47:52+00:00,re1k17,ya sama aja kaya virus emang bawaan tikus .cuma beda nama biar mencekam
2026-05-05 06:02:37+00:00,telentang.telungkup,smua itu udah ajal nya.. kok udh ajak nya sedetik pun tdak bisa di hindari..
2026-05-05 06:41:34+00:00,shiranui1112,hadehhhhh😂
2026-05-05 15:38:50+00:00,njajanorek4,Ralat ya disebarkan melalui tikus
2026-05-05 06:18:05+00:00,its_bihar,Kalo gak makan sembarangan mau aman
2026-05-05 05:33:58+00:00,vianbreedingfarm,😏😏
2026-05-05 04:14:46+00:00,eanz195,"udah dibilang padahal di akhir ""DAPAT MENYEBAR ANTAR MANUSIA"""
2026-05-05 13:03:18+00:00,naelbpwww,sotoy bgt baru dikasi berita mentah aja lgsg dimakan wkwk
2026-05-05 04:57:22+00:00,user3566188514651,"Virus Hanta menyebabkan Hantavirus Lung (HPH), penyakit serius yang dimulai dengan gejala seperti flu (demam, nyeri otot, sakit kepala) dan berkembang dengan cepat menjadi gangguan pernapasan yang parah, penumpukan cairan di paru-paru, dan dapat menyebabkan gagal napas, syok dan kematian, sangat mempengaruhi fungsi paru-paru.
Ini ditularkan melalui kontak dengan kotoran hewan pengerat, urin atau air liur atau dengan menghirup partikel yang terkontaminasi di lingkungan tertutup dan berventilasi buruk, seperti gubuk, ruang bawah tanah, dll."
2026-05-05 10:11:18+00:00,sharaa.96,@ITGURL buang hamstermu😭
2026-05-05 06:05:09+00:00,enambelaslimatiga,percaya Lo?
2026-05-05 05:02:35+00:00,user3566188514651,"Hewan pengerat adalah mamalia yang diklasifikasikan dalam ordo Rodentia, dan mereka adalah kelompok hewan yang memiliki sepasang gigi seri (gigi depan) yang tumbuh sepanjang hidup mereka, satu di rahang atas dan satu di rahang bawah, dan memiliki kebiasaan menggerogoti benda-benda. Mereka merupakan kelompok mamalia terbesar (sekitar 40%) dan termasuk tikus, tupai, berang-berang, kapibara, dan hamster.
tp kemungkinan di kapal ini adlh tikus, krn sanitasi buruk, tertutup,kotor dan orang yg terinfeksi memiliki imunitas lemah.."
2026-05-05 13:04:12+00:00,naelbpwww,"iya bener, saya punya kerabat meninggal di RS karena virus ini. dan itu tidak bisa ditularkan antar manusia. tetapi memang benar adanya dari hewan->manusia"
2026-05-05 12:01:01+00:00,hnancn,Mirip leptospirosis kah?
2026-05-05 04:59:59+00:00,user3566188514651,"artinya dpt menyebar lewat hewan pengerat , disini terkait sanitasi, kl ngk ada subjek hewannya, dia hny menular dr binatang ke orang, bukan orang ke orang,"
2026-05-05 13:02:57+00:00,naelbpwww,jangan kemakan hoax🤣
2026-05-05 16:37:30+00:00,zyuraa822,😹
2026-05-06 01:53:57+00:00,andiskak721,orrrrrrrganisai rrrrrrrr rrrrr errrrrt
2026-05-05 03:40:46+00:00,ihsanmaulan726,mungkin 4 tahun lebeih
2026-05-05 03:26:01+00:00,santripekok066,jangan loncat jembatan kak
2026-05-05 06:36:34+00:00,moranoti,harusnya kita vaksin anti miskin..
2026-05-05 03:27:35+00:00,riskyadtyal,gak akan vaksin .. jaman elu bocil di vaksin apa aja tuh
2026-05-05 03:24:43+00:00,jhon_paulwalker,"Sama, alhamdulillah masih hidup ampe skrg sekeluarga"
2026-05-06 01:28:04+00:00,user39830042026,bocil smp
2026-05-05 15:21:49+00:00,yogapratama2399,😂😂😂
2026-05-05 09:22:14+00:00,_w4llwe,😭
2026-05-05 03:01:18+00:00,novendri_04,paling 3 tahun
2026-05-05 14:14:53+00:00,mantan_donaturmuu,aq udh vaksin 5x kk.
2026-05-05 14:15:49+00:00,windyhumaedi0,aku se kali kapok kak sekarang berada jompo gampang pegel2 badan gampang sakit 😭
2026-05-05 14:17:17+00:00,mantan_donaturmuu,ya karna peraturan perusahaan mewajibkan vaksin
2026-05-05 14:17:49+00:00,windyhumaedi0,bismillah semoga sehat slalu kak
2026-05-05 14:20:55+00:00,mantan_donaturmuu,iya amin kk... emng thun ini kdpan ad prediksi virus yg dibuat2 lgi utk keuntungan perusahaan farmasi dr elit global dunia
2026-05-05 14:23:42+00:00,windyhumaedi0,kasian rakyat jadi korban 😭
2026-05-05 03:00:50+00:00,kacongalter8240,hhh pasti
2026-05-06 13:01:10+00:00,henny.wati5,gk usah di hiraukan
2026-05-05 15:55:16+00:00,checkouthunter,project apalagi ini? berapa margin profitnya
2026-05-05 14:22:39+00:00,1duatigsampe4,pa tar dulu cicilan motor saya baru pertama bngt 🙂
2026-05-07 00:41:57+00:00,jomblookereeen,media terlalu berlebihan
2026-05-05 03:15:25+00:00,kage.zora,
2026-05-05 15:50:11+00:00,arturo_rusdan,isu apa lagi ini
2026-05-05 05:00:31+00:00,khamizulfuadi1504,singkat saja libur berapa hari
2026-05-05 18:19:20+00:00,algfrzky_666,mau percaya atau engga tetap lah jaga kesehatan guys
2026-05-05 14:00:44+00:00,loycloth,"au dah, cape"
2026-05-05 14:14:00+00:00,svsanss,project apa lagi cooo
2026-05-12 11:41:46+00:00,radhen_21,drama apalagi yaelahh
2026-05-05 14:48:06+00:00,bluesviwy1l,New Project
2026-05-05 03:45:49+00:00,kembar_2812,WHO itu fungsinya apa 🤔
2026-05-05 04:50:55+00:00,stormybaby1,yang bener aja si gua baru mau apply ke cruise ini 😭
2026-05-06 08:10:55+00:00,ambonthegladiator,sbr dlu anj gua mau kuliahhh
2026-05-05 09:03:34+00:00,hm3_77,gak percaya
2026-05-05 13:32:00+00:00,dilabukandola,event apaan lagi ni
2026-05-05 13:55:13+00:00,banglikee,"ok, bisnis apa lagi nih? dan brpa taun?🗿"
2026-05-05 15:21:13+00:00,farelicano,jangan tanggepin ges
2026-05-05 16:16:45+00:00,isniawww,ha? gimana? maaf ga denger kurang jelas
2026-05-06 03:01:23+00:00,irarisma4,gak percayaa wkwkwk
2026-05-06 14:53:49+00:00,malikbadrudin,kita gaboleh berkegiatan kah ini😅
2026-05-05 15:21:46+00:00,supendigabrielzjr,jngan di dengarkan
2026-05-05 13:53:09+00:00,afi_._._,libur berapa minggu?
2026-05-05 15:23:52+00:00,murihfaldi,Dahlah enak yang sekolah libur kita yang kerja mau digaji berapa kalo libur hadehh
2026-05-08 06:41:53+00:00,bagas911c,rrrrrr
2026-05-06 00:26:11+00:00,rizkisusanto7,goblok banget komentar ini
2026-05-05 14:24:13+00:00,kipumrk,bisnis apa lagi ini
2026-05-05 06:24:47+00:00,lolipopreimbow,bikin drama baru dong jgn background virus lagi udah tamat kita episode nya kemaren
2026-05-05 11:04:35+00:00,bangcookie,halah mbuh lah...
2026-05-05 16:45:33+00:00,hermantoherman933,hanya terasa hidupku tanpa dirimu...
2026-05-06 05:40:54+00:00,gandewateknik,udah deh.....jangan bikin orang bingung 😂
2026-05-05 23:21:10+00:00,muhammad_haris_23,libur brpa tahun ??
2026-05-07 01:38:19+00:00,ihab.98,ke intinya aja harga vaksin nya berapa .?
2026-05-05 03:53:42+00:00,vansjaaa,singkat saja mau libur berapa tahun
2026-05-07 06:17:11+00:00,salim_skm2,"pusing dengan dunia yang sekarang,belum nikah ekonomi makan-makan arah tujuan belum jelas dengar kabar kaya gini,,hembusan napasa"
2026-05-05 16:54:45+00:00,bobasibo21,Anakku baru mau TK udah mau liburan
2026-05-06 23:36:04+00:00,driver_maxim32,berita gak bermutu
2026-05-05 15:59:00+00:00,fiyaspiya,JANGAN SEASON 2 PLIS GUE BELOM SUKSES
2026-05-07 02:28:01+00:00,sidvi_,apa lagii ini mau ada bisnis baru lagi kah
2026-05-05 13:40:35+00:00,aniemartadinataseason4,gak percaya
2026-05-05 13:01:24+00:00,fillerimport.id,Tiap gua kuliah kenapa selalu ada pandemi 😩
2026-05-05 15:52:01+00:00,hi_ssa13,"Nanti dulu sampai sini nya, tunggu aku nikah dulu ya. Aku gak mau pakai masker nikahnya plisss"
2026-05-06 11:15:22+00:00,qomqom19,apakah event libur setahun lagi??
2026-05-05 14:57:43+00:00,piyaaaa_pim,kalau lockdown lagi kerjanya libur ga?
2026-05-06 04:01:45+00:00,siapa.saya8176,Apa lagi lah ini
2026-05-06 04:18:35+00:00,lias.pical,jangan percaya
2026-05-05 14:38:59+00:00,dicahyoo,judul film?
2026-05-05 17:21:53+00:00,raysxlunox,bosen amat
2026-05-05 13:16:15+00:00,euishasanah0112,To the point aja libur brpa bulan ?
2026-05-05 16:36:48+00:00,nk8772,TIDAK PERCAYA
2026-05-06 10:37:51+00:00,brantasstory,Bisnis Kesehatan
2026-05-06 23:29:43+00:00,asrafuliman0,"apa lagi ini,libur kah 😁"
2026-05-06 03:07:10+00:00,kd.surya04,siapa yg percaya
2026-05-05 14:50:34+00:00,keday.kopi.mb.srii,ya Robbi mau ada bisnis apa lagi sih ini ...peningnyeeeeee
2026-05-06 22:17:50+00:00,lujingga.nana,sibuk bnget ya dunia ini 😢
2026-05-05 05:32:53+00:00,yaopps0,kok pada ngamuk sih dengan komen gw🤣
2026-05-05 14:03:14+00:00,dias_caro,Apa lagi sih nih
2026-05-05 15:16:36+00:00,albanacross,Apa pg ini
2026-05-05 13:01:14+00:00,wtriaguss,sibuk kali media2 ini
2026-05-05 14:26:13+00:00,dominicccc021,who adala bisnis
2026-05-07 07:53:15+00:00,muninluwak,apa lagi lah ini ... capek
2026-05-06 09:50:22+00:00,billkenn3,jan percaya lagi
2026-05-07 13:45:37+00:00,sun.ardy,gk ada ituu.....
2026-05-07 14:55:39+00:00,aafuzi_,jadi kapan mulai libur nya lagi min?
2026-05-07 16:25:34+00:00,enriquejesse3,apa lagi ini
2026-05-07 17:31:52+00:00,dysssssh,Rrrr
2026-05-07 09:41:24+00:00,cengek59,kontrak berapa thn katanya
2026-05-07 04:34:48+00:00,dooo_2006,Rrrrr
2026-05-08 13:17:40+00:00,milimnava33,halah
2026-05-08 02:37:03+00:00,fradilamishela,Bisnis apa lagii sih iniiii
2026-05-07 09:00:58+00:00,marseliussilaban3,rrr
2026-05-07 01:27:54+00:00,fadrinuribrahim,bohong jgn percaya
2026-05-10 05:13:01+00:00,arybiolari,tak usah percaya degan berita
2026-05-08 18:35:43+00:00,tiaraaaimup11,
2026-05-08 03:48:55+00:00,jabils_,
2026-05-07 08:27:08+00:00,mien_69,kalian percaya?
2026-05-09 03:51:37+00:00,sus.kiky,apakah ini benar
2026-05-09 03:54:28+00:00,iwan_iwan66,mulai kapan suntik vaksin..saya mau daftar
2026-05-05 18:06:19+00:00,slapshot202,SAYA YANG SELAMAT 5X KIAMAT MULAI DARI 2012
2026-05-09 00:53:59+00:00,bang.ah123,singkat saja. berapa tahun?
2026-05-05 03:24:37+00:00,diah_cok,jgn bikin drama lg hidup udh susah gw mau kerjaa😡
2026-05-05 23:16:09+00:00,gataumaungisiapa0_0,udh singkat aja libur brapa tahun?
2026-05-05 13:38:36+00:00,kancut6489,@def @hime @asyfah @n @m @𝕽 😭😭😭
2026-05-05 03:27:49+00:00,sabda.al.fatih,mulai😂 cair lagi ni media media🤣
2026-05-06 13:04:41+00:00,luxuiqi6,rrr karattt 😅
2026-05-05 08:32:07+00:00,ariejw,R mbaa RRR
2026-05-06 12:09:40+00:00,zeeqi12345,bisnis... bisnis.....
2026-05-05 13:10:30+00:00,rii1annnt,ihhh gamauu lagii plsss kapann bisaa hidup tenang ihh
2026-05-05 08:45:56+00:00,nikmatbangets,"ini itu awal buat bikin berita menyebar, karena covid udah ga mempan"
2026-05-05 07:55:56+00:00,fadhli.rizieq,1 virus mengguncang dunia
2026-05-05 12:57:50+00:00,razzvidrat5,apakah ramalan the Simpsons bener terjadi 🗿
2026-05-05 11:44:27+00:00,gagalcaleg01,bisa tau virus hanta dari mana siapa yg ngasih nama virus hanta
2026-05-05 13:26:37+00:00,rblthegrt,Masa harus time skip lagi sih
2026-05-07 03:37:05+00:00,laras.sinta7,libur kapan
2026-05-06 02:03:34+00:00,dperdana7,developernya siapa?
2026-05-05 09:40:51+00:00,ichsanrizqyirawan,apa itu WHO.... makelar ya...
2026-05-07 02:25:36+00:00,bossxsawit,dah cukup ya gua dah banyak melewati event dunia ini
2026-05-05 12:59:57+00:00,oh5285,otw libur lgi ?
2026-05-07 09:47:34+00:00,tiroy.1984,ora pecoyo
2026-05-06 04:50:06+00:00,windiputrialoka,Ini kok perasaanku gak enak ya🙏🏻
2026-05-05 12:45:12+00:00,sofyanmuhammad40,singkat saja brp tahun kita libur?
2026-05-05 23:27:18+00:00,guidance644,judul film nya apa ??
2026-05-05 03:58:04+00:00,ygax2026,Download aplikasi pedulilindungi lagi ga nih?
2026-05-05 13:44:20+00:00,kenzyrafaelabagas,"wes karepmu ae....,nek libur berarti wayane istirahat di rmh,menikmati hidup"
2026-05-05 23:52:49+00:00,ach_zennn,singkat saja mau libur berapa tahun lagi?
2026-05-06 15:53:50+00:00,zha.shu28,hidup di dunia ni banyak ivent nya ya 🤦🤦🤦
2026-05-05 13:43:06+00:00,y0urgirlzyx,"sebentar, gue lg persiapan nikah."
2026-05-05 14:03:37+00:00,zxytv3,"siap"" BTC naik lagi ini, sama saham"" pada naik lagi"
2026-05-05 13:20:10+00:00,muhammadafthoni46,intinya aja brp tahun?
2026-05-05 15:11:58+00:00,bobalverron,Singkat saja libur berapa minggu?
2026-05-07 00:12:23+00:00,jhemaira43,skip berita seperti ini laporkan biar gak muncul
2026-05-07 14:28:36+00:00,kmlaxny,kpm libur
2026-05-05 18:24:21+00:00,room4.2,hah..
2026-05-06 11:01:42+00:00,kancut6489,heh hoh
2026-05-06 23:28:05+00:00,vana.chan1,virus hanta penerus black Death dehh kya nya 😭
2026-05-06 19:20:21+00:00,monslvtr_,satu dua tiga berlayar di samudera wahai sahabatku kita bergembira
2026-05-06 16:11:09+00:00,rezpectttt,@teguh @￴ ￴￴ ￴ ￴￴ ￴ ￴￴ ￴ ￴ @labqi @Frell🌀 selama masih ada mamank gufron Indonesia tetap aman
2026-05-06 15:46:39+00:00,ditzzz1262,season 2 apakah akan dimulai
2026-05-06 14:30:12+00:00,luckyto37,ah serius😂
2026-05-06 14:26:45+00:00,anime.lavers6,S2 kah?😑
2026-05-06 13:11:18+00:00,mudzakiarrafa,event apa lagi ini😳
2026-05-06 12:45:51+00:00,rad_kei_404,@🐇 ga percaya ginian sampe akhirnya libur 2 tahun😭
2026-05-06 12:37:41+00:00,boww0o,vilus apa lagi ini aku tidak mau liburg☺️
2026-05-06 12:24:03+00:00,ryuu_keiii,bener mas @ade
2026-05-06 11:28:49+00:00,edi.susanto371,gue gak percaya yang begini an 🗿
2026-05-06 10:37:24+00:00,serba.salah619,"Megaproyek lagi kah
🤔🤔🤔
info lowker apd nya min ?"
2026-05-06 06:26:02+00:00,susi77930,"kak coba ngomong ""RRRRRRR""🥰"
2026-05-06 06:13:17+00:00,llover01ok,saatnya reset ekonomi lagi🗿
2026-05-06 06:09:36+00:00,chandra.aditya93,dalang kekacauan saat ini
2026-05-05 16:26:37+00:00,sandramonica1,Bodo amat gw lulusan kiamat 2012
2026-05-05 16:57:15+00:00,beemztara,Alumni Kopit Kumpul sini kita reunian🥰
2026-05-05 16:46:20+00:00,ekyagustian27,hantahlahhh
2026-05-05 13:05:55+00:00,dy22402,Otran otrannn pomanehhh kihhh
2026-05-05 16:15:18+00:00,milentdimarii,"gak kepake, cukup ketipu sekali😂"
2026-05-05 23:25:22+00:00,jawarasini,lok Don lgi kah
2026-05-05 19:51:55+00:00,al.wafi_48,RRRRRRRRRRR roarrrrr
2026-05-06 05:50:35+00:00,ftra843,"Singkat saja, Berapa kali vaksin agar bisa naik pesawat"
2026-05-05 23:13:35+00:00,microfishing_lombok,jangan biarkan kapal itu mendarat
2026-05-06 05:03:47+00:00,ieb1109,petinggi2 dunia: wah cuan nih cuan 🤑🤑🤑
2026-05-05 23:38:42+00:00,ucukapin,apakah season kedua akan di mulai kembali🗿
2026-05-05 23:36:23+00:00,luckeyz01ri,bisnis vucksin lagiii.....saya suruh vucsin lagiin....ndak mau q...tolonggg!!!!!
2026-05-05 03:32:50+00:00,frd.tech11,drama dunia apalagi iniiiiii 🫠🫠🫠
2026-05-07 07:32:05+00:00,vyn86,R mbak bukan L 😭😂
2026-05-07 07:16:32+00:00,evan____tan,aku sakit hari ini ges🤧🤒
2026-05-05 14:47:23+00:00,rheenndyy,udah langsung aja berapa tahun?🗿
2026-05-06 02:36:06+00:00,vann___dri,Inti nya aja om intiii
2026-05-05 23:59:23+00:00,ny0mmm,pls jangan diramein biar tenggelam beritanya 😭
2026-05-05 12:36:25+00:00,korban.reset54,hei kawan saat nya kita tampil lagi
2026-05-06 02:48:27+00:00,boboboi13__,percuma kalo belom imo
2026-05-05 16:35:58+00:00,aboygb,mulai mulai apa lagi ini aduh ada aja gebrakannya 🗿
2026-05-05 04:30:09+00:00,rikskuy_,Ah bisnis vaksin itu lagi..
2026-05-05 23:58:54+00:00,ny0mmm,gua gk mau lockdown lagi ya anj
2026-05-05 03:44:42+00:00,apaantuh745,"Apa lagi,,makin ada2 sja"
2026-05-05 09:32:01+00:00,jigoo_o,MULAI MULAI BISNIS BISNISSS
2026-05-05 11:54:41+00:00,viaaaaaaaa1009,kaa cobaa bilaangg R
2026-05-05 09:37:32+00:00,murnihturuk,vaksin lagi gitu 😬😬😬😬😬😬😬
2026-05-05 13:34:02+00:00,permanapurba_,Pakai masker apa lagi ini
2026-05-05 03:11:02+00:00,hfy0401,stop meriset waktu...🗿
2026-05-06 23:28:41+00:00,theresnothingspecialll,"singkat saja, berapa tahun liburnyaa?kangen buat dalgona lagi😩"
2026-05-05 11:03:36+00:00,ivonia026,Pokoknya gw ga mau di vaksin lagi. Titik
2026-05-05 03:48:52+00:00,nattapandu,apakah sekolah akan diliburkan ☺️?
2026-05-05 03:40:22+00:00,user27384920108,Propaganda who apa lagi ini.....😌
2026-05-05 06:26:13+00:00,dunkisssssssssssss,loh udah mulai? deadline sebelum 2030 beneran?
2026-05-06 01:40:16+00:00,ponta.poteto12,jadi kapan PPKN di berlakukan
2026-05-05 23:57:33+00:00,luchifer.7,"tapi di kapal ku aman"" aja 🔥"
2026-05-05 03:48:06+00:00,keyyyyyyyyyy666,bisnis kesehatan apalagi ini 😂
2026-05-05 12:52:30+00:00,cctv_8888,gak usah bertele tele.. dapat bantuan dari pemerintah gak ni ??
2026-05-05 15:39:01+00:00,aziputra60,bakal ada penghasilan tambahan nie pemerintah
2026-05-05 03:23:14+00:00,febrianahestii_,Jdwal proyek apalagi ini😅
2026-05-05 10:43:32+00:00,anugrahfrozen3,sama covid aja gw masih trauma🥺
2026-05-06 03:50:27+00:00,mirhamfz,apa ini bisa jadi kaya film the last ship??😳😳
2026-05-06 12:09:23+00:00,lolysttt_,Hahahha
2026-05-06 06:08:55+00:00,asuuungg,takut mas??lemah
2026-05-05 23:41:39+00:00,lisaumami170,yg kali ini ku juga ngga mau
2026-05-06 00:18:14+00:00,rinspoetry,"bener kak,jualan vaksin lagi...😏,ada aja bisnis nya ya"
2026-05-06 19:41:42+00:00,teguh.hhh,
2026-05-05 04:20:48+00:00,rasi_zodiak,virus tarik
2026-05-05 13:24:58+00:00,.ria.alhafidzr14,kok who lagi 😂😂😂
2026-05-06 00:45:06+00:00,kepalasersan2,libur lagi
2026-05-05 13:30:46+00:00,im_win02,langsung ke intinya aja... liburnya berapa tahun🗿
2026-05-05 17:14:40+00:00,m.nazr1,welcome krisis dunia yang baru
2026-05-05 13:36:30+00:00,airan.cinta,"kira-kira jual apa biar laku keras?
masker?
hand sanitizer?"
2026-05-05 09:55:31+00:00,dinantsu,2minggu or 2 tahun?
2026-05-05 14:21:48+00:00,themoriarty345fl,mirip film peninsula🗿
2026-05-05 03:44:59+00:00,mta_glap,Intinya gk percwya dengan namanya virus gak ada
2026-05-05 03:20:38+00:00,dilikusumah,dikonoha dijadikan proyek ...
2026-05-05 03:23:03+00:00,jipanggggg,drama elite global
2026-05-05 13:17:07+00:00,cassper_38,jangan bilang karna virus ini konoha mau kek jaman corona lgi🗿🗿🗿
2026-05-05 02:40:30+00:00,rahnnzam,behhh opo nehh iki😭😭😭
2026-05-05 15:50:19+00:00,ironducks_garage,"DITULARKAN......
berarti memang unsur kesengajaan
beda cerita klo TERTULAR"
2026-05-05 07:18:38+00:00,agilwrnt,langsung aja lockdown berapa tahun??
2026-05-05 16:43:33+00:00,mlbb2017.com,banyak amat ujian akhir season 😭😭😭
2026-05-05 11:03:55+00:00,ionion_0,Jangan suruh ke daratan dulu penumpang nya. Make sure semuanya negatif dulu
2026-05-05 03:50:50+00:00,masjipenk,dunia penuh tipu tipu
2026-05-05 15:28:31+00:00,09.marchh_,setingan.
2026-05-05 21:54:12+00:00,gaordod,Permainan lagii nihh
2026-05-05 23:01:34+00:00,_nathftt,ntah apalagi ini😌
2026-05-05 04:20:31+00:00,ezaa.1.1,yakin kena virus?
2026-05-05 15:15:54+00:00,papapoy.tw,aduh apalagi ni. temen saya belum vaksin 1 covid sampe sekarang.
2026-05-05 08:30:57+00:00,pemujayshoes,T-virus
2026-05-05 14:20:09+00:00,dwianggoro08,Laaa mulai.. mulai.. mulai jangan bilang mau reuni 2021 dengan beda produk🥵🤦‍♂️
2026-05-05 17:25:32+00:00,tsaqiff26107,resident evil 10 the hanta
2026-05-05 03:46:19+00:00,khoirul_syahrudin,asyik libur lg
2026-05-05 03:06:37+00:00,nanasutresna28,drama macam apa lagi ini 🤣
2026-05-05 03:45:41+00:00,sumosore,Langsung to the Point aja brpa Lama lgi Gua Harus nganggur
2026-05-05 13:52:15+00:00,eqvalent_sir.malexiz,barusan lg searching biskuit verkade hmm apkh ini berkaitan dgn teluk verde?
2026-05-05 03:08:06+00:00,storytimee207,langsung ke intinya aja berpa bulan/tahun ini liburnya
2026-05-05 22:24:11+00:00,cimhill,libur lagi dah ini
2026-05-05 19:27:44+00:00,supriadisiahaan29,Mulai muncul Lg bisnis baru
2026-05-05 13:47:16+00:00,gyozamilk,bisnis baru ini
2026-05-05 17:07:45+00:00,gunandi131,ayok tebak proyek siapa nih
2026-05-07 10:12:49+00:00,kaliaerendira,jagain depok😭🙏
2026-05-05 16:27:08+00:00,bearsama8,Mulai bisnis baru 😂
2026-05-06 01:42:43+00:00,axalakbr,bisnis lagi bisnis lagi
2026-05-05 14:59:03+00:00,zaadgn,"suttt, jangan bikin parno, yang udh juga udah, skipaja guys, berita kek gini yg bikin parno, kalo rame gmapang buat di manipulasi, skip aja"
2026-05-05 16:40:36+00:00,timelessteenage,hanta virus berasal dari kata han dan tu. hantu
2026-05-05 10:27:45+00:00,rvindraga,"Dulu waktu corona, aku hamil anak ke 1 dan ke 2, sekarang lagi hamil anak ke 3 eh ada lagi virus hanta 😮‍💨"
2026-05-07 18:40:29+00:00,armadillo_94,pura2 g tau aja... semakin kita takut semakin dibuat utk test PCR😂
2026-05-08 04:12:29+00:00,alvianyudip,WFH kapan? 😁
2026-05-08 00:08:57+00:00,alijaenalkabir,virus apa lagi ini
2026-05-08 01:28:00+00:00,yoriyustisio,"Hanta iyo, Hanta idak"
2026-05-09 07:17:08+00:00,samli2656,VIRUS HANTAIII
2026-05-08 02:35:33+00:00,toniton.72,konspirasi doang itu
2026-05-08 02:38:23+00:00,vnlntio,gue gamau ngaduk dalgona lagi ya.
2026-05-09 08:02:45+00:00,chandratok4,jangan bikin orang mulai frustasi lagi cukup setahun corona
2026-05-08 03:21:59+00:00,xchandrabrilink,gak percaya virus corona
2026-05-08 03:31:24+00:00,paranoidbreeder,Lohong x
2026-05-09 08:32:20+00:00,ken_ken969,ajak ajak si kalo mau bisnis
2026-05-09 09:40:13+00:00,andri5880190318,Masuk proyek lg
2026-05-08 04:23:57+00:00,kaptenciwongz,B aja
2026-05-09 09:41:54+00:00,useridn0008,saya tidak percaya virus virus begini
2026-05-09 09:49:50+00:00,.penghianat02,wah bisnis yang sangat menjanjikan nih
2026-05-08 04:51:37+00:00,alirmacf,Gak usah diberitain😂 dikonoha nanti dijadiin bisnis
2026-05-09 10:51:00+00:00,satrianihgenk26,lebayyyyyyyyy
2026-05-08 05:36:05+00:00,jawi2046,errrrrrrrrrr😁
2026-05-05 16:36:09+00:00,massunda62,bct
2026-05-05 15:27:33+00:00,ziren_00,sdh gak mempan lagi berita kayak gini 😂🤣🤣
2026-05-05 14:46:28+00:00,bakul.antam02,onookkkk maneeehhh
2026-05-05 14:45:17+00:00,loststars1010,"and here we go, again.. 🙄"
2026-05-05 03:23:04+00:00,1420war,bisnisss lagiii
2026-05-05 16:19:46+00:00,muhrais,
2026-05-20 08:40:00+00:00,stedney_lotto,berita membesar besarkan🤣🤣🤣
2026-05-05 03:16:21+00:00,agus.setiawan580,pengumuman preian lek😂
2026-05-05 04:06:01+00:00,rahnnzam,😂
2026-05-09 11:13:11+00:00,rizqifajar59,di kapal ada hewan apa
2026-05-08 05:37:46+00:00,anseluma8,film Simpsons sudah memprediksinya👁️🗿
2026-05-08 05:41:04+00:00,psychomaarr,yey liburr
2026-05-07 10:06:56+00:00,septiims20,hanavaksin bner gak ? 😁
2026-05-07 09:54:20+00:00,stev.keys,depok tolong di kondisiin ya takutnya muncul di depok dluan ni
2026-05-08 06:32:44+00:00,pevensie767,season 2? jangann ya dek ya
2026-05-08 07:53:49+00:00,rii419199399771,"bosann, gk penting beritanya"
2026-05-08 08:42:29+00:00,me_love288,"g mau nanti klu d suntik LG,g boleh keluar rumah gpp"
2026-05-08 10:15:32+00:00,man.lse.90,virus bisnis ni
2026-05-08 11:22:40+00:00,cbu_22,"to the poin aja,,mau buat kartu ap lg?"
2026-05-07 08:57:09+00:00,imamsetiawan00,"masa yg lucunya klo logikanya bener,,apa bedanya org mati di kapal sama di kamar rumah, trus tiba2 ada diagnosa kena virus itu,"
2026-05-07 09:08:17+00:00,gktauapapa18,lah ini serius w kira tipu tipu njir
2026-05-07 09:27:50+00:00,mawarwangi993,"langsung tekan lama, klik tidak tertarik"
2026-05-07 08:16:03+00:00,adiyuyun11,nganggur lagi nih
2026-05-07 07:59:10+00:00,furryasalbandung,apakah era 2019 akan kembali??
2026-05-07 07:51:30+00:00,j.ornolatuheru,"Kapan karyawan mulai di PHK lagi?🥴 , capek cari kerja we"
2026-05-07 09:40:26+00:00,bang_bara82,proyek mna lagi ini aha ayyy😅
2026-05-07 09:03:02+00:00,yusahmad445,hancaaaaa
2026-05-07 09:49:27+00:00,terserah_pujare,gausah bertele². berapa lama?
2026-05-08 11:42:13+00:00,harjancimot,kalau udah gini jgn libur lah tolong pemerintah beri keringanan
2026-05-08 11:42:24+00:00,harjancimot,udah sulit masa sulit lagi
2026-05-08 12:46:49+00:00,ramz.create,"Mas USA, Mas USA"
2026-05-07 10:09:10+00:00,fauzikamona,"tenang , belum 1 abad"
2026-05-07 10:13:19+00:00,obbow,virus hanta branta hunta hente
2026-05-07 07:50:04+00:00,andriwahyudi014,"gak usah ditanggepin, ntr malah buming"
2026-05-07 10:13:44+00:00,arleo_yl,Petugas swap: alamak duit nii
2026-05-07 10:23:15+00:00,snwfall17,"singkat saja,libur berapa tahun?"
2026-05-07 10:42:16+00:00,wbd.s_jkt,sebut aja agenda apalagi inj
2026-05-08 13:49:35+00:00,azm.899,Covid jilid brapa nih
2026-05-07 10:46:57+00:00,ngajitahsin,hanta hantu
2026-05-07 10:56:04+00:00,bukaneditod69,Singkat saja. Mau libur berapa tahun ?
2026-05-07 08:43:45+00:00,ayambakarquinza,Muak
2026-05-07 07:20:03+00:00,maskulin835,wah otw rame lg nih
2026-05-07 11:22:12+00:00,leomax_90,virus baru hanta halilintar 🗿
2026-05-07 11:24:22+00:00,mamo_chand,"penyakit apa maning ini wehhh ???
tiap taun ada antrian penyakit 🗿🗿"
2026-05-07 11:24:54+00:00,rirytantri,dirmh gw banyak tikus nii... kdg papasan malah ... 😏
2026-05-07 06:16:37+00:00,pishingsore,mau di vaksin apa lg nih.
2026-05-07 06:13:22+00:00,zainulfuad_,untung masker jaman corona masih bisa dipake
2026-05-08 14:32:19+00:00,liya_namel07,Jauh² dari Indooo😭😭
2026-05-07 07:45:55+00:00,ray65442,Ngarang2 aja nama virusnya terserahhhh kalian ya
2026-05-08 14:37:45+00:00,uzumaki.naruto9107,lah emg nya dikapal itu ada hewan bervirus ya sampe tertular virus gitu cokk
2026-05-07 11:30:11+00:00,adudu_023,mulai mulai😭
2026-05-07 11:51:37+00:00,milimaitrevel,Wacana ini sdh dibocorkan oleh bapak jend kita bapak @Dharma pongrekun
2026-05-08 15:19:19+00:00,makin245,Kirain tanjung priok 😌
2026-05-07 07:19:32+00:00,sayembara543,untung ga jadi beli kapal pesiar...😂
2026-05-07 11:53:34+00:00,echa.028,ga lama lagi bakalan ada virus fantek
2026-05-07 12:06:03+00:00,fajarlodon,"Indonesia aman, ada MBG"
2026-05-07 12:25:36+00:00,fatho34,mulai mulai
2026-05-07 12:27:46+00:00,m_ridhoagung,"Opp, pertanda"
2026-05-07 12:27:59+00:00,_mhmmdabrarr,tolong jangan S2
2026-05-07 12:28:16+00:00,gus62433,libur lagi
2026-05-07 12:33:16+00:00,yuu01_4,to the point aja liburnya berapa tahun lagi?
2026-05-06 04:13:42+00:00,putra_h4ndsom3l4d,kalian yakin tu orang meninggoy karena virus??
2026-05-06 01:30:31+00:00,__nrfni,to the point aja vaksinnya kapan disuntikan?
2026-05-06 00:30:17+00:00,senzxgod911,info yang sudah imo🗿
2026-05-05 23:57:36+00:00,kingvav_,part 2?
2026-05-05 21:38:39+00:00,aabbss22,"langsung aja vaksin nya di jual berapa?, wajib vaksin berapa kali?"
2026-05-07 12:35:52+00:00,sandalism,Ayo wes kapan prei ne
2026-05-07 12:40:17+00:00,pelauw_putih,Sdh pasti Akan ada bisnis Vaksin.....
2026-05-07 12:51:57+00:00,morganajja1,loked down pirang tahun neh ngko su
2026-05-07 13:01:04+00:00,rekatechindo,WHO mulai proyek lagi?
2026-05-07 13:22:50+00:00,pntprtm,Feeling good... 🎶
2026-05-07 13:39:48+00:00,batomarkicob,apa ini hanta
2026-05-07 03:05:55+00:00,tmmmyrm,hadeh baru juga kaya
2026-05-07 13:51:35+00:00,elpijayy,pemerintah konoha: waahh duiitt niiiiiiii 🥰🥰🥰
2026-05-07 14:02:41+00:00,trialid07,Uji coba kedua oleh Elit Global
2026-05-08 17:26:23+00:00,alletha_yohana,"alamat ""bisnis antiVirus"" lg kh..?!"
2026-05-07 14:06:53+00:00,aesthetic.in01,pengalihan berita MBG
2026-05-07 14:15:17+00:00,ikiprtmwjy.id,wahh parah kita gatau banyak nyang terpapar virus ini dikapal ini
2026-05-07 14:16:19+00:00,14syasa,bisa ngomor r ga si?
2026-05-07 17:26:56+00:00,kangherisukareview,ga ada orang Depok kan kak?
2026-05-07 03:03:09+00:00,aginugraha880,duit duit duit duit duit
2026-05-09 13:04:29+00:00,selma.agustina7,@ruditriwidodo
2026-05-07 05:54:28+00:00,fachri.maulana767,virus hantaberantah
2026-05-08 19:28:52+00:00,wijana.99,MEDIA OOH MEDIA🤣🤣🤣
2026-05-07 05:18:21+00:00,visualquotes_,Mau di jadiin bisnis apa lagi ini…
2026-05-09 00:30:56+00:00,madegal2,dimana libur 2 Minggu jadi 2 tahun akan terulang lagi
2026-05-09 00:35:02+00:00,pinkybro11,yang setuju virus hanta ini bahaya kalian wajib vaksin dluan
2026-05-09 02:44:39+00:00,dianaufal1929,tinggal bilang aja harus vaksin berapa kali??
2026-05-09 02:43:53+00:00,siboriiis07,"lah ko cepet bgt, bukannya di jadwal 2029 nih 😂"
2026-05-09 02:33:43+00:00,reyvan3865,bisni apa lagi cok😭
2026-05-09 02:26:14+00:00,ayu62278,bisnis lgi
2026-05-08 06:53:29+00:00,ampun.suhuuuu,@Muhammad Singgih
2026-05-07 08:16:24+00:00,kajiriwariwi,booster lagi gak nih?
2026-05-07 17:03:09+00:00,nana.weh,sepertinya virus ini berasal dari tae
2026-05-07 16:46:20+00:00,samsularifin25091995,jaman dulu mana ada virus.baru sekarang ini virus banyak macemnya
2026-05-07 16:33:40+00:00,anjaytiararblk,preet
2026-05-07 16:20:13+00:00,kebyong2,rrrrrrr….
2026-05-07 15:58:35+00:00,randomakun9,Lulus kiamat 2012 ✔️lulus corona 2019 ✔️apalagi ini ya allah 😭 otw pake masker 3 tahun lagi ini mh
2026-05-07 06:52:55+00:00,muhamad_aripaulia,masih percaya ..gua ga mau vaksin lagi ...
2026-05-07 15:01:45+00:00,tyanto615,hantuvirus marketing vaksin
2026-05-07 15:01:12+00:00,widiya18619,ngeri
2026-05-07 14:50:19+00:00,masido79,Segala di masukin Berita Indonesia ngapain sih .. Pejabat langsung bikin rencana ini ahh 😭 jngan sampe libur lagi aja inih
2026-05-07 14:47:44+00:00,12nis_adijaya,"jauh""dr indooo🥺🥺"
2026-05-07 14:21:02+00:00,dofter5,untung udh beli oksegen dan masker antri radiasi nuklir
2026-05-07 14:14:10+00:00,jajali_indonesia,kudu dibikinin lagu nihh @VOKALIZ_NETIZEN
2026-05-07 09:37:20+00:00,kallolo_peddi24,@GRINDRA libur pak sampai 2028
2026-05-07 07:45:48+00:00,cillhollyknigth,"udah udah ga usah debat, itu pasti buatan who itu sendiri 😹"
2026-05-07 03:34:09+00:00,andikurniajaya395,peroyek....peluang konoha lagi nih😅
2026-05-07 15:43:52+00:00,botmaster_62,"ini virus udah lama, jangan pikir bakan ada pandemi lagi 😁"
2026-05-07 15:40:06+00:00,ressxz,apakah bakal libur kerja selama 2 tahun lagi 😂
2026-05-07 15:34:14+00:00,hilyafauzan_,gausa di ramein Udeh biarin aja
2026-05-07 15:21:50+00:00,4111112sa,cieeee ad bisnis baru
2026-05-07 15:17:51+00:00,sulatandalammimpi1,Egrrrrrr
2026-05-07 07:24:20+00:00,kawamlbb._,rrrrrrr
2026-05-07 06:59:07+00:00,.trussui2_,@meia udayani
2026-05-07 06:50:09+00:00,rudigilang8,aduh nanti masuk kerja harus suntik lagi.pas sudah 3x suntik malah gak di terima kerja 😭
2026-05-07 06:42:58+00:00,user7519308509372,"ditular hewan pada manusia (X)
ditularkan manusia pada manusia (√)
ni baru bener"
2026-05-07 05:35:09+00:00,bang_all898,bikin berita maok cari duit
2026-05-07 05:25:32+00:00,kinoyy_87,mungkin ini virusx
2026-05-07 05:20:49+00:00,xblingah,Yeyyy libur
2026-05-07 05:00:04+00:00,yosephrimboastowo1,Virus bisnis nih
2026-05-07 04:47:18+00:00,kadekyasabajangan,cair cair caor
2026-05-07 04:47:59+00:00,sirian998,konoha jangan sampe tau nanti jadi ladang cuan
2026-05-07 04:27:50+00:00,mas.athenk,🗿
2026-05-07 04:12:00+00:00,satriobimo76,aku duda tapi blm keluqr bpkb nya.. ada yg bisa bantu 😭
2026-05-07 04:10:57+00:00,notyourbeys_,WHO pernah imo ga?
2026-05-07 04:05:41+00:00,tapparan3,😏
2026-05-11 22:56:22+00:00,_garreeeee,@Aris Gunawan haduh w
2026-05-07 02:51:04+00:00,dewitunjungbiru61,takutnya nanti kaya covid..menyebar kesemua
2026-05-07 02:36:21+00:00,x_gung_x,@siwilagipusing
2026-05-07 02:34:56+00:00,4sehat_5triliun,"coba cek deh jeffrey einstein file , sapa tau ni juga uda ada simulasinya kayak corona"
2026-05-07 02:32:48+00:00,teh_jau,trus klo libur ttp dapat mbg kan🤧
2026-05-07 02:32:10+00:00,playlist371,akal akal lagi
2026-05-07 02:29:19+00:00,kenzo_zain,yg dulu ak ga vaksin sama sekali. Lolos lg ga ya skrg.. semoga aja ga ada lagi covid season 2 .. sehat sehat aman aman semua ya semua.. Bismillahirrahmanirrahim..
2026-05-07 02:28:09+00:00,kasrizalputra,"akan kah terulng lagi, libur 2 minggu menjadi 2tahun 😁"
2026-05-07 02:24:23+00:00,secretlyfunny1,"ngeri kalo sampe kaya virus black death dulu yang menular dari hewan ke manusia lalu menyebar antar manusis, semoga virus tidak menyebar luas🥺"
2026-05-07 02:21:27+00:00,sup61285,uang ini
2026-05-07 02:20:26+00:00,yogyakarta55212,BELOK KANAN. TERUS KEKIRI. NAH DISITU ADA TOKO MATRIAL
2026-05-07 02:11:28+00:00,agusariawan8,baru juga kerja masak harus ngnggur lagi😮‍💨
2026-05-07 02:11:13+00:00,ternak_gajah,raurus
2026-05-07 02:02:53+00:00,sapikansss,
2026-05-07 01:57:41+00:00,young_tru,"cuma nakut"" i aja itu mah biar kita down trus ngedrop , kyk jaman covid semakin kita takut semakin lemah imun kita"
2026-05-07 01:53:51+00:00,suryawirasti,proyek baru lagi nih
2026-05-07 01:48:55+00:00,arga.mar,Gue Gak percaya kek gini lagi 🤣🤣🤣
2026-05-07 01:48:42+00:00,ikromulloh_tmnnsmbranm,tolong tanggalnya juga dicantum..
2026-05-07 01:40:55+00:00,ovetcoy,😳😳😳😳
2026-05-07 01:32:28+00:00,agustiarchuizz,Bisnis lagi dong 🤣
2026-05-07 01:30:49+00:00,superrakz41,"ko bisa yau nama virusnya hanta, siapa yang buat nama?"
2026-05-07 01:27:31+00:00,zxcy_24,nyenyenye
2026-05-07 01:18:33+00:00,badutrawa.wek00,virus matematika?🤨🗿
2026-05-07 01:17:10+00:00,andisom,ni bner gak beritanya soalnya yg sy tau atau dari berita2 kesehatan sebelah hantavirus menyebar dari manusia ke manusia tu TDK bisa...bisanya dari hewan kemanusiaan....trs yg benar yg mn..
2026-05-07 01:13:16+00:00,lahlahlahcah,hanta
2026-05-07 01:06:35+00:00,jevano67,kapan libur😁
2026-05-07 01:03:17+00:00,arif_better0,"opo neh ikiii,,corona part 2 yeee iki"
2026-05-07 01:01:44+00:00,fulay2011,pemerintahan apa ini kok kejam
2026-05-05 12:00:16+00:00,lintan967,buatan siapa lagi nich
2026-05-05 03:32:46+00:00,ilhamrmx_,bisnis baru ni
2026-05-05 03:25:18+00:00,shoftyle,apalagi iniii🗿
2026-05-05 03:32:54+00:00,powerindex.id,"njir hari sabtu gw pasing sama kapal itu, sempet kontek crew nya juga"
2026-05-05 03:33:14+00:00,egyaajjjaaaa,bukan virus mabuk laut itu
2026-05-05 03:33:35+00:00,reedbull66,Bisnis besarr lagi nihhh
2026-05-05 10:56:48+00:00,rey.fit1,Project umbrella coorporate
2026-05-05 03:04:52+00:00,serizawa_94_66,RENCANA DRAMA APA LAGI ????
2026-05-05 03:25:14+00:00,pakdhenevy,opo maneh 😳
2026-05-05 03:22:18+00:00,sandimawon,ada event lagi kah setelah covid? wah libur lagi ini mah🤣
2026-05-05 14:15:21+00:00,wiensjuly__,Gw Janda .. wee...
2026-05-05 23:00:05+00:00,itshippoid,bio weapon is real? yuk umbrella otw
2026-05-05 23:00:33+00:00,trueeekk,jagan terlalu di ini'in
2026-05-06 01:41:53+00:00,gabutskiuhm,jangan suruh dok di manapun
2026-05-05 22:59:40+00:00,mimokjemblem,kondisi didalam kapal pesiar
2026-05-05 23:10:16+00:00,akuytv,mulai dah
2026-05-05 23:15:06+00:00,userygae,"serok masker gaes, nanti langka mahal 🗿"
2026-05-05 23:14:55+00:00,wicaakss,JANGAN DI SHARE² YAA BIAR GA RAME TERUS TENGGELAM BERITA GINI
2026-05-05 23:12:45+00:00,rizkansumardi01,"Kapan Ini kita vaksin lagi,,"
2026-05-06 01:34:05+00:00,ekasirhan,viirs lagi virus lagi
2026-05-05 23:10:38+00:00,dandelions465,kapan nih mulai who?
2026-05-05 23:10:37+00:00,logikanya_,ternyata sudah tidak bisa Scersot jir
2026-05-06 01:34:27+00:00,sanzart_04,jgn sampe ni berita yg nanti jadi awal bencana atau nyebar nya hoaks kaya covid
2026-05-06 01:34:31+00:00,ninja.hitam565,BODO AMAT!!!
2026-05-05 23:10:36+00:00,galangaexz,tinggal lin jejak dulu
2026-05-05 23:02:57+00:00,remajaislami1,apalagiiiii ini
2026-05-05 12:35:24+00:00,brywllm,kapan libur 2 minggu nya
2026-05-05 10:56:31+00:00,roger_6968,Gua cuman takut ga punya duit 😂
2026-05-05 09:05:10+00:00,arteel18,episode apa lagi ini
2026-05-05 21:41:46+00:00,kikiwaldi234,apa lagi sih
2026-05-06 02:08:16+00:00,desti.as,langsung aja mo daring brpa taun lgi kita?
2026-05-06 02:04:10+00:00,px19.3,virus akhir bulan lebih ngeri min
2026-05-05 21:42:16+00:00,owhbryan,agenda apalgi ini
2026-05-05 22:21:51+00:00,al_fun,grrrrrr
2026-05-06 02:03:25+00:00,bimabintangsakti,jadi zombie gak
2026-05-06 02:01:04+00:00,mas.ar_45,2019 part 2
2026-05-05 21:49:36+00:00,alsanyahh,@fitri✧･ﾟ: *✧･ﾟ:* 😐
2026-05-05 21:51:08+00:00,ndaa.ucuu,APA PULA
2026-05-05 21:55:32+00:00,sintuyfx,singkat ajah mau di suntik brapa versi ini
2026-05-05 21:55:44+00:00,dhikitamsarramadhan,cara trump agar bisa keluar dari perang😂😂
2026-05-06 02:00:59+00:00,yamagusion,sakit angin duduk itu
2026-05-06 02:00:10+00:00,2167501628,Lockdown jilid 2 kah?
2026-05-05 22:54:45+00:00,no_nameeeee275,yey ada zombie 😭
2026-05-05 22:43:45+00:00,ifian98,wow
2026-05-05 22:46:38+00:00,yellow4411,pas korona gw aja kaga vaksin sama sekali ini mau ada lagi 🤔🤔🤔
2026-05-05 22:47:51+00:00,cep5436,hoax hoax penyiarnya palsu soalnya R nya gak jelas
2026-05-05 22:48:43+00:00,ihsan.aprilianto,Baru juga nyampe jepang 🗿
2026-05-05 22:51:05+00:00,kohengg01,libur kapan🗿
2026-05-05 22:52:05+00:00,ranmoris,uhhh jangan merapat dlu lah....
2026-05-06 01:38:34+00:00,echa.rjd,wes mulaiiii....
2026-05-05 22:54:06+00:00,abayyweh12,kek di film film ajaa
2026-05-05 22:42:24+00:00,kakamaulana_azka,"Misal Tdk ada internet, maka virus juga tdk bakal menyebar.😂"
2026-05-05 22:54:46+00:00,corps1705,virus dari kapal mah udh sering terjadi
2026-05-05 22:56:03+00:00,kabartiktok0,Liputan 6 mirip media CNN.... bulshit
2026-05-06 01:38:25+00:00,mommy.6j,ya Allah.. buruan deh yg mau umrah berangkat skrng.. ntr lockdown lagi🥺🥺🥺yg mau umrah nyaman tp bayar suka2 DM aku ya bunn..
2026-05-06 01:38:21+00:00,djepafawwas,bahan pengalihan isu
2026-05-05 22:58:25+00:00,superdat02,"langsung aja, Libur berapa Tahun ni?"
2026-05-06 01:38:18+00:00,temankamujalan,kayak di film
2026-05-07 00:54:46+00:00,sfiiiiiiiiii,"Gausah Di Viralin/Siarin, Di Jamin Ngga Nyebar Kok"
2026-05-07 00:54:10+00:00,muzofarmuhamad,r
2026-05-07 00:51:08+00:00,gilang_jimbe,bikin virus vaksin laku obat laku
2026-05-07 00:45:26+00:00,neopharaonix2,Di PHK lagi 😢
2026-05-07 00:43:54+00:00,elangmerah70,Ai
2026-05-07 00:40:55+00:00,teuku.januar.se,berita tidak berbobot merasakan masyarakat..
2026-05-07 00:07:38+00:00,papatayyo11,habis covid terbitlah hanta
2026-05-07 00:05:58+00:00,tania.imut41,bisnis bisnis😭
2026-05-07 00:05:42+00:00,igedehendra8,Virus unta 😂
2026-05-07 00:08:06+00:00,deny3mark,gosah lanjut s2 anjir
2026-05-06 23:56:57+00:00,danishegiaraga,"gua juga lagi kena virus
tpi bukan virus HANTA
TAPI HARTA"
2026-05-06 23:48:31+00:00,rickyjes1,"ada"" aj ampun ah.. permainan lg aj ini mah"
2026-05-06 23:47:52+00:00,senoajew,"biasa liburan mau tiba,konoha itu apa yang gak dibikin bisnis"
2026-05-06 23:45:41+00:00,agskotak,stopp sebarinn berita kayak gini
2026-05-06 23:45:22+00:00,mas30941,cuma masuk angin aja. dibilang viruss.
2026-05-06 23:44:22+00:00,adipoetra0,pengalihan isu
2026-05-06 23:42:39+00:00,muhammadramadhan2586,season berp ini ?
2026-05-06 23:38:04+00:00,kito_1990,bisnis penyakit lagi nih kemaren issue minyak
2026-05-06 23:36:28+00:00,el_marez08,dapet project baru kah??
2026-05-06 23:32:34+00:00,user1857026214870,jangan percaya.. ujung ujungnya vaksin lagi...
2026-05-06 23:30:55+00:00,ramdan2097,langsung aja mau libur berapa tahun ?
2026-05-06 23:26:56+00:00,kadalterbang2024,covid 19
2026-05-06 23:27:32+00:00,fauzanpratama76,gak usah basa basi berapa taun?
2026-05-06 23:24:13+00:00,engge998,bisnis apa lagi ni WHO
2026-05-06 23:47:50+00:00,wwwwbbbbb_b,"apaan lg co, gw bru terkapar tngn kri retk"
2026-05-06 23:12:24+00:00,dakwahkecil6,langsung saja berapa bulan?🗿
2026-05-06 23:09:19+00:00,abiisan1,halahh Bade sabaraha taun?pere iraha?
2026-05-06 23:05:49+00:00,putra.rinjani1,virus eek
2026-05-06 23:04:41+00:00,akutasya33,mulai Mulai dasar Konoha
2026-05-05 06:18:53+00:00,silpireally,Ga percaya
2026-05-05 03:46:45+00:00,lifelife224,kira² berapa tahun ini
2026-05-05 14:39:38+00:00,a.k.gimeng,"cicilanku belum selesai oi,jangan WFH"
2026-05-06 22:55:31+00:00,ii44mm__,lagu lama😂
2026-05-06 22:55:03+00:00,bang_penyol25,trus mau di vaksin ap lg ni
2026-05-06 22:46:25+00:00,jakkkkk240,errrrrr
2026-05-06 22:36:44+00:00,edi1984,kpn ada vaksin lagi😁
2026-05-06 22:33:54+00:00,m.akbar10_,"bisnis apa lagi ini,apa yg akan di tutup tutupi😹"
2026-05-06 22:29:54+00:00,sannn.sannn030229,"libur 2minggu
jadi 2tahun 🗿"
2026-05-06 22:26:16+00:00,nodanaaa13,Libur 14hari
2026-05-06 22:26:35+00:00,berkah_kuitan_motor,hanta dalam bahasa banjar
2026-05-06 22:17:35+00:00,dua_belas_lutfi,singkat saja mau dibikin berapa tahun?
2026-05-06 22:15:52+00:00,agungkangojek,Virus hanzo ada juga
2026-05-06 22:12:45+00:00,oraetlabora606,ini HOAK
2026-05-06 22:12:34+00:00,saputraaaaaaaaa_,drama virus lgi🗿
2026-05-06 22:03:18+00:00,cahyarisana,Mauu Usaha lagi?
2026-05-06 22:01:50+00:00,agus_pras_,akankah menjadi part 2
2026-05-06 21:51:39+00:00,fajarmuhammad_2,"knp kd pirus masin ja hanta segala ngalang"""
2026-05-06 21:46:47+00:00,dewata_screenprinting,untung presidenya pak prabowo skrng🤭🤭
2026-05-06 21:41:35+00:00,den.ayu.maharani,"yg memberi nm virus hanta itu siapaaaa?????? 😡😡😡bnbahi gaduh dunia aja , hidup udah begini pelik ditambah lgi viral virus haedeuhhhh 😇😇"
2026-05-06 21:05:28+00:00,elbindo91,gue tau nya virus slank doang
2026-05-06 20:56:02+00:00,levi.akarman2,langsung aja
2026-05-06 20:43:33+00:00,kamekameha085,R
2026-05-06 20:33:45+00:00,rudyyyy0y0,mulai mulai
2026-05-06 20:30:33+00:00,dongguand,r
2026-05-06 20:22:53+00:00,www.kilauintanfashion,"virus apalagi ini,"
2026-05-06 20:11:45+00:00,zoghalatue,"Gebrakan apa lg any lah,gua udh lewatin brpa kali kengerian dunia ini, dari kiamat 2012 🤣"
2026-05-06 20:10:54+00:00,kriyuk43,utang gua setahun lagi plis jangan ada pandemi dulu😭😭
2026-05-06 19:48:44+00:00,kawakawa.123.com,kagak percaya kagak percaya .ngibul ngibul ngibul
2026-05-06 19:46:30+00:00,gussteven319,hayo kapan buruan umumin libur masal
2026-05-06 19:43:45+00:00,baehaqi_second,cair nih
2026-05-06 19:32:41+00:00,mileaftr,bodoamat gapeduli
2026-05-05 13:31:29+00:00,yasmin_purnomo,suami akuuu kerja di kapal pesiar 😭
2026-05-06 19:30:13+00:00,1qb4lll_12,langsung aja 2 minggu dulu apa langsung 2 tahun?
2026-05-06 19:13:46+00:00,yourvvg,ohang
2026-05-06 19:08:07+00:00,ang_16.06,bakalan bisnis masker sama VCR lagi ini?
2026-05-06 19:05:55+00:00,hcker44,terserah vaksin lagi in
2026-05-06 19:01:37+00:00,rifqy_amin03,kasi mbg aja sembuh itu
2026-05-06 19:01:12+00:00,rafa77851,who dobollll
2026-05-06 18:53:52+00:00,zennaja177,bakal libur lagi nihh??
2026-05-06 18:52:48+00:00,jackrat28,covid season2 kah
2026-05-06 18:52:23+00:00,hendrygp95,CORONA 😂😂😂😂😂
2026-05-06 23:51:52+00:00,uservfe6dio1ko,udah mulai lagi cari duit 🤣🤣🤣
2026-05-06 18:41:04+00:00,ipap_ng,ga usah basa basi langsung saja brp tahun?
2026-05-06 18:40:53+00:00,masri.78,cair lg anggaran nya nih wak
2026-05-06 18:37:13+00:00,ajosjoes,pakai masker lagi gak?
2026-05-06 18:31:56+00:00,frenky_keccenkz,Mau mati kelaparan apa mati karena virus?
2026-05-06 18:19:44+00:00,bamaguys,"masih jauh,, belum masuk indo"
2026-05-06 18:19:43+00:00,fakhrulroziitstru,kok cuma 3 . berarti ga mematikan
2026-05-06 18:13:10+00:00,adipatidinding.hom,skip ae
2026-05-06 18:11:25+00:00,zuaasprila02,"Katanya gejalanya sakit perut, kalo sakit mules kecepirit emang gitu sakitnya muter"" melilit menggeletar sampek keluar keringat jagung 😂. Mungkin mereka bisa aja sakit perut mual masuk angin jd mules"" perutnya sampek gk tahan. Kn di laut kn yaa, bisa jd itu masuk angin, pake Koyo salonpas enak loh atau entrostop lah."
2026-05-06 18:04:37+00:00,himamura2,crobok Brati kapal nya
2026-05-06 18:01:56+00:00,sugenk_ndangak,udah lah jgn dievakuasi.. biar gk nyebar kedarat.
2026-05-06 17:53:26+00:00,senyap816,to the point aja mau brp tahun ini proyek?
2026-05-06 17:41:46+00:00,senyap816,to the point aja mau brp tahun ini?
2026-05-06 17:41:34+00:00,die.210402,virus hanta hantai
2026-05-06 17:35:24+00:00,naufalamin76,🗿🗿🗿🗿virusss opo manehhhhhhhhhhhhh
2026-05-06 00:46:00+00:00,edofebriansyah6,WHO masih dipercaya? gua lebih percaya arsenal juara UCL 😂😂😂
2026-05-06 00:45:28+00:00,ahmdnr__,entah apa yg akan mereka tutupi
2026-05-06 00:16:37+00:00,cahmayu.com,"wah bakal ada vaksin lagi dong
yg bikin vaksin kaya mendadak lagi dong"
2026-05-06 00:22:54+00:00,oh.waswes,RRRRRRRR
2026-05-06 00:22:52+00:00,slackchord69,"video ini kocak. isi info beritanya virus hanta, namun diperlihatkan hanya kapal laut saja 😂😂😂"
2026-05-06 00:13:49+00:00,rikwesan.lagu.asik,ada lagi ifen nya 🗿
2026-05-06 00:14:19+00:00,ringgaaja_,"pemerintah ""bisa dicuankan lagi""🗿"
2026-05-06 00:14:45+00:00,ibubella12,waah apalagi ini
2026-05-06 00:22:27+00:00,shotgun.46,hmm mulai lagi neh
2026-05-06 00:22:21+00:00,dexter.flop.id,sepertinya akan tayang drama baru lagi ni
2026-05-06 00:21:58+00:00,rhizky4,cape bnget anjirr
2026-05-06 00:21:53+00:00,masproll2,intinya aja kapan libur panjang
2026-05-06 00:24:42+00:00,littlepeaceof_,HANTA (hanya setingan semata)
2026-05-06 00:16:42+00:00,secretlove_000,event apalagi ini wee
2026-05-06 00:16:52+00:00,widi0_0z,Ngak percaya pretty
2026-05-06 00:21:49+00:00,kedek_gimhahahaa,ini siapa lagi yg buat
2026-05-06 00:17:44+00:00,faddlynbatee8,"Itu bukan virus HANTA !!
Tapi virus HARTA !!"
2026-05-06 00:21:46+00:00,bendotttzy,bersiaplah
2026-05-06 00:20:15+00:00,nathanael99991,otw download epep
2026-05-06 00:18:22+00:00,tiramissyou730,Langsung saja kita bakal libur brapa abad
2026-05-06 00:19:46+00:00,edyariawan670,apa aja selagi bukan demam🗿
2026-05-06 00:18:46+00:00,ailyn_kant,agenda apalagi ini
2026-05-06 00:29:23+00:00,zukiiam,dan terjadi lagi.... kisah lama terulang lagi...
2026-05-06 00:32:45+00:00,halisahbuah,singkat saja libur nya berapa tahun 🤗
2026-05-06 00:05:04+00:00,daffaalhab,kapal nya suruh isolasi di pulau terpencil
2026-05-06 00:07:41+00:00,rynkrnawnnnnnn,@𝙏𝙍𝙎𝙏𝙉!! @gok vaksin sek🙏
2026-05-06 00:32:03+00:00,warungserbaada22,virusnya sebelum di tularkan di kasih nama dulu
2026-05-06 00:31:05+00:00,mccalatt3,"jangan dulu, belum juga nikah🫠"
2026-05-06 00:08:09+00:00,anong.motion,wahhh... cuan lagi ini..😂😂😂
2026-05-06 00:10:01+00:00,obba50,mulaii
2026-05-07 03:34:41+00:00,erwinfiiiiirdaus,Hemmm
2026-05-07 03:25:45+00:00,ivondaa200,vaksinya dua kali lagi?
2026-05-07 03:23:58+00:00,fifitksr,"dlu awal ceritanya jg gitu, please lah jgn lagi😭"
2026-05-07 03:17:58+00:00,projek_crypto_,mitos😂😂
2026-05-06 17:19:05+00:00,pegelbendino,idup sekali gabisa gitu ngerasain tenang etdah bushettttttttttzzz
2026-05-06 17:18:52+00:00,risqulakbar6,gelokkk
2026-05-06 17:16:06+00:00,indraril89,pandemic jilid II
2026-05-06 17:15:25+00:00,mr.xtg,"Hadeh...., proyek gelap lagi yg akan meresahkan banyak orang😭"
2026-05-06 17:11:39+00:00,cobraa_83,langsung aja sebut mau brapa hari libur nya udah capek kerja ini🥹
2026-05-06 17:11:35+00:00,xnxx19com,apa hubungan dengan orng indo
2026-05-06 17:05:16+00:00,nanangreus,@janji gak prot prot pie iki
2026-05-06 17:07:49+00:00,yulissetiyono86,errrrrrr
2026-05-06 17:00:48+00:00,fashionstudio_ai,abis ini jualan vaksin & lock down juga gaa ??
2026-05-06 16:53:31+00:00,lindacanstik18,part 2 tapi kenangannya gabisa terulang
2026-05-06 16:51:59+00:00,honeyyey_,Knflik kepentingan jir
2026-05-06 16:42:05+00:00,r_shandy09,mulaii mulaiii_-
2026-05-06 16:37:31+00:00,lala.eyla,mulai lagi🥱
2026-05-06 16:32:41+00:00,sebayz_rill,virus harta bukan virus hanta🥰
2026-05-06 16:33:02+00:00,tekiko_56,rRRRRRRRRRRRRRRRRRRR
2026-05-06 16:28:06+00:00,biddsinnn,"langsung saja, kapan lockdown"
2026-05-06 16:27:52+00:00,anonim_xzey,SAK KAREPMU.
2026-05-06 16:31:00+00:00,mufidmzd,hanta tem.....
2026-05-06 16:24:54+00:00,rizkityan28,ontran² OPO maneh Iki.
2026-05-06 16:27:34+00:00,moxysky4,mulai
2026-05-06 16:21:30+00:00,rifkynanda96,etel
2026-05-06 16:19:35+00:00,doni_triat,mbok Ojo seng celat seng ngomong kwi
2026-05-06 16:18:15+00:00,coconut_seger,Lokdown part 2 Ga nii
2026-05-06 16:17:16+00:00,ranskuy_2gd,harusnya tambahin huruf M biar percaya kami
2026-05-06 16:16:09+00:00,aattttt00,corona v2?
2026-05-06 16:12:26+00:00,2oo8798,anjir belum juga nikah Uda datang aj virus baru
2026-05-06 16:12:25+00:00,setiyo_01,et dahh sekanario apa lagi ini
2026-05-06 16:10:36+00:00,arieabw,Duh jadi keinget zombie
2026-05-06 16:08:56+00:00,gw22886,BISNIS BISNIS BISNIS
2026-05-07 03:06:41+00:00,driverr_mudaaa,part2
2026-05-06 16:04:49+00:00,nom_noman_mumet,gak percoyo 🤣
2026-05-06 15:59:15+00:00,man_15004,konspirasi apa lagi ini
2026-05-06 15:58:35+00:00,andikanasuta,salah satu agenda untuk vaksinasi.
2026-05-06 15:58:10+00:00,ihyaul_14,RRRRRRRRRRRRRRRR😭🙏
2026-05-06 15:57:51+00:00,zha.shu28,dracin apa lagi lah ini....🤦🤦🤦kyk nya dracin tentang CEO virus hanta ni 😏😏😏
2026-05-06 15:56:55+00:00,roisr3s6,Memanipulasi
2026-05-06 15:58:54+00:00,muhdho408,labedeh Bein ya Allah
2026-05-06 15:55:13+00:00,sugeng6048,ndak usah di bawa ke darat.
2026-05-06 15:50:11+00:00,deweis.aja,ud pernah kami ga takut lg🤣
2026-05-06 15:48:26+00:00,andika17188,yok libur yok
2026-05-06 15:47:57+00:00,im59994,rrrrrrrrrrrrrrrrrrr
2026-05-06 15:46:47+00:00,nur_man44,"kami para gen z menyebutnya bukan virus,tapi itu sudah takdir"
2026-05-06 15:45:29+00:00,.akubiasaaja,piross opo engkas iki🙃
2026-05-06 15:45:19+00:00,banghary93,kita disini mah ud pintar
2026-05-06 15:44:03+00:00,bang.etoh24,lockdown brapa bulan nih..?
2026-05-06 15:41:46+00:00,ardianata_27,jemb
2026-05-06 15:41:46+00:00,faitxzzz,apakah season 2?
2026-05-06 15:39:41+00:00,uthaamenn,SAHAM MEDICAL NAIK INI
2026-05-06 15:39:37+00:00,aansha__77,bu susi mana bu susi😅
2026-05-06 15:38:28+00:00,doni.febby.060621,akh ngapain mikirin virus mikiran makan besok dg bayar utang aja pusing😞
2026-05-06 15:37:20+00:00,dpn24angrh,R nya Rrrrrrrr bangertt
2026-05-06 15:27:16+00:00,emola_official,jualan apa lagi hayo
2026-05-06 15:26:57+00:00,ariella.shan,Udah deh
2026-05-06 15:29:51+00:00,sentralvanguard,event lagi
2026-05-06 15:28:35+00:00,joko_bltg,season 2 kah ?
2026-05-06 15:23:25+00:00,teteh_36,Wfh jilid dua
2026-05-06 15:22:19+00:00,primadnstr,yakin kaga ada yang percaya udah udahh🤣
2026-05-06 15:22:19+00:00,setiaperbawa,virus nipah gak jadi e... ganti virus ini
2026-05-06 15:17:43+00:00,narutoni01,"boong ini, 🤣
isu"" biar ada anggaran baru"
2026-05-06 15:15:22+00:00,perfectworld613,rrrr nya berrkharrrrattt
2026-05-06 15:14:10+00:00,mommy.azurazz,Mending jangan di besar2kan vidio bgini kebiasaan 🤣
2026-05-06 15:13:39+00:00,mieee430,jirrr marketing baru
2026-05-06 15:12:12+00:00,siamappp,waduh @notrejaaa
2026-05-06 15:10:44+00:00,mbak_nety,alumni
2026-05-06 15:10:17+00:00,kristoni9,mulai .....
2026-05-06 15:03:27+00:00,lanange_jagat98,kpn di lockdown ini ?
2026-05-06 15:03:26+00:00,hajicristian_,@gerindra
2026-05-06 15:01:03+00:00,_v_4_n_2_1_r_0_,rrrrrrrrrrrr
2026-05-06 14:59:21+00:00,user2964252555429,berita T411111111111111111111
2026-05-06 14:58:50+00:00,jumaidiedi7,Ini ada di Eipstein files nggak?
2026-05-06 14:59:04+00:00,nkikondologit,gek virus opo meneh iki jan 😑
2026-05-06 14:52:30+00:00,zuanx991,"hapuss hapusss...
knapa kayak gini di beritak biar apa
biar jadi menyebar gitu kah"
2026-05-06 14:51:02+00:00,hafizal_muhmmd,Persiapan buy Btc bakal koreksi dalem 😂
2026-05-06 14:50:44+00:00,javajavet,hoax😂propraganda
2026-05-06 14:49:55+00:00,hanief212,ulah Trump cari duit😭
2026-05-06 14:49:50+00:00,dino28july,oh
2026-05-06 14:46:46+00:00,aditaditya5707,percoyo gak ?
2026-05-06 14:46:18+00:00,wak_you,gak nguros
2026-05-06 14:45:22+00:00,paaiinn__,season 2 kah?
2026-05-06 14:44:26+00:00,evan_sjy,mau virus apapun gua ga percaya
2026-05-06 14:43:52+00:00,wong_deso319,Ppkm mulai kapan ?
2026-05-06 14:41:36+00:00,xyryndo,yeee mbg bakal liburr panjang🗿
2026-05-06 14:41:07+00:00,arkaa_moor_,kyak fim the last ship njr😳
2026-05-06 14:30:14+00:00,bogorraya_residential,😁 libur panjang lagi kita wfh wfh
2026-05-06 14:26:14+00:00,babayyyooo,mulai lagi
2026-05-06 14:25:35+00:00,hari_angkasa,virus cinta x
2026-05-06 14:22:46+00:00,eriiii012,Akal”an siapa lagi nih
2026-05-06 14:16:12+00:00,arrazi250,hantu apa hanta🤣
2026-05-06 14:12:42+00:00,aung.chan4080,♥️♥️🙏🌹
2026-05-06 03:26:28+00:00,trstn_ki,rung sido lekas we kok
2026-05-06 18:31:46+00:00,notrejaaa,wkwkk kapal kecik imut tuu
2026-05-05 16:21:18+00:00,rmd.afrian,"Virus Hanta adalah penyakit yang ditularkan secara spesifik oleh jenis tikus tertentu (seperti tikus got, rumah, dan sawah) melalui kontak atau hirupan udara yang terkontaminasi kotoran dan urine mereka. Meski tikus pembawanya tidak terlihat sakit, virus ini dapat menyebabkan gangguan serius pada paru-paru atau ginjal manusia dengan gejala awal menyerupai flu berat. Karena belum ada obat khusus, langkah pencegahan paling efektif adalah menjaga kebersihan lingkungan serta membasmi sarang tikus guna memutus rantai penularan di area tempat tinggal"
2026-05-06 14:11:04+00:00,userrr11260000_,Hah🤯😳😱 gawatttty
2026-05-06 14:09:12+00:00,abdibree_,rrrrrrrrrrrrr
2026-05-06 14:08:09+00:00,adhie_258,terus gue percaya
2026-05-06 14:07:31+00:00,cinta.n35,jangn sampai kita pakai masker lagi cuy.karna ga baik buat kesehatan kita kalau cara bernafas kita harus ditutupi walaupun terdapat lubang udara
2026-05-06 14:07:03+00:00,yanzkun24,mulai lagi dahh
2026-05-06 14:04:57+00:00,aidiemoza,fanta
2026-05-06 14:04:37+00:00,sitirohmawati24,😳
2026-05-06 14:01:46+00:00,mutia.nya.banda,bilang saja langsung ke inti nya harus pakai masker harus suntik vaksin lagi
2026-05-06 13:59:10+00:00,annasiagiann83,semoga virus gak masuk Indonesia 🙏
2026-05-06 13:56:48+00:00,babysanta30,Busettt dah ini ape lagi siii ah elahhh😏😏
2026-05-06 13:53:19+00:00,jaelrcm,bodoamat
2026-05-06 13:53:21+00:00,anak.ogi07,di rumah aja
2026-05-06 13:53:05+00:00,_rreendyy,part 2 nih
2026-05-06 13:52:29+00:00,layutsaadhi,"aku sebagai garda terdepan covid waktu itu karena tiba satu hari lagi pkl di rs langsung banyak korban berjatuhan gara’ covid. Agak sedih banget kalo kalian bilang ini bisnis😣💔 kalo ada berita tu kita waspada dan jaga lingkungan lebih bersih lagi, be safety semuanya❤️‍🩹 semoga gaa sampe di indonesia"
2026-05-06 13:51:49+00:00,ali.ganteng2026,wah bahaya nihh
2026-05-06 13:49:46+00:00,nonocremi1,virus hantaeh
2026-05-06 13:49:17+00:00,giniemang,Lama lama beneran ada virus zombie takut banget
2026-05-06 13:47:52+00:00,gepengslebew_,"Kira""aku masih kebal ga ya wkwk"
2026-05-06 13:42:47+00:00,teraskusushi,bodo amat
2026-05-06 13:42:13+00:00,muhamadhamzah490,Besok daring?
2026-05-06 13:41:12+00:00,arsip.belanja,guys kartu vaksin kalian masih ada kan 😭
2026-05-06 13:41:24+00:00,windahhkucing,virus zombie kira kira bisa jadi nyata gak ya?
2026-05-06 13:39:36+00:00,4na0gie,"saya yakin itu bukan kena virus hanta,tapi kemungkinan kena virus dihantam hewan🤣"
2026-05-06 13:37:38+00:00,yonesksumare,"yes, lebur lagi"
2026-05-06 02:23:55+00:00,k4li643,tikus kantor lbih bahaya
2026-05-06 03:16:10+00:00,ariputra855,karangan apalagi nih
2026-05-06 00:10:07+00:00,frizca0,gadak itu.gosah percaya 😁
2026-05-06 00:12:32+00:00,dhisa_axelian,Pangan!
2026-05-06 00:53:38+00:00,shadowlotus0,"baru juga naik praktek di kapal masa mau ada karantina lagi .?
btw berapa tahun min info 😁"
2026-05-06 00:12:38+00:00,yurisalimm,kok cedal
2026-05-06 00:28:56+00:00,sh1m_oboy,kapan WFH?
2026-05-06 00:27:05+00:00,jayy_2112_,"gabakal bisa tembus ke indo, soalnya di halamg ompreng mbg"
2026-05-06 00:12:47+00:00,yukari_aka,Mulai mulai
2026-05-06 00:26:55+00:00,n_rilgameplay,Gelisa sekali denger suara penyiar beritanya
2026-05-06 00:25:51+00:00,royharum531,Tahun depan dululah…aku mau ber istri dulu tahun ini😭😭 @A @mykos @n̈anœ🇧🇷 @MAGUR @Dellryo @Raynertato
2026-05-06 00:12:50+00:00,kumoblast,wah T-virus
2026-05-06 00:12:55+00:00,lalalalyeyeyeye,Harus d vaksin berapa kali nanti???
2026-05-06 01:11:43+00:00,shendyrenn,
2026-05-05 23:26:50+00:00,yanzzuofficial23,S2 kah?
2026-05-06 01:20:24+00:00,bobok.siang8,virtus apa lagi ini
2026-05-06 01:17:55+00:00,komengbgr1,Prabowo bakal kaya mendadak kalo lock down 😄
2026-05-05 23:27:11+00:00,jepri_321,menunggu libur nyah
2026-05-06 01:16:43+00:00,marimassachet,Basi
2026-05-06 01:16:30+00:00,abd_muh_radden,part 2 lockdown
2026-05-06 01:14:40+00:00,jiwan.id.099,udh GK goyah dengan prank ini
2026-05-06 01:11:47+00:00,tikus_kantor_30,"dah lngsung ke intinya ja, udh muak"
2026-05-05 23:28:24+00:00,laurenharianja,luhut ?
2026-05-05 23:26:19+00:00,whisky.7777,"ayo event apa lagi ini belom siap""gua"
2026-05-05 23:29:05+00:00,nitaraomy,"kok d kpl itu tau nm nya virus hanta , apa ada lab nya dstu keu ?"
2026-05-05 23:29:21+00:00,aden63782,jgn projek lagi kalian
2026-05-05 23:29:49+00:00,mr_hengly,Jiwa Leon S.kenneddy gua Meronta ronta
2026-05-05 23:30:02+00:00,panggil_aku_kakvin,ga mau vaksin lagi 😭😭
2026-05-06 16:07:57+00:00,dhodho_3,alah bisnis apa lagi kocak kocak
2026-05-06 16:07:55+00:00,siapaaja..jawa,gw udah muak
2026-05-06 16:01:56+00:00,dbewook,"ngk usah basa basi
Lansung ke intinya aja...berapa tahun??
berapa kali vaksin??"
2026-05-06 16:01:35+00:00,ceboll_88,mulaiii mulaaaaaiii~~
2026-05-06 16:00:47+00:00,syhdd.a_,Akankah Season 2 rilis🗿
2026-05-06 13:34:46+00:00,chan__902,virus lagi
2026-05-06 13:34:24+00:00,cudit73,virus hanta yang nyebarin hantu
2026-05-06 13:30:05+00:00,ry03407,ROORRRRRR R R R R R BRO RRRRR
2026-05-06 13:29:13+00:00,sf1398,mang eakkk eakkk eakkkk
2026-05-06 13:28:48+00:00,bekkaru76,bisnis vaksin
2026-05-06 13:28:11+00:00,waduke.njeblug,gak bosen skema virus?
2026-05-06 13:26:59+00:00,muhammadnur.28,"jngan diviralin nanti jadi dimanfaatin negara untuk meraup pundi"" rupiah"
2026-05-06 13:25:49+00:00,b_pascal27,
2026-05-06 13:25:43+00:00,10_libra2,🥰🥰🥰
2026-05-06 13:25:31+00:00,ramadhan.thekops,varian rasa bengkoang ya guys
2026-05-06 13:25:11+00:00,djumennaxavy6,hallaaah...
2026-05-06 13:24:26+00:00,vibe_shop097,kentang
2026-05-06 13:22:32+00:00,vex_aisyah123,libur 1 tahun
2026-05-06 13:22:32+00:00,tuts22_,Luwehhhhhhhhh
2026-05-06 13:26:20+00:00,erlangga2378,kayanya kena angin duduk itu..😌
2026-05-06 13:21:54+00:00,user676793467,baru aja lewat
2026-05-06 13:19:53+00:00,felani77,pegadaian gw belum.lunas anjgg😭
2026-05-06 13:19:15+00:00,harryayunda94,ladang uang pemerintah
2026-05-06 13:18:39+00:00,harisunsolved,mungkin kan ini Episode selanjutnya...
2026-05-06 13:18:37+00:00,yaannn2820,cair lagi nih bossss 😂 udh langsung aja lock down tgl brpa?
2026-05-06 13:15:43+00:00,r_mes07,halahh
2026-05-06 13:13:44+00:00,yoan.ardika,senjata biologis apa lagi yg diturunin di dunia ini..
2026-05-06 13:12:31+00:00,aku_max,Gua udah kerja... kalo dulu waktu sekolah ga. papa gas aja guamah... sekarang mah jangan pandemi tar gua makan batu😂
2026-05-06 13:12:00+00:00,rikiadriansyah86,"Mentang mentang laku bisnis tahun lalu,ehh sekarang malah mau lanjut part 2"
2026-05-06 13:09:52+00:00,audytiwa27,cari tau orang itu dari mn kenapa dia di kapal apakah dia ada kaitannya dengan dokter atau sering kunjungi dokter pokok nya cari tau dulu.. karena ujung ujungnya proyek obat
2026-05-06 13:07:36+00:00,paisalakbaradityasenja0,"langsung saja, mau libur berapa bulan??"
2026-05-06 13:06:47+00:00,lucid_dream_26,mulai.....😑
2026-05-06 13:04:52+00:00,ar11_102,"""ERk"""
2026-05-06 13:03:37+00:00,jambu.burung5,sepertinya Bisnis Lagi rupanya
2026-05-06 13:02:09+00:00,varieka.id,mulaii mulaii
2026-05-06 13:02:08+00:00,beryl_vanmeijr,marketing orang” elit kah
2026-05-06 13:01:02+00:00,kulkasmanjaaa,Yes akhir nya bisaa libur lagi
2026-05-06 13:00:24+00:00,rizkitenda7,ada2 aja
2026-05-06 12:58:45+00:00,tegar.maulana756,Lokdon lagi nih ayoo to the point aja hmm
2026-05-06 12:58:25+00:00,cassanova9799,virus hantabur (hancuran tai burung)
2026-05-06 13:01:40+00:00,donijak7,Harus vaksin lagi kah?
2026-05-06 12:56:54+00:00,damar_drmwn,oh shit her we go again
2026-05-06 12:56:16+00:00,bambangnurdiansyah5,bisnis vaksin lagi
2026-05-06 12:54:57+00:00,myla2786,jgn ada virus lagi....🥺🥺🥺🥺
2026-05-06 12:54:35+00:00,triple1904,😏
2026-05-06 12:52:09+00:00,jo73176,taeeeeeee
2026-05-06 12:51:33+00:00,storysenja1404,"what's, Belapa olang yang telkena vilus ini!!?"
2026-05-06 12:48:36+00:00,teleserpanjang0,gini amat
2026-05-06 12:47:38+00:00,ajis.venezuela,"mana orngnya,cba tunjukkan""jngn prcaya media ya guys"
2026-05-06 12:47:04+00:00,nanayyiiieee,@punnee__ @caaaa @wandah @piwwww @sofieee @awll cui?
2026-05-06 12:46:46+00:00,putrandaa,opo meneh iki
2026-05-06 12:46:35+00:00,poisonay2105,ABAIKAN!!!!!!!!!!!
2026-05-06 12:41:22+00:00,mr.anto_teachers,"karepe who, proyek besar lagi"
2026-05-06 12:40:31+00:00,gatel._,akal akalan dunia😹
2026-05-06 12:40:00+00:00,bismilah.5tl,Sesuai profil gua
2026-05-06 12:39:49+00:00,skyyy09373737,Pom” virus ya
2026-05-06 12:42:20+00:00,alioozl,kan mulai lagi ini
2026-05-06 12:38:02+00:00,bagaskep,kerrrak
2026-05-06 12:36:36+00:00,mukhammadagus88,jangan percaya itu sudah di setting
2026-05-06 12:36:13+00:00,chiciofsmaniac.93,gak percayaa
2026-05-06 12:32:36+00:00,wc.umum50,corona
2026-05-06 12:31:45+00:00,jeelol18,tar jg kalo bisnisnya bangkrut berita2 di tv jg ilang seketika
2026-05-06 12:31:37+00:00,galandwi,blokir aja ni liputan 6
2026-05-06 12:31:10+00:00,galandwi,Kya nya bisnis terbaru pemerintah ni
2026-05-06 12:30:46+00:00,eggieanderi,"virus Corona belum selesai malah muncul virus hanta
selesai season 1 malah mau lanjut season 2😭"
2026-05-06 12:34:52+00:00,.story.anda,hanta hantu
2026-05-06 12:31:44+00:00,4rdi_568,"""R"" kak"
2026-05-06 12:26:42+00:00,sstywn__,part 2
2026-05-06 12:26:43+00:00,kantorhukumkonsul,😳
2026-05-06 12:26:04+00:00,jerman12_,😳😳😳
2026-05-06 12:24:56+00:00,memelucu143,MBG tetp jalan kn min kalo ada wabah virus lagi??
2026-05-06 12:24:13+00:00,fauzi_2581,tau kan apa dalam otak gua👽
2026-05-06 12:22:56+00:00,philip.simbolon,"mereka yg kena virus, kita yg WFh"
2026-05-06 12:22:05+00:00,k.n.t.i.l,HARGA VAKSIN BERAPA BG
2026-05-06 12:21:43+00:00,supra.supramk41,hmm kira2 berapa tahun liburnya ya🗿
2026-05-06 12:19:39+00:00,arian_c07,seperti biasa kita akan d paksa..
2026-05-06 12:19:36+00:00,itarosmawati415,udh kek crta nadia omara dia nyertain pada zaman dulu jg kjdian nya ig d kapal ah lupa aq judul nya aap
2026-05-06 12:19:08+00:00,hanya.manusia_biasa23,cpek trus2an diatur ni mau atur apalagi
2026-05-06 12:18:28+00:00,fajarzatnika87,katetelo
2026-05-06 12:17:53+00:00,acupemula,oh virus hanta beranta nama nya
2026-05-06 12:16:35+00:00,lim_cheng1,"cara ampuh untuk membuat bitcoin turun,good joob america Serikat,buatan mu akan membuatmu cuan parah"
2026-05-06 12:18:05+00:00,bernama_yandri,langsung saja libur berapa minggu ini?
2026-05-06 12:14:17+00:00,ade.ruwendi,mau jualan vaksin
2026-05-06 12:13:27+00:00,fhruroooooooooooozy,plis brita kaya gini gk usah di tayangin ngapa
2026-05-06 12:11:40+00:00,burkina.paso6,jaman kovid aja berapa tahun gak pernah sama sekali saya lihat orang kema kovid.
2026-05-06 12:09:19+00:00,dikzzslwly00,langsung part 2 aja😏
2026-05-06 12:08:07+00:00,js__415,bisnis baru lgi😁
2026-05-06 12:07:51+00:00,kookiegirl1412,"libur dari 2 Minggu,sampe 2 tahun"
2026-05-06 12:07:46+00:00,tanpana012,waa psti ini kayak korona lgi ini..
2026-05-06 12:07:24+00:00,aqsal.ys,mouwendemm
2026-05-06 12:06:28+00:00,ptraaa510,event baru lagi nih?
2026-05-06 15:17:18+00:00,alfous812,cikal bakal zombie kah????
2026-05-05 16:27:46+00:00,caesar_putra7,Hanta ap hentai?
2026-05-05 16:35:28+00:00,tasyaalsyahrn,kek cerita nadia omara njir
2026-05-05 16:35:36+00:00,momsgiozio,"mulai lagi dahhh
pemerintahan hati² jangan percaya"
2026-05-05 16:35:53+00:00,noviatsh,Cuekin saja yokk
2026-05-05 16:36:14+00:00,tukangngerekam,Info liburan kah?
2026-05-05 16:36:31+00:00,skyboyy125,“Hadeh libur lagi”
2026-05-05 16:36:55+00:00,krobelus0,tukutuk hanta ro berlari tukutuk
2026-05-05 16:37:13+00:00,maduuuuumurni,"plis jangan kaya covid lagii, covid bener bener bikin keuangan down parahh🥹 ga mau terjadi lagiii yaAllah"
2026-05-05 16:37:21+00:00,khoirulerwin1,gak usah basa basi inti nya kapan mulai vaksin
2026-05-05 16:37:44+00:00,vijeanggraeni222,Bisnis baru nihhh😂
2026-05-05 16:38:17+00:00,chairul_wh,buodoamat..
2026-05-05 16:38:22+00:00,bang_at69,"singkat sajaa, berapa tahun libur nya!!?"
2026-05-05 16:22:16+00:00,risnajihannana,jangan lagii 😭😭
2026-05-05 16:14:03+00:00,yusup9104,code libur panjang 🗿
2026-05-05 16:14:09+00:00,pptkn,"siaran berita yg baik baik lah ,jangan penyakit disebarin bikin imun down aja. jaman covid segala sesuatu dibikin ribet"
2026-05-05 16:14:55+00:00,evmmnn,ular melingkar linkar diatas pagar
2026-05-05 16:17:02+00:00,goresantinta535,Ontran² opo meneh iki😂
2026-05-05 16:17:55+00:00,mhmdjld,"langsung saja.. ga ush bertele"""
2026-05-05 16:18:34+00:00,amozarrttt,hftt
2026-05-05 16:18:35+00:00,muhammad.sofyan.jafar,RRrrrrrrrrrrrrrrr
2026-05-05 16:19:14+00:00,sagitariushoki7,terseraaaaaaaahhhhhhhhhhhhhh
2026-05-05 16:19:41+00:00,infochery_bandung,Hati Tay😁
2026-05-05 16:20:40+00:00,selvi_253,ini virus buatan gk sih?
2026-05-05 16:21:23+00:00,thismerta_,Iya in
2026-05-05 16:21:37+00:00,reyna77890,"Jangan di anggap remeh guys.
Apapun itu, semakin cepat penanggulangan nya, semakin ringan dampak yang akan terjadi ke negara ini."
2026-05-05 15:57:58+00:00,sam_99996666,WHO baB!
2026-05-05 16:23:22+00:00,andyjamal05,
2026-05-05 16:24:20+00:00,janda_sekaliaja,jadinya Mao kapan di suntik lagi biar bisa masuk mall cape bet gua dah
2026-05-05 16:24:24+00:00,mlutfiandy,Event apalagi ini🗿
2026-05-05 16:25:00+00:00,hanz060815,3 orgrang yg meninggal akibat virgus apa
2026-05-06 13:37:29+00:00,dwana_03,jangan kek dulu lagi dah cicilan gue masih banyak🗿
2026-05-06 13:36:32+00:00,dodidi_sini,"Oke langsung ke intinya, libur berpa lama?"
2026-05-06 13:36:16+00:00,ambarjabar21,gak usah di sebar.. biarin aja .
2026-05-06 13:35:56+00:00,jokokasiyar,okeeee
2026-05-05 20:55:49+00:00,tiaraptri.tdp,sepakat
2026-05-05 20:57:22+00:00,maekayla158,rencananya berapa tahun ini 😏 capek bgt
2026-05-05 21:01:46+00:00,supriyadiagus1204,hoax
2026-05-05 21:03:55+00:00,mynameisryszz,"wallahi, we are cooked again🥀💔"
2026-05-05 21:08:31+00:00,gdferrywiguna,vaksinya gimana ??? mau diliburin brp tahun lagi?
2026-05-05 21:24:47+00:00,navi_sh44ron,astaga roshchild mau apalagi
2026-05-05 21:25:38+00:00,02_dul_,nih era gen z ga ada era bahagianya gitu?kemarin covid 19 sekarang hanta
2026-05-05 21:29:23+00:00,ndyandrn,ahh event besar besaran season 3
2026-05-05 21:33:27+00:00,ivankate4,kekurangan organ kah dunia ini?
2026-05-05 21:35:49+00:00,novikaze,"klo virus harta ,,aku mau biar kaya aja si
capek bnget miskin padahal udh kerja keras bagai qudhaa"
2026-05-05 21:36:54+00:00,bagaskara.tt,jangan nyebar hoax
2026-05-05 19:29:25+00:00,sitiy306,olang😭
2026-05-05 18:57:41+00:00,olalalalala566,@𝒜𝒹𝒾𝓉𝓎𝒶
2026-05-05 18:59:24+00:00,leeghend88,🥱🥱🥱
2026-05-05 19:00:02+00:00,goodboyyy2302,kmi libur apa ga ni? biar jelas
2026-05-05 19:04:38+00:00,nephistoo15,vighussss
2026-05-05 19:05:29+00:00,jherr.86,virus lagi?
2026-05-05 19:06:52+00:00,jiizuke_31,info libur 2 Minggu lagi kah?🗿
2026-05-05 19:15:50+00:00,a_r_s2944,intinya gua ogah untuk suntik vaksin lagi... semenjak udah suntik vaksin covid19 badan gua jadi lemah rentan sakit² an
2026-05-05 19:17:18+00:00,rstyz_001,konspirasi apa lagi ini dr pemerintah dunia 😌
2026-05-05 19:22:01+00:00,daapzkuyy,bjir lh baru mau buka usaha fabrikasi masa harus lockdown lgi
2026-05-05 19:25:26+00:00,sky1iib,Yaelah baru juga seneng lari pagi 🗿
2026-05-05 19:26:30+00:00,yu_ah26,kaya pernah liat di film
2026-05-05 17:53:11+00:00,vexour.69,RRRRR
2026-05-05 19:30:36+00:00,_trizzzzzz_,"singkat saja, berapa tahun masa sosial distancingnya,"
2026-05-05 19:33:26+00:00,dennysyafar,persiapan 🙏
2026-05-05 19:33:36+00:00,littlesstar.057,mulaaiii mulaiii mulaiii....
2026-05-05 19:34:34+00:00,kinanda.rt,"singkat saja, akan MBG tetap berjalan kah?"
2026-05-05 19:41:54+00:00,chew.key.my,🤑🤑🤑
2026-05-05 16:36:01+00:00,momsgiozio,kami ngak mau jadi tikis percobaan
2026-05-06 11:30:49+00:00,anak.rantau.867,klu masuk konoha JD duit 😂
2026-05-06 11:30:40+00:00,setiavanka0807,proyek lagiiii
2026-05-06 11:30:41+00:00,rifn3003,BISNIS 😁
2026-05-06 11:30:40+00:00,exasapatuuu,btw vaksinnya harus berapa kali?
2026-05-06 11:30:37+00:00,bagustee23,Berakkkk 😅😅
2026-05-06 11:29:10+00:00,wawan_alpandi,Singkat saja berapa puluh kali suntik vaksin lagi?
2026-05-06 11:27:33+00:00,duniamataku96,Intinya aja brpa th bulan kita udh kuat dngn drama 😁
2026-05-06 11:27:33+00:00,amronironi7,bisnis lagi😂
2026-05-06 11:26:42+00:00,siskalestari230,ekonomi lagi sulit jangan dipersulit lagi
2026-05-06 11:26:32+00:00,vshthe97,
2026-05-06 11:21:54+00:00,aboy.boy36,siap² Setok masker keburu mahal😭
2026-05-06 11:21:41+00:00,ziooooo_7,duh lockdown ni 😂
2026-05-06 11:21:14+00:00,didxs,"kasian orang yg di kapal, takut di buster call"
2026-05-06 11:20:01+00:00,xiee.lang,"stop tnton berita 1 ga penting, 2 bkin takut , 3 buang2 waktu"
2026-05-06 11:19:52+00:00,sukamaju87,gk percaya lebih percaya emyu masuk UCL😎
2026-05-06 11:19:09+00:00,apoz75,project baru
2026-05-06 11:17:50+00:00,githa_leta,g usah d tanggepin
2026-05-06 11:15:14+00:00,d.hardianaa,Berapa tahun lagi nih?
2026-05-06 11:13:19+00:00,ninetyfour190,"Bisnis masker, obat anti virus, sama tabung oksigen"
2026-05-06 11:12:42+00:00,yea_loser9,mau ada event apalagi ini
2026-05-06 11:11:46+00:00,mangablayreal,"TO THE POINT AJA , MAU LOCKDOWN BERAPA TAHUN LAGI? , HARGA VAKSINNYA BERAPA?"
2026-05-06 11:11:00+00:00,rianasari8673,😳😳😳
2026-05-06 11:09:42+00:00,oxygenxenaa2,hewan nyamuk kann
2026-05-06 11:09:30+00:00,dodirakasiwi,woi media Indonesia... kasih berita itu yg bagus2 aja... ini malah nyebarin berita yg bikin gaduh dan kepanikan.. mau itu benar atau tidak.. dikasih berapa kalian media buat nyebarin berita seperti ini lagi...
2026-05-06 11:05:23+00:00,rydabfy,"Sini yang pernah ikut event
kiamat 2012
covid 19
kiamat part 2
event selanjutnya??"
2026-05-06 11:00:14+00:00,thered782,"tutup semua pelabuhan, jangan sampai kapal pesiar ini berlabuh di pelabuhan RI, karena ada virus hanta berantah🤧"
2026-05-06 10:59:29+00:00,rf176239,halah
2026-05-06 10:57:16+00:00,arzeky1234,mulai d mulai
2026-05-06 10:56:16+00:00,kaktussemut,Mlsssszzzzz bdoamat atur seplenger mungkin
2026-05-06 13:35:15+00:00,sszxzxz,Tude poin aja berapa tahun pandemi
2026-05-05 18:58:16+00:00,godbless.aditya,😳
2026-05-06 12:18:30+00:00,mohdazharalbakri0,"virus hanta
virus cuan"
2026-05-06 12:04:01+00:00,rbsjqb,peluang ini
2026-05-06 11:58:40+00:00,lawiengste_fanus,masih menunggu berita virus zombie
2026-05-06 12:00:57+00:00,mangqu1,cuan cuan
2026-05-06 11:55:41+00:00,riq_kvb,BU lagi mungkin
2026-05-06 11:52:07+00:00,kurniawahyupratama8503,bagaimana cerita covid
2026-05-06 11:51:42+00:00,kurniawahyupratama8503,Halah....modus
2026-05-06 11:51:03+00:00,agusel20,errrrr
2026-05-06 11:50:43+00:00,frhnsla_,libur lagi ini mah
2026-05-06 11:48:21+00:00,haik_hoik,horeee libur panjang 🫰☺️
2026-05-06 11:47:27+00:00,pemuda_hijrah951,"vaksin lagi, bisnis lagi"
2026-05-06 11:47:23+00:00,leolele1108,apalagi yaaa hmmm
2026-05-06 11:47:08+00:00,adulskl,"""R""nya agak berkarat ya"
2026-05-06 11:46:37+00:00,hamdiproject,"mbak, kok R nya berkarat"
2026-05-06 11:46:36+00:00,sulthonbaharudinn,iki ngko katru vaksin ku kanggo neh ora😁
2026-05-06 11:46:35+00:00,deimoslucie,@Vardy__- @daps @Rivingston @Cuaks @LEO❗️@Ypzsee🌀
2026-05-06 11:45:44+00:00,bangris_13,hantu
2026-05-06 11:43:34+00:00,boy.sadboy27,dah kalau begini bakalan lowdown lagi d. kaya virus yang kamaren tu..
2026-05-06 11:42:57+00:00,ddyhsn_059,proyek lagii proyek lagii
2026-05-06 11:41:42+00:00,ig_reflimarciano,bodo amat gua mati ya mati🗿
2026-05-06 11:38:54+00:00,rxx1373,@Science Boy bahas bggg
2026-05-06 11:37:31+00:00,vjestsz,asik libur
2026-05-06 11:34:19+00:00,ryaaaseo_,takut 😭
2026-05-06 11:33:30+00:00,shomplik.id,"gua mau nikah woi ini giat2 nya kerj nyari uang, masa harus libur kerja lagi gara2 virus hanta ini 😩😩"
2026-05-06 11:32:36+00:00,pl3ntun9,cair apa tablet obat nya
2026-05-06 11:31:58+00:00,yusrilkurr33,Apakah akan menjadi masker 3 tahun lagi?
2026-05-06 11:31:49+00:00,amamakoi,😂 drama ah drama
2026-05-06 10:55:36+00:00,jalz_dot.com,ya ampun ada aja
2026-05-06 10:56:42+00:00,user2360725654181,pertanyaan nya ! emang di atas kapal pesiar ada hewan nya ?
2026-05-06 10:51:18+00:00,gondol2008,di cari agen vaksin .....
2026-05-06 10:50:17+00:00,boedzto,sedunia mati Kabeh bakale
2026-05-06 10:50:20+00:00,www.tiktok.co.id12345678,"ujung"" nya jual vaksin"
2026-05-06 10:50:09+00:00,bismillahirrahmani548,
2026-05-06 10:46:49+00:00,josephcapelli1,"yg kutau, Flu Burung, Ebola, Covid, Nipah dan skarang adlah hanta."
2026-05-06 10:43:27+00:00,robyastria,akal2an apa lagi ini?
2026-05-06 10:42:48+00:00,buruhtaniii_,biasa tess obat baru lagi ke tubuh manusia dengan dalih viruss
2026-05-06 10:40:46+00:00,imammusholinnajih,TAAAEEEKK
2026-05-06 10:39:35+00:00,dhomautidur_,vaksin ? duet nihh 🗿 bingung gw
2026-05-06 10:38:56+00:00,yanasatriawijaya,bisnis lagi inih
2026-05-06 10:42:12+00:00,user8395000431608,loukdon lagi kah😅
2026-05-06 10:36:02+00:00,_piscee,dulu covid gw gk pernah di vaksin sama sekali alhamdulilah sembuh gk kenapa2 lah ini yang di vaksin waktu dulu uda pada meninggoyy
2026-05-06 10:34:50+00:00,_piscee,kalian percaya?
2026-05-06 10:33:39+00:00,ctrctrc,virus hantak🙃
2026-05-06 10:37:09+00:00,ifa3860,OPO meneh Iki 😂
2026-05-06 10:31:19+00:00,n_a_n_o90,RRRRRRRRRRRRRR RRRRRRR
2026-05-06 10:29:37+00:00,poezing124,astaga woi belum dapet loker
2026-05-06 10:28:08+00:00,bapak_anakthree,"to the point aja, vaksin nya suntik di lengan ? 😅"
2026-05-06 10:27:44+00:00,adisuryaputra82,"mungkin yg tewas itu kelelahan masuk angin bisa mengakibatkan meninggal dunia secara mendadak,,, KLO dikampung kami namanya angin duduk."
2026-05-06 10:26:36+00:00,dnaldigstnsyh_,libur 2 minggu part 2
2026-05-06 10:26:34+00:00,galophobia,Gak usah diberitakan!
2026-05-06 10:25:15+00:00,adixz302,awas covid😭
2026-05-06 10:24:47+00:00,kimcha.id,jir 😂
2026-05-06 10:24:37+00:00,dear07000,HANTA LIUR ADA AE
2026-05-06 10:22:03+00:00,geina994,Virus hantah berantah
2026-05-06 10:19:52+00:00,anang1807,singkat saja . apa nama vaksin nya
2026-05-06 10:17:38+00:00,nasiuduk030,"Bill gates
hmmm uang tidak lebih manis dr padaa madu
aaaigghhh.... aigggghhhh..... aiiigggghhjh....."
2026-05-06 11:31:13+00:00,maxhavellaar,oke jadi kapan lockdown nya ? jangan kelamaan
2026-05-06 10:17:37+00:00,so_lee_hin09,wah ada even baru lagi nii
2026-05-06 10:12:12+00:00,sulamalisdavidrafael,"Kok cuma 3 orang ,kalo beneran harus nya satu kapal pada inalilahi dong"
2026-05-06 10:09:49+00:00,17_alzx.alzzz,yeee liburr lagii
2026-05-06 10:06:58+00:00,ratnaken269,di indonesia sdh rilis? 😅😅
2026-05-06 10:02:59+00:00,semangatkawan55,bisnis untuk cuan itu
2026-05-06 10:01:52+00:00,kaka142610ok,mulai..mulai..
2026-05-06 09:58:47+00:00,testadedrago09,gk mau suntik lagi hush hush hush jauh jauh
2026-05-06 09:56:57+00:00,boytanjung_,"Bentar lagi ada vaksin nya tuh, wajib untuk yang hidup"
2026-05-06 09:54:55+00:00,masyooo4,haduh
2026-05-06 09:58:18+00:00,m.habibullahjamad,sctv banyak bicara itu yang mati hayalan
2026-05-06 09:51:58+00:00,kak.wi_,"Maaf ya malah salfok sama suaranya, sama kayak anakku penyebutan huruf R nya😁"
2026-05-06 09:48:53+00:00,syamansatria,kirain hentai virus...aku slah baca🤣
2026-05-06 09:48:48+00:00,fitraputri3_,kaya ceritanya kak nadia omara yang lewat kutu😭
2026-05-06 09:41:56+00:00,ramdhani_4550,part 2 kah?
2026-05-06 09:41:52+00:00,user478300136069,jualan LG vaksin
2026-05-06 09:39:37+00:00,qiushi.id,"Langsung aja , mau libur berapa bulan"
2026-05-06 09:36:58+00:00,mbakayu_cantik,"kasus Black Death pernah dibahas dicerita nadia omara,,, coba kalian tonton deh,, serem banget"
2026-05-06 09:44:19+00:00,wahyuadhisuprobo,umberella corporations ⛱️🎪
2026-05-06 09:33:34+00:00,nizxr45,kok biss di tengah laut tahu itu virus baru yha
2026-05-06 09:27:40+00:00,nuki.firmansyah,mulai deh 😁
2026-05-06 09:27:01+00:00,j4yenha4,@nanaa. @spriyantini @liiiaaa @wtnbristiaa @D
2026-05-06 09:20:09+00:00,na_ghea,To the poin ajh lah mau kapan nih isolasinya
2026-05-06 09:18:00+00:00,meiyinu,"Sebagian besar kasus besar hantavirus terutama menular dari hewan ke manusia, bukan dari orang ke orang."
2026-05-06 09:13:14+00:00,goss578,ongrang..
2026-05-06 09:12:07+00:00,meiyinu,"Kasusnya tidak benar-benar “di kapal”
Bisa saja orang sudah terpapar sebelumnya"
2026-05-06 08:50:13+00:00,nine_six4,"Njir Awal mula Zombie, di RE Revalation 1 dan RE Dead Aim"
2026-05-06 08:46:00+00:00,humansilent11,Yaahhh syg bgt anaku bru masuk sklh masa udh lockdown lg🤪
2026-05-06 08:35:01+00:00,rabyowner,waalaikumsalam
2026-05-06 08:25:31+00:00,hskbdidbd,"akal"" lan para elit"
2026-05-06 08:23:35+00:00,triyogisugondo,plis masker nya bsk berapa lapis yaaa???
2026-05-06 08:23:06+00:00,bgzishere,agenda apa lagi ini dunia???
2026-05-06 08:17:05+00:00,erizal.ad,Halah banya cincong
2026-05-06 08:11:54+00:00,diandra24454,kok g dari dulu2 yg lebih kurang kebersihan nya...tp ttp mematikan corona sih..jd ttp jaga kesehatan saja
2026-05-06 08:09:04+00:00,blacksabbat14,"untuk sementara virus Hanta
nanti akan datang lagi virus HANTAM"
2026-05-06 08:06:35+00:00,ubay83019,hata hanta fanta
2026-05-06 08:03:04+00:00,griyanata,molai😌
2026-05-06 07:57:24+00:00,pluckerrooster,Biji Virus Hanta Kabari kalau Biru
2026-05-06 08:03:05+00:00,zeinaalmaira379,"lah mulai lagi
langsung aja brp keuntungannya dan WFH dari kapan dan sampe kapan?"
2026-05-06 07:52:21+00:00,ripardi_id,Capek banget ya Allah hidup di akhir jaman ini😭 ada aja kelakuan manusia
2026-05-06 07:50:41+00:00,portgas1804,"To the point aja, kapan masuk Indonesia? kapan vaksin nya rilis?"
2026-05-06 07:50:32+00:00,bbeberiyy,@h1.ryv
2026-05-06 07:50:29+00:00,alexanderpella,preeeettttt.......
2026-05-06 07:51:21+00:00,rickomoci,langsung ke inti berapa lahun libur ?
2026-05-06 07:41:31+00:00,abdull.rois93,apa lagi ini ...mulai deh mulai
2026-05-06 07:32:30+00:00,sen.junior1,"to the point ajah , berapa lama Lockdown nyaa ."
2026-05-06 07:31:57+00:00,tata.raya0,blas Ra percoyooo
2026-05-06 07:29:12+00:00,iqram_chaan,Angin duduk mungkin😭
2026-05-06 07:27:50+00:00,buset_este,to the point aja berapa keuntungan negara?
2026-05-06 07:22:01+00:00,zallxvyz,apakah ini part 2
2026-05-06 07:18:57+00:00,ffaajaar_,Maskeran lagi😭
2026-05-06 07:14:58+00:00,loveyourself1603,PLISSS PURA PURA GATAU AJA GESS
2026-05-06 07:14:50+00:00,gibrellyn.stea,Virus Hantu. kayaknya kaga mempan sih di Konoha
2026-05-06 07:06:17+00:00,mory_pns_papaneversleep,here we go again 🙄
2026-05-06 09:18:24+00:00,meiyinu,"Sebagian besar kasus besar hantavirus terutama menular dari hewan ke manusia, bukan dari orang ke orang."
2026-05-06 09:07:30+00:00,aiue0aiu,kyk cerita nadia omara yg di yt😭
2026-05-06 09:04:17+00:00,dialyojol,mulai mulai
2026-05-06 09:03:02+00:00,vsans17,heleh
2026-05-05 10:03:03+00:00,azkareynand31,duh kayaknya ada event lagi ni..
2026-05-06 07:06:19+00:00,jerryibb,Singkat padat ga percaya🤭😂
2026-05-06 06:54:49+00:00,kikirokot,mulai lagi projek bru
2026-05-06 06:50:18+00:00,saumantah,hoak media
2026-05-06 06:50:16+00:00,mekanikmotor07,"sctv berita gini jangan di tayangkan dong, nanti di manfaatkan pejabat elit"
2026-05-06 06:44:18+00:00,meleyotdot,"gw GK pernah vaksin Corona, dan gak akan vaksin virus berikut nya 🙏"
2026-05-06 06:42:13+00:00,rafsan.jhani,hemmh
2026-05-06 06:40:31+00:00,aldousneverdie90,virus zombie🤣
2026-05-06 06:36:30+00:00,edy_edrie,ketoprak global
2026-05-06 06:36:00+00:00,5_564_800_6969,Hanta halilintar 🤣
2026-05-06 06:32:23+00:00,ceha_ersaa,🥱🥱🥱🥱
2026-05-06 06:22:53+00:00,qwerty64220,infonya bakal libur 2 Minggu
2026-05-06 06:15:42+00:00,fangirlintan,@zeze @selle @user170277282
2026-05-06 06:15:27+00:00,gluk0saaa,deh apa lgi ini kdg
2026-05-06 06:09:36+00:00,dr.bocil_kematian,virus Hanta berasal dari Urine Tikus yg terkontaminasi melalui makanan dan udara. jenis virusnya HFRS ( Hemorrhagic Fever with Renal Syndrome ) demam berdarah dengan sindrom Ginjal. secara spesifik dia menyerang pembuluh darah dan ginjal.
2026-05-06 06:08:04+00:00,warisannenekmoyang1,geram sama suara R rrrrrrrr
2026-05-06 06:07:08+00:00,nometaaa_,virus lagi virus lagi
2026-05-06 06:17:20+00:00,apobuekancak,hoks lagi hoaks lagi
2026-05-06 06:03:48+00:00,whinar34,langsung saja kapan vaksinnya
2026-05-06 06:03:34+00:00,mediariko,R bukan L 😂😂😂
2026-05-06 06:02:50+00:00,4lorelyhclv,sudah saatnya untuk kita surviv🥰😁😂
2026-05-06 05:59:32+00:00,cheriilaa_,introvert senang dgr ini
2026-05-06 05:59:25+00:00,muhamadtorik97,bisnis elit politik 🤣
2026-05-06 05:55:55+00:00,masdedykhan,"ok.... seperti biasa.
pake masker
vaksin ini Ono itu
libur kerja
kali ini setaun apa dua taun ??????"
2026-05-06 05:55:15+00:00,ysyesterday,kebagian job nih
2026-05-06 05:52:35+00:00,mahdidi_06,ada bisnis vaksin lagi nih🤣🤣
2026-05-06 05:50:47+00:00,suara.angkasa_,lagi ni? yaudah gpp 😭biar tenang😭
2026-05-06 05:50:47+00:00,andi203795,yeeee vaksin lagi kita..
2026-05-06 05:49:29+00:00,razordpz,"virus hanta itu jarang menular antar manusia. itu virus dari kotoran, urin atau liur hewan pengerat kyk tikus"
2026-05-06 05:45:07+00:00,maksum_all,muak
2026-05-07 12:44:35+00:00,sheatlantic,yaAllah
2026-05-06 05:44:25+00:00,anomalisetingler,wah ada even baru ini
2026-05-06 05:42:40+00:00,ys.1138,udh gak bakalan lakuuu
2026-05-06 05:41:14+00:00,agusdrill,sprt di film
2026-05-06 05:45:56+00:00,razkapratama01,politik lgi aja
2026-05-06 05:40:16+00:00,dopamin_hcl,"singkat aja, sponsornya perusahaan yg mana dan lockdown plan nya brp tahun ? g pake menye"" lgs jwb"
2026-05-06 05:40:18+00:00,juple_98,BODOAMAT
2026-05-06 05:37:50+00:00,jaroagus5,bodo amat
2026-05-06 05:42:28+00:00,kai263774,umbrella corporation 😶
2026-05-06 05:35:59+00:00,d4n_131,apakak era #dirumahaja bakal kembali
2026-05-06 05:35:58+00:00,rahmatdermawan402,info proyek dong
2026-05-06 05:35:37+00:00,panjisaputra140,rrrrrrrrrrrrr
2026-05-06 05:32:23+00:00,asep17keatas,yg pertama sukses bikin orang ketakutan .bisnis ke dua inih Kayanya g bakal mulus deh 😂
2026-05-06 05:31:42+00:00,andree_jz02icm,vaksin apa nnti?
2026-05-06 05:29:51+00:00,haekalfatih1,errrrrrr
2026-05-06 05:28:34+00:00,ahmdnp9,part 2 kah ini 🔥
2026-05-06 05:27:34+00:00,raranimupp3,RRRRRRRRRRRRRRRRRRRRRRRR
2026-05-06 05:26:35+00:00,efhasusanti,kata dokter terawan. untuk melawan virus cukup kita tingkatkan daya tahan tubuh aja.
2026-05-06 05:26:14+00:00,masdana11,Hanta halilintar
2026-05-06 05:23:09+00:00,machmoeth87,GK ada lag virus...GK ada anggaran...
2026-05-06 05:20:18+00:00,pimuzz602,proyek world
2026-05-06 05:18:55+00:00,promojajan98,ngga usah viral. pura² ngg tau aja sih
2026-05-06 05:16:17+00:00,bangsewor,kaya nya kita libur 3 tahun..lgi..lokdown...hadeuh .....😅😅😅
2026-05-06 05:13:06+00:00,19ainkmaung45,Wabah Apa lagi ini apakah skrg bkln berubah jadi Zombie🫪
2026-05-06 05:11:13+00:00,a_r_i878,"hanta, hoco-hola, hiprit,"
2026-05-06 05:10:35+00:00,type90__,Ngeri njir klo ada virus zombie🗿
2026-05-06 05:10:33+00:00,yudhimasaw,calon bisnis baru yang di buat buat
2026-05-06 05:08:53+00:00,rnfbrn_22,apa ini awal buat event libur 2 tahun lagiii?
2026-05-06 05:08:51+00:00,fmbatam.real,konspirasi apalagi ini
2026-05-05 15:28:04+00:00,reniwd335,tanjung verde tuh nang ndie toh?
2026-05-05 14:59:05+00:00,moerriss,@Chand_ @Henry H @Imzmoca
2026-05-05 14:40:55+00:00,prince_not_princess01,😌
2026-05-05 18:18:55+00:00,sapulidiwarteg,"Langsung saja, kapan mulai lock down nya?"
2026-05-05 18:19:04+00:00,kkkkkkk29.9,lagii??
2026-05-05 18:19:04+00:00,h3nn_014,RRRRRRRRRRR......
2026-05-05 18:21:49+00:00,alumunium51,Weh saatnya libur pnjang
2026-05-05 18:25:34+00:00,fallinmonk,gue yakin zombie apocalypse itu bakal ada lagi
2026-05-05 18:25:59+00:00,merliongus,Percayaaaa
2026-05-05 18:26:05+00:00,yayuk_chanel,wadu bencana baru ini pasti cAri keuntungan lg ini
2026-05-05 18:27:11+00:00,enjoyaja378,lupa napas itu
2026-05-05 18:29:01+00:00,panjangbarat,bisnis 😏😏
2026-05-05 18:30:43+00:00,appstream.id,Udah langsung aja 2 tahun cukup ngga?
2026-05-05 18:32:44+00:00,wahyudwikurniawan27,skip skip skip entar viral jadi ngerepotin lagi
2026-05-05 18:17:39+00:00,.putrilovu,virus zombie ngeri banget
2026-05-05 18:36:44+00:00,adit47539,mulai lagi👀 oknum bertindak
2026-05-05 18:39:36+00:00,papa.owl,GAK PERCAYA ...HOAAXXX
2026-05-05 18:40:01+00:00,sangpemimpikecil04,mulai lagiii😌😌😌
2026-05-05 18:40:12+00:00,user3222262776587,besok virus apa lg?
2026-05-05 18:44:26+00:00,triyansyah08,who siapa
2026-05-05 18:47:22+00:00,username8122008,"tolong jangan ada virus, nanti ekonomi anjlok udah minyak naik perang makin panas, kerja susah gmna masa depan kita?"
2026-05-05 18:50:54+00:00,guadimas1_,R
2026-05-05 18:51:51+00:00,breto86,udh langsung intinya aja libur berapa lama ini tahunan apa bulanan🗿
2026-05-05 18:51:53+00:00,buayaudara192,yuk bisa yuk jual vaksin
2026-05-05 18:53:34+00:00,majjinbuuuuu,hari hari agenda lagi 😮‍💨
2026-05-05 18:55:52+00:00,ainayya2240,ditiadakan dlu buat pergi ke luar negeri ..klo emng ada virus nya ..
2026-05-05 18:07:14+00:00,m.daniel57_,
2026-05-05 17:53:42+00:00,taufiknurrmdhn24,
2026-05-05 17:54:00+00:00,donihumve,varian apa inii🗿
2026-05-05 17:55:23+00:00,1x.am_,darimana mereka tau nama virus itu ?
2026-05-05 17:56:35+00:00,bintangpratama21_23,"yang kemaren kelalawar, nah sekarang apalagi nih"
2026-05-05 17:57:35+00:00,papa_zola167,pertanyaannya siapa lagi jadi korban penyebar virus
2026-05-06 05:06:55+00:00,rikiabdul93,bewrapa owrang?
2026-05-06 05:06:21+00:00,rifki20367,dunia gabut amatt anjirr
2026-05-06 05:04:39+00:00,rikodimaspra,gatelll
2026-05-06 04:59:54+00:00,lil_dannnn,mulai dah tuh pengalihan isu dunia part 2😹
2026-05-06 04:59:21+00:00,fowzandess,Itu mah mabok kapal laut pasti
2026-05-06 04:59:09+00:00,.tigapuluh30,penjual masker melihat peluang besar
2026-05-06 04:57:39+00:00,dvn_ca19,puk mah
2026-05-06 04:55:59+00:00,ultramantiga_31,mulai...mulai
2026-05-06 04:54:38+00:00,lingukena,suntik vaksin lagi ngak untuk masyarakat.??
2026-05-06 04:54:08+00:00,jasephine3,akal akalan
2026-05-06 04:53:08+00:00,reni14_watinaibaho,"dah bosan dgn semua drama nya,klo memang Tuhan yg bekerja dlm hidup kita semua akan baik"" saja,tetap lah jaga kesehatan,jaga pola makan,manfaat kan obat"" tradisional yg ada di negara kita ini,karna indonesia kaya akan rempah"" yg bisa di jadikan obat,untuk menaikan imun tubuh kita dll,salam sehat buat semua saudara ku,jgn mau di bodoh"" in LG,bijak lah"
2026-05-06 04:52:58+00:00,lambertus9871,RRRRRRRRRRRR
2026-05-06 04:52:53+00:00,kempekpia.kempekp,"karep karep p, ngunu,"
2026-05-06 04:52:32+00:00,imf4lone,mau lockdown berapa tahun
2026-05-06 04:52:28+00:00,fallstar000,apakah era zombie akan datang ?
2026-05-06 04:50:15+00:00,herizal857,paksin lagi
2026-05-06 04:53:24+00:00,opah_jeger,corana LG ?
2026-05-06 04:43:59+00:00,hnff0000,vaksin opo neh iki
2026-05-06 04:42:40+00:00,bola38740,libur panjang lagi ini
2026-05-06 04:43:39+00:00,albetgoeltom16,"virus bisnis muncul lagi
ngak laku senjata karena HAM
VIRUS DICIPTAKAN"
2026-05-06 04:40:20+00:00,lew009966,"virus zombie aja gasih,jangan yg langsung mati gini"
2026-05-06 04:40:10+00:00,redi.gustian,"lagi simulasi itu mah, belum siap edar"
2026-05-06 04:38:17+00:00,shuny28,CUAN CUAN CUAN
2026-05-06 04:36:34+00:00,nami_yuyyii,"kemarin aku lolos ga di vaksinn, sekarang masa ia hrus kabur lagii"
2026-05-06 04:35:20+00:00,siscakubur18,jangan dilebay lebay kan.. stop berita ini
2026-05-06 04:32:49+00:00,.001973,"ini berita kapan, cantumkan tgl kenapa?"
2026-05-05 19:55:27+00:00,yuafjctf,"mulai,mulai🗿"
2026-05-05 19:59:15+00:00,princepipp_,yahh belum juga kayaa
2026-05-05 19:59:29+00:00,27_yogi,"Gini amat hidup,baru juga mau maju eh udah ada berita baru lgi😂"
2026-05-05 17:08:25+00:00,anggota_raden_sampitak,"bodo amat, gua udah kebal virus"
2026-05-05 16:58:34+00:00,pelautmuda770,yudh vksin lh kmi lgi ni..
2026-05-05 16:58:51+00:00,taufiqprasetyo13,helleeehhh
2026-05-05 17:00:03+00:00,mafia.0_8,waduh.....siap² nih
2026-05-05 17:01:42+00:00,okta_viaputri,Yaelahh
2026-05-05 17:03:44+00:00,esjadoelgoreng,Bill Gates masih belum Puas
2026-05-05 17:03:48+00:00,ibnutg4,virus hmm ?
2026-05-05 17:04:19+00:00,asepelai,part 2
2026-05-05 17:04:20+00:00,beng_beng_072,kalem kita mah udah keballl🗿
2026-05-05 17:05:01+00:00,kurnia.nia5059,Alamgkah bagusnya Siaran tv tdk usah respon. Malah bkin panik masyarakat
2026-05-05 17:05:21+00:00,st_janjan,vaksin lagi gak guys?
2026-05-05 17:05:26+00:00,dianaliviani,halah
2026-05-05 17:05:29+00:00,macchino0,"langsung aja, ni gua ada 2 dus masker gua jual selembar 100rb aja bisa po ya guys 🥰🥰🥰"
2026-05-05 16:58:08+00:00,3lvin403,ngeri juga ya yg kerja di kapal pesiar
2026-05-05 17:09:24+00:00,semangattanposambat31,kentut
2026-05-05 17:11:32+00:00,issijssjsjs,event apalagi ini 😅
2026-05-05 17:12:56+00:00,badayvava92,proyek barat
2026-05-05 17:12:56+00:00,_afrsyh,"Sido pirang taun?, tak sidang skripsi online ae😭"
2026-05-05 17:12:57+00:00,radensurya.96,POV: fuji jadi penyiar berita 🗿
2026-05-05 17:13:11+00:00,mi_khayla.21,vaksin apa lg yg mau d keluarin nih😩
2026-05-05 17:13:12+00:00,aanee_v,UDAH SI ANJIR UDAHHHHH
2026-05-05 17:13:22+00:00,m.b.u.g,langsung aja WFH WAO lagi gak? gw demen soalnya
2026-05-05 17:13:35+00:00,lawang.ucul,bodoamat mau virus hp juga suntik ke badan gua juga keball
2026-05-05 17:13:52+00:00,whypsb,di tempatku ada virus sukro menyebabkan kekenyangan
2026-05-05 17:17:25+00:00,kntl3_6,"udh kaya film"" aja"
2026-05-05 16:48:09+00:00,radenrizqiramdani,sisa hidup ku hanya sisa sisa virus🥲
2026-05-05 16:39:10+00:00,muhammaddodi_frandika,politik
2026-05-05 23:12:43+00:00,synt470,what apa
2026-05-06 00:41:19+00:00,triyansyah08,uowow
2026-05-06 04:28:47+00:00,kesayangankamuu27,yg masih ada isolasi dluu disituuu bisa gasii😭😭
2026-05-06 04:28:49+00:00,myosotisxxi,Jual beli vaksin di mulai
2026-05-06 04:24:42+00:00,ifer_075,virus korupsi yg paling berbahaya
2026-05-06 04:23:09+00:00,jovaliajovalia,bullshit
2026-05-06 04:22:15+00:00,obi4021,5 thun ini libur nya😂
2026-05-06 04:21:58+00:00,dikasurya71,apa lagi ini🗿
2026-05-06 04:18:27+00:00,lias.pical,hoax
2026-05-06 04:13:03+00:00,gus_moy2,ahh langsung point nya aja mau lokdown berp tahun😅 trs vaksin berp kali lagi
2026-05-06 04:11:18+00:00,labepa0,mulai deh
2026-05-06 04:11:02+00:00,stella.mumu3,virus hanta... hanta apa apa ja virus nya tiap tahun ganti nama
2026-05-06 04:11:03+00:00,bangandrirtf,dulu H5N1 skrg Hanta 😌
2026-05-06 04:10:49+00:00,patimatarang_,bisnis bgini udah ga laku
2026-05-06 04:07:19+00:00,ca_toks,Kapan nyebar kesini?
2026-05-06 04:06:44+00:00,grx.098,bodoamattt
2026-05-06 04:06:19+00:00,han_upay,"terserah kalian lah, yg pasti nya besok ttp nyari duit."
2026-05-06 04:04:17+00:00,lampu.hijau_,"didalam kapal?? apakah ini virus zombie, dunia harus bersiap 🗿"
2026-05-06 04:02:45+00:00,emkadavie8,Kapan rilis di Indonesia?
2026-05-06 04:00:53+00:00,my.warr_3,"Cape banget sama dunia, ada aja gebrakan nya🗿🗿"
2026-05-06 03:56:46+00:00,rzky_sptian,buatan lagi nih
2026-05-06 03:54:00+00:00,fgun13,Klo kt orang bekasi KAGA HANTA
2026-05-06 03:53:18+00:00,orchid_vanila,terus aku dimana?
2026-05-06 03:51:55+00:00,keyvinofficial,Mulai lagi deh 🗿
2026-05-06 03:51:57+00:00,hpsport0,mulai mulai
2026-05-06 03:51:56+00:00,xsian_epbend.86,mulei wesss..
2026-05-06 03:49:12+00:00,diba.syifa,mirip film emergency declaration
2026-05-06 03:49:00+00:00,maulidul_m3,semakin kesini semakin kesana
2026-05-06 03:46:51+00:00,rahsan_22,langsung aja mau buat brifing apa
2026-05-06 03:45:43+00:00,harusista,lagi lagi virus ...elit elit ooooo capek lah dengan semua ini..
2026-05-06 03:45:40+00:00,dana.trisukmana,jangan di share ya.. biar gak viral
2026-05-06 03:43:30+00:00,dimasdyy666,libur lgi😚
2026-05-05 20:35:48+00:00,dearmy.viewers,🥰🥰🥰
2026-05-05 20:38:28+00:00,oblivioooon,"jngn woi, baru lulus ini"
2026-05-05 20:42:23+00:00,cairulerza24,Hanta beranta apa Hanta terasa opo meneh
2026-05-05 20:04:04+00:00,lorddeved,season 2 nih kayaknya😅
2026-05-06 04:32:26+00:00,tongsampah9999,proyek lagi
2026-05-06 04:31:35+00:00,ikhwanhasni788,Tepat sekali Pongrekun pernah kasi clue masalah ini. Kalian mungkin nyengir tp ini sudah datang.
2026-05-06 04:29:43+00:00,paragat7kalimantan,pasti wowo ikut percaya entar
2026-05-06 03:41:56+00:00,johanccw,Vaksinnya nyusul 🤔
2026-05-06 03:41:50+00:00,musmuss57,BISNIS TEROSSSS
2026-05-06 03:38:14+00:00,kphproperstyle41,please jangan kayak Corona lagi🙏
2026-05-06 03:31:52+00:00,iyuszx1,to the point aja mau korupsi berapa triliyun
2026-05-06 03:31:59+00:00,bctsat,hudaw
2026-05-06 03:30:57+00:00,sandiwara511,"gampang saja, kalau memang karna penumpang kapal pesiar ya jangan sampai kapal itu sandar pelabuhan saja"
2026-05-06 03:30:44+00:00,yatiabdulrahman,di tularkannya lewat apa?? pipis atau kotorannya atau apa??
2026-05-06 03:29:54+00:00,cepikurnia523,bikin surat vaksin dimana
2026-05-06 03:29:42+00:00,abcdfaaa11,part2 kh?
2026-05-06 03:29:14+00:00,neuigkeiten_eins,"@Gerald Vincent
apa bener ni bg.?"
2026-05-06 03:25:25+00:00,hondaposbakau_,Halah .... paling jadi zombie ... 😅
2026-05-06 03:22:19+00:00,jejakdaeng,kapan lock down
2026-05-06 03:21:58+00:00,yosep90000,dunia penuh tipu daya
2026-05-06 03:21:42+00:00,aprinaldisaputra12,hanta lah virus apo tu
2026-05-06 03:20:18+00:00,nandarizkisyh,jadi zombie?
2026-05-06 03:15:54+00:00,lunerity,belajar dari covid ya.. ga usah cemas cuma waspada
2026-05-06 03:12:45+00:00,manggala179,saya alumni virus corona delta tidak percaya akan hal itu
2026-05-06 03:12:16+00:00,matcha.solituvia,Apa lagi ini @sabtuminggu
2026-05-06 03:09:19+00:00,jungleid,Tutup point aja berpa vaksin mau di suntik gue uda siapp 🤕
2026-05-06 03:08:52+00:00,aditsetiaji0,kaya nya mau ada 6-7G+
2026-05-06 03:06:28+00:00,hendraa316,GK ngoros wes
2026-05-06 03:05:31+00:00,bayu.wijanarko24,w..h.o...w. h.o duwe gawe neh
2026-05-06 03:05:02+00:00,zoepakar,cus wfh....
2026-05-06 03:03:56+00:00,rianditampubolon,hoax
2026-05-06 03:01:48+00:00,dapitkh,nooooo
2026-05-06 03:00:19+00:00,ayalyrics31,ini nihh libur 2 minggu jadi 2 tahun🗿
2026-05-06 02:54:32+00:00,andrianpratamapar,Ari NU kie di beritakan di TV😂😅
2026-05-06 02:52:39+00:00,rereabrams146,langsung aja ke intinya mau brpa taun lbur skolah
2026-05-06 02:51:36+00:00,sfyn801,"kont lah
capek bgt hidup jaman sekarang"
2026-05-06 02:50:33+00:00,muhrez10,wahh mulai
2026-05-06 02:48:55+00:00,ituaku1982,ya ampun tv nasional msh percaya who...lucu bingit
2026-05-06 02:47:27+00:00,bae_oeyy,Apaan si nyebelin banget elit global
2026-05-06 02:47:08+00:00,kopikowwww,wkwkw dh mulai lg deh
2026-05-06 02:45:37+00:00,rizkanvirnanda,langsung aja libur berapa minggu? 2? 3?
2026-05-06 02:44:02+00:00,martabak_brazil,Corona corona
2026-05-06 02:43:47+00:00,fachraax,apa lagii😭
2026-05-06 02:43:33+00:00,milley782,Dtularin dr hewan apa
2026-05-06 02:43:31+00:00,mar.siyah1,Astaghfirullahalladzim...😳😳😳
2026-05-06 02:42:13+00:00,dhistira4,"sial amat, login di akhir sisen"
2026-05-06 02:39:11+00:00,scorpio_gcor,"kita sama mbak,sama2 nggak bisa bilang R."
2026-05-06 02:34:32+00:00,sigit.doelloer,kalo bisa MH jangan turun lah dari pada jutaan manusia terpapar virus
2026-05-06 02:32:14+00:00,israris31,lagu lama😅
2026-05-06 02:30:27+00:00,winter.soldier21,"aku juga kena virus nih, virus butuh duit 100M"
2026-05-06 02:26:29+00:00,debyism03,vaksin mane
2026-05-06 02:24:58+00:00,usero75yuv9y2e,iyes libur panjang lagi.makasi virus hanta
2026-05-06 02:24:07+00:00,putra.mirza21,proyek baru
2026-05-06 02:24:01+00:00,alexwirexmen,virus hantu
2026-05-06 02:19:30+00:00,clara.pomean,Kali ini kita jangan percaya 😂
2026-05-06 02:18:10+00:00,mau_cai,virus apalagi sih ini ya allah.... sneng bnget bkin viras virus muluuuuu😌😌😌
2026-05-06 02:16:34+00:00,hazred6,pandemi lagi kah
2026-05-06 02:14:59+00:00,rinjanidwiseptiana,"jangan mulai dulu, gw punya hutang take overan, ribet ntr urusannya. 3 taun lagi baru beres."
2026-05-06 02:14:41+00:00,edi_s_25,kok seperti awal awal covid dahulu ya ?
2026-05-06 02:14:09+00:00,khaisarlpg,panen lagi
2026-05-06 02:12:07+00:00,sunoqi,RRRRRRR
2026-05-06 02:12:13+00:00,lesyeuxdninilili,setelah virus corona 19 terbitlah virus hanta..
2026-05-06 02:09:53+00:00,mas_irfan88,virus hantu paling
2026-05-05 13:49:10+00:00,naurayaaw,@saltedcaramel @1️⃣4️⃣ @@qute_ol.! @nathaniiiiiiaaa
2026-05-05 13:07:03+00:00,dimas.sihotang5,s2 udah mau rilis?
2026-05-05 13:02:54+00:00,nyong_ambon74,jgn dulu gw blm jadi ceo
2026-05-05 12:35:36+00:00,looksia.idn,harga emas ikutan naik gak😁
2026-05-05 12:11:24+00:00,jah_din5,pusing aing lah
2026-05-05 12:08:03+00:00,blishop44,apa lagi ini
2026-05-05 12:05:54+00:00,aahambali69,nich ini akan jadi bisnis orang farmasi 🤣
2026-05-06 01:56:01+00:00,ichsanjalalu,Asal jangan di vaksin aja
2026-05-06 01:55:56+00:00,a_zmiii_1,Udah udah ke intinya aja ini liburnya brapa tahun terus vaksin brapa x ?
2026-05-06 01:51:00+00:00,user4329921741283,alamak duitt nihhh
2026-05-06 01:50:58+00:00,yinn5002,jadi gak nih 2 Minggunya?
2026-05-06 01:50:10+00:00,chris30124,sudah lh capek Terima bantuan teruss karna ada virus nantii
2026-05-06 01:49:26+00:00,arkamabodyrepair,Proyek baru
2026-05-06 01:48:32+00:00,maybeitsgann,libur kan la
2026-05-06 01:46:27+00:00,.pw600,
2026-05-06 01:44:06+00:00,ceofashion10,virus Henteu 😒😏😏
2026-05-06 01:36:41+00:00,lee_us,"kalau memang ada,knp tdk dari dulu virus ini menularkan ke manusia? 😌"
2026-05-06 01:35:56+00:00,moehammadfadli06,
2026-05-06 01:31:05+00:00,iyakahlantih0099,"alah jgn project lagi siap""aja nih"
2026-05-06 01:30:15+00:00,_baday_,jgn sampe terjadi pembodohan publik lg demi kepentingan pribadi 🗿
2026-05-06 01:27:31+00:00,rhudzin86,ini Amerika mau jualan Obat vaksin lg
2026-05-06 04:32:29+00:00,thecatinhouse,anjay jadi film baru ini
2026-05-06 01:26:58+00:00,rhudzin86,Siap siap vaksin
2026-05-06 01:25:41+00:00,tunik_susilowati_,😳😳😳
2026-05-06 01:23:56+00:00,ulandewi88,"virus apa lg ini😐,bisa ga bikin tenang dlu"
2026-05-06 01:23:49+00:00,mounjet_sembalun,Gk percaya 😂
2026-05-06 01:23:16+00:00,omaygatmamad,ledakan
2026-05-06 01:21:51+00:00,fyyyy567,3tahunn inii
2026-05-06 01:21:27+00:00,maumaumaulana,Yak dan mulai lagi
2026-05-06 01:11:32+00:00,dhayanhr,kalo di kapal pesiar emg cepet bgt nyebar virus
2026-05-06 01:10:34+00:00,rivan_nazri,gini bgt jadi gen z hidup nya terancam
2026-05-06 01:09:12+00:00,mcguinnnn,dio brando??
2026-05-06 01:04:46+00:00,wela0808,Mullai mulai daaahh ada proyek baru
2026-05-06 01:02:59+00:00,sng.alumunium,wkwk
2026-05-06 01:02:14+00:00,seftian1047,Hanta hantuma hantum
2026-05-06 01:01:52+00:00,paoo8383,apalgi ini woy
2026-05-06 01:01:04+00:00,yagami222,blok aja VT ini jgn di share2 kek covid nanti nya
2026-05-06 01:00:44+00:00,ruby.les,wah datang lagi bisnis baru buat dokter...ini dirumahnya kan berapa tahun lagi ini..berapa uang mau kami keluarkan ini
2026-05-06 00:58:34+00:00,liy713,helehhh
2026-05-06 00:56:52+00:00,kaloadamanaada18,ra uross
2026-05-06 00:55:46+00:00,dandi.mustapa,Mulai
2026-05-06 01:01:55+00:00,sangnirvana7,Jngan mau di vksin n ditkut2in lgi sprti jman crona.
2026-05-05 03:09:58+00:00,tigaputri293,yg belum beli hp cepat beli... bentar lagi semua dari rumah
2026-05-05 03:23:36+00:00,pebri.03_,ograaangg.... lapograaan... 😂
2026-05-05 03:10:20+00:00,rival_9992,njir event baru lagi ni 😁
2026-05-05 03:38:40+00:00,endzho0308,Cuan cuan lagi ini WHO?
2026-05-05 03:44:49+00:00,.ikhsansenja,rencana apa lagi yang mereka buat
2026-05-05 04:02:53+00:00,leywin100,babak 2?
2026-05-05 03:11:02+00:00,wowogege123,
2026-05-05 03:23:31+00:00,user5126828617,jangan sampai lah ada virus lagi cukup kemarin tahun 2020 corona aja bikin kita stress 🥺
2026-05-05 03:44:49+00:00,ayyufrtna,ah boong ah
2026-05-05 03:11:13+00:00,hee_lp,"Ada Yang Tau Kenapa BERITA"" SEKARANG NEGATIF Trus"
2026-05-05 03:49:25+00:00,frm458_,malah dikei reti dadi proyek to kih 😌
2026-05-05 03:48:55+00:00,hasryelhajardaswa,"intinya aja,kapan lockdown?"
2026-05-05 03:41:34+00:00,arifdwyhendra0,mulai lagi permainan who
2026-05-05 03:48:44+00:00,duratunnasihin93,lockdon lagi kapan
2026-05-05 11:15:25+00:00,polres_sitanggang,errrrr
2026-05-05 03:49:26+00:00,kang_hoki88,event apa lagi ini
2026-05-05 03:22:44+00:00,kepalsuancintaaaaaaa,WAO bohong
2026-05-05 03:47:47+00:00,timbo703,proyek apa lagi nih?
2026-05-05 03:19:38+00:00,gufron.al.turuk,awal mula zombie
2026-05-05 03:47:00+00:00,ibuu.layla,Terpaparr atau di paparkan?
2026-05-06 00:54:49+00:00,bzhan36,virus Hanta mati di suhu 60°-80° mudah mudahan faham maksud ku
2026-05-06 00:54:02+00:00,inno7258,"akhhhh nggk perlu takut, itu cuma akal akalan saja.. ujung ujungnya nyuruh kita vaksin.."
2026-05-06 00:53:31+00:00,andikasatiawan_,"udh 2026 ini ,g jaman virus"""
2026-05-06 00:52:37+00:00,kageyama_41,"okeee, jadi kapan mulai libur?? stock masker masih ada,"
2026-05-06 00:51:45+00:00,daily.quotes.moslem,"who who, ga ngono carane goleki duit lekk who"
2026-05-06 00:56:56+00:00,meylvid,drama baru lagii
2026-05-06 00:56:56+00:00,razaqialif02,hanta : ora danta kalo kata rang bekasi mah ye 🤣
2026-05-06 00:51:11+00:00,infinity5008,RRRRRRRRR......
2026-05-06 00:48:40+00:00,shiroyasha076,sudah mulai ges wkwkw
2026-05-06 00:46:29+00:00,rivaldywbsn,mulai
2026-05-06 00:46:08+00:00,opell_nande,Mulai muncul .... langsung jujur .berapa tahun.. di duitin lagi ni kerjanya
2026-05-06 00:45:08+00:00,putertooi_,ah shit here we go again
2026-05-06 00:44:03+00:00,anwarsahludin,paling kena angin duduk ... org biasa di rumah ngikut berlayar kena angin laut kaget
2026-05-06 00:43:23+00:00,anonymousboys888,R
2026-05-06 00:43:14+00:00,6161saya,hanta kemana ha.?
2026-05-06 00:42:17+00:00,themin84,langsung inti nya aja vaksin lagi kan ini
2026-05-06 00:42:02+00:00,hendriamrinur,singkat saja psbb lagi apa engga
2026-05-06 00:41:06+00:00,papi_cimol,kucing mana kucing?
2026-05-06 00:41:00+00:00,jsha___010,bisnis inimah
2026-05-06 01:02:58+00:00,solana.co.id,kicau kicau kicau mania
2026-05-06 00:35:43+00:00,denispg15,pemerintah: cuan cuan
2026-05-06 00:35:20+00:00,dom75154,hantabaingus kah
2026-05-06 00:34:12+00:00,muhammadidriss163,corona part 2🗿
2026-05-06 00:33:33+00:00,_xyyyyyzzz,"sip libur lagi, kira"" berapa tahun lagi ini?"
2026-05-06 00:19:04+00:00,rinspoetry,amankan masker dan sanitizer guys
2026-05-06 00:02:26+00:00,00_32002,mulaiii deeeehhh
2026-05-06 00:02:11+00:00,rangga1339,virus hantu? sejak kapan hantu bawa virus ?
2026-05-06 00:02:38+00:00,ahmdrzlef,belajar dari pengalaman aja 😳
2026-05-06 00:02:11+00:00,solihin8130,masker bisa laku keras lagi nga ?
2026-05-06 00:00:10+00:00,bambangseringat,rrrrrrrrr😓
2026-05-05 23:59:54+00:00,lhysza,"hdup lg susah mlh dbuat susah....dunia kok gk da baik² ny.... WHo lgii,,,nnti kyk covid ujung2 ny permainan manusia"
2026-05-06 00:04:04+00:00,tuan.a77,kode buat buy saham farmasi?🤣😂
2026-05-05 23:58:32+00:00,almandary21,jgn sampai ke dengerin di indo.. ntar jd bisnis lg
2026-05-05 23:56:35+00:00,ba0256789,bau bau bisnis LG ini
2026-05-05 23:56:42+00:00,mc.sheftyan,bisnis apa lagi
2026-05-05 23:56:14+00:00,mikedonato,ok libur 2 minggu ya ges
2026-05-05 23:56:21+00:00,sunda_pride2698,min RRR min RRRRRRRRRR
2026-05-05 23:54:32+00:00,riandra.parmesa,Mulaaai drama who🙃
2026-05-06 00:10:19+00:00,rizkisusanto7,"klaim macam apa ini?
gak ada dasar pernyataan tiba² libur 2 minggu"
2026-05-06 01:03:57+00:00,i_am_shirooo,2 Tahun cik 🗿
2026-05-05 23:26:08+00:00,son_anakbaik,corona part 2 kah ini nantinya
2026-05-05 23:23:54+00:00,abangput01,"catat omngan ku,habis ini bayak aturan baru lagi ttng virus 😂"
2026-05-05 23:23:02+00:00,scrt.endyullll,apalgi ni libur brpa taun lagii???🗿🗿🗿
2026-05-05 23:22:29+00:00,rapapeda,rrrrrrrrrrrrrrrr
2026-05-05 23:21:40+00:00,liddoran,kalau tiga orang nya biasa saja lah...
2026-05-05 23:19:11+00:00,eel_235,dapat libur lagi niih
2026-05-05 23:18:04+00:00,belanzagampang,mulai mulai
2026-05-05 23:17:09+00:00,izdiharunu123,bentar lagi libur sekolah 2 tahun
2026-05-05 23:15:55+00:00,menunggu_masadeoan,bilgets
2026-05-05 23:18:46+00:00,nk04061,Halah hoax
2026-05-05 23:08:35+00:00,mulyakeramik,WFH Berapa lam jadinya ?
2026-05-05 23:08:21+00:00,widiwnoywidi,The black death?
2026-05-05 23:08:04+00:00,aleti809,akan kah ini menjadi awal dari semua.....
2026-05-05 23:07:35+00:00,kingei86,virus hanta itu kode pembunuhan secara halus. Krn jika terkena hanta maka akan jadi hantu
2026-05-05 23:05:56+00:00,nipnipnip25,ayo lah libur lagi secepatnya 2 tahun lagi aja
2026-05-05 23:03:55+00:00,diodwiki,apakah ini virus zombie?
2026-05-05 23:03:33+00:00,uwais.al.qarni880,kalau pemerintah di konoha gak ngaruh...Mb9 aja walaupun ada yang keracunan ok-ok aja malah yg posting yg ada ulat nya.gk layak konsumsi.basi dll malah jadi tersangka
2026-05-05 22:58:38+00:00,selamanyaqumenunggunya,corona hanta sama aja bisnis
2026-05-05 22:39:51+00:00,bliyatz,langsung saja brp taun🗿
2026-05-05 22:39:41+00:00,user62926622918,"aduin aja kak,sama virus nyawit"
2026-05-05 22:39:09+00:00,dhee2314,"kemaren covid,sekarang hanta,besok ap?? hantarcovid??🗿"
2026-05-05 22:38:05+00:00,nathaaliaja,all of use are dead?
2026-05-05 22:37:10+00:00,muhammad_ardi1227,proyek baru
2026-05-05 22:35:46+00:00,dimasdimas17170,INTINYA KALO ADA BERITA KAYA GINI JANGAN DI KASIH PANGGUNG CUMA BIKIN ELIT MAKIN MENJADI JADI
2026-05-05 22:29:51+00:00,jafartuharea6,apakah akan ada S2 nya
2026-05-05 22:23:53+00:00,rikir557,"hadeh ini apa lagi gustiiiiii, hidup udah ngalor ngidul gini ada lagi beginian"
2026-05-05 22:20:16+00:00,jonathan_gentra,alahh akal²an ini mahh lahh 🗿
2026-05-05 22:18:39+00:00,ikowale_,apakah mbg masih berjalan?
2026-05-05 22:18:30+00:00,rill___201125,mls bet klok libur
2026-05-05 22:22:05+00:00,arfanghifary5,bisnis baru
2026-05-05 22:17:44+00:00,bagusimronla,anjay cuan bisnis vaksin part 2
2026-05-05 22:15:22+00:00,from_the_hurt,padahal dulu² itu tikus biasa aja. mentok rabies. sekarang malah ada yg baru. apa tikus² yg SDH terkontaminasi sama zat apalagi nih
2026-05-05 02:53:00+00:00,aisismail418,waarrr biasah
2026-05-05 02:53:41+00:00,.aintyournymph,"Serem bgt, kek di film-film."
2026-05-05 03:44:25+00:00,e.sattria_jbi111,R
2026-05-05 03:32:18+00:00,varblue82,"singkat saja,mau libur berapa lama lagi?"
2026-05-05 02:40:33+00:00,koplaxx3,"ngga lagi eh, pengalaman dari Covid😅"
2026-05-05 03:26:54+00:00,adhifery,opo meneh iki
2026-05-05 02:42:15+00:00,jonson3039,prettttttt
2026-05-05 03:26:25+00:00,pp_star7,bukan yg bikin alergi daging itu kan ??
2026-05-05 02:42:59+00:00,p0ny0ponyo,apakah kita akan kyk covid lg😭
2026-05-05 02:43:05+00:00,nano_pf,Ondemakk..
2026-05-05 03:28:29+00:00,brcgnda,Lanjut part 2
2026-05-05 03:26:20+00:00,laskar.gantung,"ok,sctv dapat borongan"
2026-05-06 05:02:01+00:00,v1vz__,kemarin
2026-05-05 23:54:20+00:00,plengerrr_043,rawwwrr
2026-05-05 23:52:11+00:00,a.b3219,2 minggu doang kan?🗿
2026-05-05 23:51:51+00:00,alcompee,Beli saham kesehatan gaes😂😂
2026-05-05 23:51:13+00:00,eriwisnu,Prettt
2026-05-05 23:50:27+00:00,shanz_292,teruuus
2026-05-05 23:49:59+00:00,noverleee,itu hook nya bng biar lu nonton
2026-05-05 23:56:39+00:00,arjunaofficial354,langsung aja intinya kapan libur
2026-05-05 22:13:45+00:00,devinairman,Ya ampun dirumahku banyak bangattt tikusss
2026-05-05 22:13:30+00:00,millenium110500,Kok R nya gak geter ya 🗿
2026-05-05 22:08:10+00:00,arii_nya.enoll,angin duduk plingg....
2026-05-05 22:06:20+00:00,trhrry,Fakk kata gue teh!
2026-05-05 22:03:40+00:00,cuanemo4,virus lagi ye
2026-05-05 22:02:53+00:00,muhamad.mansur031,tenane pros
2026-05-05 22:01:53+00:00,idos_skrillex,Covid 26
2026-05-05 21:59:15+00:00,dunhill32,stock masker dri sekarabg guysss
2026-05-05 21:42:17+00:00,cuannnnn__,onok manehh
2026-05-05 21:40:17+00:00,mukallaf.1,halahh
2026-05-05 21:37:06+00:00,disini.aja119,Bisnis baru nichhh
2026-05-05 23:49:38+00:00,bimoprasetyob,bisnis farmasi lagi
2026-05-05 23:48:56+00:00,aariif_mgl,Njirr padahal minggu kemarin baru dari tanjung verde 😳
2026-05-05 23:48:39+00:00,neymarrrrdossantos_,virus liur hanta ngeri lagi
2026-05-05 23:47:08+00:00,phobos.11,"Gosah kebanyakan nama sung intinya aja wok, abis hanta ada apa lgi? Mo online lgi apa msih tetep offline trus mo brapa lama planingnya? req vaksinnya jan mahal mahal ya"
2026-05-05 23:46:07+00:00,mr_hidayat95,"hadoh.usahane mbokku lagek rame,saiki onok mane Virus Hanta, terus mari ngunu opo mane.gara2 covid wingi sampe tutup."
2026-05-05 23:45:53+00:00,plafon.pvc.tuban25,siapkan masker dan handspray
2026-05-05 23:42:10+00:00,gakmustahil,Dah ga laku bisnis virus gini
2026-05-05 23:41:43+00:00,pendaki_angin,Sudah mulai Agenda berikutnya kah
2026-05-05 23:40:49+00:00,chanchan88899,hoax
2026-05-05 23:39:55+00:00,londongbirang,lockdown
2026-05-05 23:38:49+00:00,evenn.05,
2026-05-05 23:38:20+00:00,narataga26,"adoooohh baru juga lulus,mau kerja malah Reka ulang 2019"
2026-05-05 23:38:17+00:00,llt4cant_,digigit tikus oyyyy lgsg aja dibikin virus2 nakut2in
2026-05-05 23:37:09+00:00,xbcv90,season baru kah🗿
2026-05-05 23:37:36+00:00,botmarch,"apa cuman gue ga percaya sama liputan liputan begini, lebih percaya kicau kicau kicau mania"
2026-05-05 23:35:48+00:00,luckeyz01ri,jemvuuuttttttt
2026-05-05 23:35:20+00:00,nfchrzaa,@𓆉 ⋆𓇼 @Arumm @່ ‍ ‍‍ ‍ ‍ @𝕸𝖆𝖓𝖉𝖆𝖆 @mutyarzaz_raa @-trαα4everメ
2026-05-05 23:34:17+00:00,genggong994,mau dipaksa vaksin brapa kali??
2026-05-05 23:32:42+00:00,j.morrissiagian,"saat dengar reporter bicara saya kira penumpang kapal kena virus ""R berkarat""😅"
2026-05-05 23:31:32+00:00,childofheaven3,singkat saja apakah mau lock down lagi🗿
2026-05-05 23:30:45+00:00,neptunus_94,who lagi
2026-05-05 20:22:55+00:00,teguhherii,Project baru kah ini?
2026-05-05 20:29:01+00:00,edgartauhid368,udh virus covid terus virus hanta udh itu virus zombie
2026-05-05 20:20:44+00:00,user2846193671,sekhatus
2026-05-05 20:17:23+00:00,mas_rsaja1,Konoha paling cpt nih klw soal ginian.
2026-05-05 20:16:49+00:00,dhytt_03,event apalagi ni?
2026-05-05 20:14:49+00:00,el_ferenzo,errrrr woii bukann eghh😭
2026-05-05 20:11:04+00:00,zyafiqq,udah ga percaya lagi sih tentang cerita virus yang di tularkan dari hewan ke manusia
2026-05-05 20:07:15+00:00,1dimmsum_,get ready gaes ini tangga menuju kesuksesan bagi yang paham economi😁
2026-05-05 20:05:11+00:00,agusswahyudii,@𝕽 🫧
2026-05-05 19:55:03+00:00,_jalelberto,laporan berlayar pesiar orang.rrrrrrrrrrrrr
2026-05-05 19:53:55+00:00,hahahahahiks,bakal gabisa mudik lagi😭
2026-05-05 19:45:20+00:00,muhammadilhamr88,"virus lagi, sedikit2 virus lagi"
2026-05-05 18:56:04+00:00,ainayya2240,itu kan virus dri luar
2026-05-05 18:36:30+00:00,dermotix,helehh media
2026-05-05 03:34:28+00:00,ewiiin2,kapan libur lagi nihhh
2026-05-05 03:07:08+00:00,oyen_yeager29,aroma-aroma libur lagi nih
2026-05-05 03:34:29+00:00,daus.o.k,alamak duit nih🗿🗿🤣
2026-05-05 03:20:48+00:00,sayamaulanaaa_,alamak
2026-05-05 03:23:45+00:00,raff2303,MULAIIIIIII
2026-05-05 03:08:07+00:00,hidup_takbersalah,rencana liburan berapa tahun lagi
2026-05-05 04:08:20+00:00,bawel752,tdk percaya
2026-05-05 03:35:27+00:00,patt2828_,Kapan mulai psbb min?
2026-05-05 17:52:28+00:00,tiiairawan,terus terang 😏aja libur brp lama.trus gmn nasib pekerja
2026-05-05 17:52:31+00:00,bwbatak157,"NGANGGUR LAGI NGANGGUR LAGI , GAS LOGINN EPEP"
2026-05-05 17:52:29+00:00,marcopolofps,"Cape banget tiap Trump jadi presiden pasti begini mainnya, ngontrolnya lewat kesehatan 😠"
2026-05-05 17:52:06+00:00,emmmmaaaaraaaahmaaaaaaa,"nauzubillah min dzalik, semoga berhenti disitu saja dan gak menular kemana2, aamiin"
2026-05-05 17:50:24+00:00,dennnesl,"ijin ngakak, abis liat video standup 😂😂😂"
2026-05-05 17:48:51+00:00,21.wh0,cair cair
2026-05-05 17:48:13+00:00,ch_medan,virus kont@l
2026-05-05 17:47:53+00:00,arifhakeeemm,Naon dei ajig
2026-05-05 17:47:44+00:00,oktvndrkn,awas ada zombie
2026-05-05 17:46:54+00:00,tomasbngt,"wes ontran"" opo neh ki kok enek ae krek lagek arep urep adem ayem ae kok enek ae"
2026-05-05 17:45:47+00:00,ar23517,mulai
2026-05-05 17:44:58+00:00,29athr,jadiin bisnis lagi nih
2026-05-05 17:43:24+00:00,hellaja3,Yaudh daring
2026-05-05 17:43:24+00:00,priaidaman01_7,Rrrrrrrrrrrrrrrrrr🗿
2026-05-05 17:43:06+00:00,prawanjaitan,muak
2026-05-05 17:43:01+00:00,worker9088,masker : wihh bakal laris ni gue
2026-05-05 17:42:38+00:00,varmooon__,Halah
2026-05-05 17:40:58+00:00,udahtapilupangapain,mulaii mulai
2026-05-05 17:38:19+00:00,user600950472,mulai cari Cuan
2026-05-05 17:38:04+00:00,satrmdh08,"🥺virus apa lagi ini, sskli virus bikin kaya kek"
2026-05-05 17:37:47+00:00,rezafebrian493,proyek lagi ini
2026-05-05 17:37:34+00:00,youshuck07,halah
2026-05-05 17:35:42+00:00,jlk_why,
2026-05-05 17:35:35+00:00,gara_1717,Kudu bikin kartu vaksin lagi ga nih
2026-05-05 17:34:41+00:00,h_endr4790,mulai di besar besarkannn lg hadeuh
2026-05-05 18:17:27+00:00,gassrukkk_,bisnis bae
2026-05-05 18:17:41+00:00,joeyy839,mau libur brp tahun lgii
2026-05-05 18:15:17+00:00,nasigoyeng69_,"YAYAYA…, langsung ke intinya aja, perkiraan berapa tahun???😒"
2026-05-05 18:15:23+00:00,tardiy25,baru juga bebas dari korona
2026-05-05 18:13:48+00:00,pengusaha__muda76,Rrrrrrrrrrrr
2026-05-05 18:11:36+00:00,_riif1,libur 2 minggu part 2 kah?
2026-05-05 18:10:59+00:00,zainuddinzai83,"labih bahaya virus taikmencret,,karna kalau berkelanjutan akan menyebabkan kematian 😁"
2026-05-05 18:10:02+00:00,xykackk_,5 tahun aja ya min entr liburnya
2026-05-05 18:09:50+00:00,wann._.rorr,oke di tunggu kabar selanjutnya
2026-05-05 18:09:33+00:00,inininne,"Mati itu kapan saja dimana saja, gak ush di pelintir ah …."
2026-05-05 18:08:15+00:00,githasuhaidi0,capek bgt. Skrng vaksinnya berapa kali? 😭
2026-05-05 18:07:27+00:00,kopikomas,apalagi ini apalagi yaelah 😂
2026-05-05 18:07:12+00:00,nflns_11,hantu
2026-05-05 18:07:07+00:00,peachdrink23,@yummyeayy
2026-05-05 18:04:51+00:00,user011096014,NAON DEI ANYIEUNG AH
2026-05-05 18:04:25+00:00,abdmalik_vg,menurut kalian Arsenal atau man city yg juara gaes ?
2026-05-05 18:04:05+00:00,hery_vans_persie,borong masker dah mumpung murah nanti di jual lagi
2026-05-05 17:59:50+00:00,nabilindrasaputra,Singkat saja libur berapa tahun?
2026-05-05 18:00:35+00:00,cacamahendra22,"ingin berkata ""KASAR"""
2026-05-05 17:34:28+00:00,eka.yuni49,"bismillahirrahmanirrahim yakin pak presiden TDK SE jahat yg kemarin2 main setuju az,,, yakin pak presiden jenius TDK mengorbankan rakyat nya,,, sehat sll pak Prabowo 🙏🏻😇"
2026-05-05 17:32:58+00:00,sanz.ab,🗿
2026-05-05 17:32:50+00:00,sehatselalubahagiamelulu,pertanyaannya kok bisa? apa gak dibersihkan kapalnya itu sampe ada tikus? lucu
2026-05-05 17:32:44+00:00,saida09acc,udah bner jdi intovert...
2026-05-05 17:32:49+00:00,ow2098,2025 di bandung dah pernah ada virusnya
2026-05-05 17:31:31+00:00,steven.170826,hoak
2026-05-05 17:30:51+00:00,healerboyyyy,bentar lagi nyampe indo kok
2026-05-05 17:30:36+00:00,bapackhelcurt,Astagaaaaaa bosennnnn!
2026-05-05 17:29:53+00:00,dorkagetdor,Kirimin resep dalgona guys
2026-05-05 17:29:51+00:00,zainurim7,intinya jangan dengarkan berita. berita itu sodaranya 😂
2026-05-05 17:29:30+00:00,erwinsaputraaa,
2026-05-05 17:29:22+00:00,bablogendut,Gua yakin dana nya gede ini ...
2026-05-05 17:28:08+00:00,leeeeee112,kalian percaya?
2026-05-05 17:26:38+00:00,aliffabillahhhh__,Matakge ulah sagala di dahar gera😭
2026-05-05 17:25:48+00:00,triadi.tv,aduh habis covid terbitlah hanta
2026-05-05 17:25:30+00:00,falbianza,"jikai, hanta hanta"
2026-05-05 17:25:23+00:00,cumanbisanata0,harus vaksin brpa kali nih biar bisa lamar kerja
2026-05-05 17:22:41+00:00,10__38,"mulai, mulai muncul, dengan nada Tik tok"
2026-05-05 17:21:44+00:00,aldians1711,Tanda2 liburan🤣
2026-05-05 17:21:33+00:00,1detiksecond,JANGAN LIBUR LIBUR LAGI PLEASE BLOM JADI APA APA NIH🙏🏻
2026-05-05 17:20:53+00:00,darmaputra0811,virus hanta berantah😭
2026-05-05 17:19:57+00:00,black.water987,Hoax aq crew nx kok
2026-05-05 17:21:36+00:00,zulceferbleck0,"ujung ujung nya paksin ya,udah lah kita pura pura tidak tahu aja"
2026-05-05 20:33:22+00:00,foxy9169,arsenal
2026-05-05 16:57:33+00:00,jd8sj1,ada2 aja jir
2026-05-05 16:56:14+00:00,embun.pagi385,Virusrok
2026-05-05 16:54:13+00:00,ismunandar_0811,"setelah merugi dalam perang , kini saat nya nyari uang lagi buat mengisi kas negara"
2026-05-05 16:53:01+00:00,nga.x17,"singkat saja, libur berapa tahun ini?"
2026-05-05 16:52:10+00:00,afgansaputrawael,"intinya aja,berapa tahun liburnya?"
2026-05-05 16:52:05+00:00,ajo_rio27,anjay varian baru coy.semoga gw masih selamat survive
2026-05-05 16:51:37+00:00,ahmdsyrf_26,yaelah libur lagi bae
2026-05-05 02:47:41+00:00,rafas_property,BODO AMAT
2026-05-05 17:36:26+00:00,inung.aptami,Gak
2026-05-05 17:31:54+00:00,jijiiii416,Serius nanya ini beneran?
2026-05-05 17:33:32+00:00,leeeeee112,jangan bertele² langsung tho the point aja berapa tahun ya kan
2026-05-08 06:19:35+00:00,jijiiii416,Iya ihhh
2026-05-05 16:50:30+00:00,yudhaaribimaaa_,mulai
2026-05-05 16:50:46+00:00,veda_thouser,umbrella berulah kah?
2026-05-08 04:09:31+00:00,ayekazaaa,"udah ah, yang kemaren cukup. DAN BIKIN SEPII JIR 😭😭😭😭"
2026-05-08 04:32:51+00:00,dapanipi5,demi langit dan bumi saya tidak akan menyia-nyiakan joget tiktok viral dan tidak akan saya lewatkan event ini biar saya bisa jadi seleb
2026-05-08 04:28:41+00:00,yayiinn__,Berita nya di besar”in njir
2026-05-08 03:55:57+00:00,putrilukita97,mulai kapan lockdownnyaa yaaa😗
2026-05-08 04:01:51+00:00,2m0i0a8,jangan nyebarr..pengen kerjaaa😭😭😭
2026-05-08 03:54:23+00:00,khrsmaa_fybyllaa,smoga g nyebar ke kitaa
2026-05-08 03:54:22+00:00,dinaelaeliana,jangan lagi ada virus virus plisss😭
2026-05-08 04:04:15+00:00,saa_iaabb,YES LIBUR
2026-05-08 04:53:35+00:00,_risnaaa01,"Jangan di besar2in jirrr ,gw baru aja mau idup enak😌"
2026-05-08 04:00:24+00:00,dukunkw_,libur 2 minggu to 2 tahun pt.2 coming soon🙂‍↕️
2026-05-09 02:50:10+00:00,rajasonang124,Singkat saja ' mau vaksin berapa kali? '
2026-05-08 04:03:41+00:00,huwayazhara,Mulai mulai
2026-05-08 05:47:19+00:00,astycha24,langsung saja libur brp taun😭
2026-05-08 04:03:59+00:00,mawarrr_199,singkat saja libur berapa tahun?
2026-05-08 04:17:34+00:00,syafirazahrah_,hanta siapa nya hantu
2026-05-08 08:21:19+00:00,nendha_d,"indonesia ekonominya blm membaik sejak di hantam covid,tlng pemerintah jgn semakin mempersulit rakyat dunk"
2026-05-08 04:14:22+00:00,reztynv21_,"apalagi ini,,, masalahnya skrg aku gurunya😭 dulu mh enak kuliah online :)"
2026-05-08 06:05:41+00:00,scorpiocwicc,"singkat saja, berapa tahun di rumahkan 😊"
2026-05-08 08:06:00+00:00,christymahardika,"duch..
5 THN sekali pasti gini...."
2026-05-08 04:59:11+00:00,vanidestia_nrr,Buku PKN nambah halaman nih😭
2026-05-08 05:22:31+00:00,amelia.febriana02,ya allah jangan sampe menyebar kesini plis.. pengen kerja ya allah🥺😭
2026-05-08 05:07:09+00:00,nnn_nadiaaaa,"Udh ah, aku gamau jadi lulusan virus2 lg😭 mau S1 ini"
2026-05-08 05:01:18+00:00,prince_12122,"ok, saatnya gw joget2 di lockdown yang akan datang 😭😭😭😭"
2026-05-08 04:05:38+00:00,yanii020898,"kira2 harus beli masker gak nih,mumpung lagi murah😭😭😭"
2026-05-08 05:21:09+00:00,username11id2,"intinya saja, kapan vaksin lagi?"
2026-05-08 07:25:28+00:00,ardilasaf,"jangan plsss gue kerja, kalo sebelumnya gue masih sekolah😭"
2026-05-08 06:02:45+00:00,bintiabdullah123,skip aja gasiii kemaren aku ga vaksin aman aja😂
2026-05-08 04:08:53+00:00,didunia262,"dipersingkat saja jauhkan dari berita"" ini😭"
2026-05-08 04:58:16+00:00,yosef.aditya3,terus virus Nipah kemna. GK laku apa gimna min ....
2026-05-08 05:06:01+00:00,liessantina,katanya ga menyebar dari manusia ke manusia kan ?
2026-05-08 03:54:00+00:00,da9awirian,kedua
2026-05-08 23:34:45+00:00,deansasmita,asikkko
2026-05-08 22:39:09+00:00,worokas1,Amin🙏🙏
2026-05-08 23:18:58+00:00,leomisaja,SCTV 😅😅
2026-05-08 23:19:56+00:00,karmal394,ad 😂
2026-05-08 07:36:03+00:00,srinurhayati575,keballll
2026-05-08 08:16:18+00:00,.pcrkm,apalagi ini yaallahhh😭
2026-05-08 05:15:18+00:00,angelaaa__313,WAH LIBUR
2026-05-08 07:52:56+00:00,diianaa779,lockdown deui??????
2026-05-08 03:57:33+00:00,halosavv,mulaii mulaiii😒
2026-05-08 03:52:51+00:00,byma_15,pertama
2026-05-08 22:57:19+00:00,iroel1903,mau mainan apa lagi ini
2026-05-08 11:24:24+00:00,im_arra0,"aku belum hafal Velocity, udah muncul aja masalah"
2026-05-08 11:44:17+00:00,irmafebrianti222,hasbunallah wani'mal wakiil
2026-05-08 10:09:33+00:00,nysupiatun,haallaah🥺😳
2026-05-08 04:59:56+00:00,lemonhoney017,Langsung aja vaksinnya kapan??
2026-05-08 04:57:22+00:00,irmawlndri25,mulaii mulaii
2026-05-08 07:05:49+00:00,nopiaaakaaa,@choco.loco
2026-05-10 10:41:15+00:00,marketplacetiktok2,"orang indo aja yg nggk ikut di kapal yg viral itu .tiba"" ada orang DIY yang kena virus hanta 😂"
2026-05-08 07:50:18+00:00,callmeiicee,AMIN
2026-05-08 05:01:01+00:00,merlinanggraini_,@娜比拉🦄 @Herina S @ℕ𝕒𝕫𝕚𝕣𝕒𝕡𝕥𝕣𝕙𝕣𝕞𝕨𝕟
2026-05-08 06:32:00+00:00,nbilaaaaaaaaaaa19,apo Dio yuk
2026-05-08 05:01:57+00:00,machalatt333333333,amin
2026-05-08 04:19:13+00:00,d_parella12,Aamiin 🤲🤲🤲
2026-05-11 14:03:19+00:00,onlyimma_,@duatujuh 🙂
2026-05-11 12:49:06+00:00,tha_talithaa,ga expek😭😭
2026-05-09 12:24:01+00:00,risayippe,🤣🤣🤣
2026-05-09 12:18:27+00:00,dwinnie97,@🦋 🤣
2026-05-09 08:08:58+00:00,straw.rbey.ie,😭😭😭
2026-05-09 02:53:49+00:00,pampam.jr11,mantaaap 🤣
2026-05-08 14:21:50+00:00,gmndrhy,"itu lho pas covid dlu, klo aja kita ngikutin seleb tiktok joged"" dll mungkin udah tenar kyk mereka kitaa😭😭"
2026-05-08 12:28:28+00:00,qiddipiee_,otw jd seleb
2026-05-08 11:51:25+00:00,vnylnti,gue ga ngerti pls😭
2026-05-08 11:50:25+00:00,_amelllyyaa,otw jd seleb tiktok🤭
2026-05-08 11:46:10+00:00,akucewee_,apanii setelah corona trbit virus bru lg
2026-05-08 10:53:25+00:00,nana__117,@punyadzaki
2026-05-08 10:13:14+00:00,aanijaa.a,Mana gue blm siap jadi pengangguran
2026-05-08 10:12:37+00:00,vikacrnss,😭😭
2026-05-08 10:11:00+00:00,elysianza_,@vikaa
2026-05-09 12:00:39+00:00,putrilukita97,SETUJUUU
2026-05-08 21:55:17+00:00,putrilukita97,HAHA
2026-05-08 21:51:06+00:00,robi_visa,"pas lockdow kerja nya di phk, kaya tahun 2020."
2026-05-08 16:31:06+00:00,rocky.naibaho96,apa lah ini kenyataan
2026-05-08 12:09:41+00:00,eva.indriyani21,Maka nya itu semoga Indonesia baik2 saja
2026-05-08 09:29:36+00:00,putrilukita97,kak semua orang jg gak mauuu😭😭😭
2026-05-08 08:49:28+00:00,eva.indriyani21,Please jangan kak . Anak ku tahun ini masuk TK
2026-05-08 08:06:51+00:00,putrilukita97,iyooo kak😭😭😭😭
2026-05-08 07:44:19+00:00,icakicakpadek,Siap” masker lagi ya kan kak🤣🤣
2026-05-08 07:16:43+00:00,iiadeh,😭😭😭
2026-05-08 06:29:58+00:00,putrilukita97,aku komen kek ini kalian tau gak sih arti nyindir akuni menyindir😭😭😭
2026-05-08 06:20:57+00:00,putrilukita97,😭😭
2026-05-08 06:20:17+00:00,putrilukita97,bukan menantii kak pastila kalo la virus kek ini kek corona😭
2026-05-08 04:46:36+00:00,sirisbeng_,Menanti bgt kak 😭
2026-05-08 03:58:35+00:00,putrilukita97,😂
2026-05-09 02:59:24+00:00,fnnn064,10x 🗿
2026-05-08 04:59:22+00:00,annisaamtnnh__,IYAA PLSS
2026-05-08 05:50:41+00:00,ranaaaaaa28,😭
2026-05-15 06:51:08+00:00,andikakurniawan326,nama juga bisnis ikuti aja ceritanya 🤣😂
2026-05-12 23:47:04+00:00,acoh404,betul
2026-05-12 23:46:42+00:00,acoh404,"bner bnget kak..ckup jga kesehtn ,pkai masker."
2026-05-10 11:08:19+00:00,rezaeskobar392,maknya dukung program mbg biar even virus kali ini indo gak ikutan
2026-05-09 10:26:10+00:00,onoth3,emang dr dulu biang keroknya media broh
2026-05-09 03:02:44+00:00,syamryjr9,nma jga bisnis elite😅
2026-05-08 17:49:35+00:00,septiyankurniawan,covid apaan sih
2026-05-08 16:58:24+00:00,miswantosimekk,KLO di tutupin itu bysanya berita korupt0r🤣
2026-05-08 10:19:59+00:00,melia.emaknya.ay,bnr
2026-05-08 08:28:45+00:00,allyz_e.kim,"Ya biasanya gitu ka,kaya permainan global gitu lewat berita nyebar terus menyebar akhirnya banyak orang yang parno kena berita itu..belajar dari pandemi kemaren"
2026-05-08 06:24:35+00:00,elsagigin.grsly,Iya lagi mana dibesar2in britanya bilangnya mewaahh😭 pdhl sm kapalnya royal caribbean. icon of the seas mewahan inj bgt mlh
2026-05-08 06:22:23+00:00,giskaa23,lumayan soalnya pemasukannya kalo ada pandemi. Makin banyak yang dirawat makin banyak uang nya
2026-05-08 04:52:42+00:00,salnyyosevina,Untuk melancarkan rencana kak😁
2026-05-08 04:36:32+00:00,efatihrss,"iya ih kesel kita cukup tau aja dan jaga kesehatan, tpi klo udah masuk indo berita nya lebay😭"
2026-05-08 04:36:19+00:00,disinijugapusing,biasanya ada yg ditutupi berita lain itu
2026-05-09 08:04:15+00:00,lomblen22,"cukup kemarin kita di vaksin, udah ga mau lagi di vaksin"
2026-05-08 04:17:28+00:00,viiannirm_,iyaa ni jangan di viralin harusnya😭
2026-05-08 06:17:31+00:00,dirizfili,jangan ih🥹🥹🥹
2026-05-08 04:09:55+00:00,yolanigirl,kapan nih libur biar tau packingg
2026-05-08 10:55:48+00:00,sunitiiii_,ekonomi lagi lesu kaya begini ada virus lagi. ya allah
2026-05-12 11:44:58+00:00,thebossk07,yauda kapan vaksinnya
2026-05-08 08:33:13+00:00,umbrella_prettyelaa,KATAKU DEPOK PERLU DIAWASI SIH
2026-05-09 01:10:36+00:00,safalways,"kan kan, nakes siap-siap"
2026-05-09 04:25:22+00:00,sukamengatasiolikotor08,bisnis lagi😅
2026-05-08 10:13:16+00:00,abimanyualmustofa,"Sesungguhnya shalatku, ibadahku, hidupku dan matiku hanyalah untuk Allah, Tuhan semesta alam""."
2026-05-08 11:49:01+00:00,yayamirzaagmail.com,dulu waktu Corona juga sdh pencegahan tp kenapa tetap bisa nyebar
2026-05-08 11:37:05+00:00,fadli.sagu,bisnis jalan lagi
2026-05-08 11:50:06+00:00,anai3744,virus apa lagi ini
2026-05-09 09:45:19+00:00,muhammaddimasanggarasap0,"langsung inti nya,berapa taun?"
2026-05-08 12:26:47+00:00,triani4123,ya Allah jauhkanlah kami dari segala malah penyakit aamiin.semoga saja tidak masuk di Indonesia aamiin 🤲🏽🤲🏽
2026-05-08 23:19:52+00:00,gersky3,proyek lgi nih yaa
2026-05-08 12:59:42+00:00,niketutsita,smoga duni baik2saja moga dijauhkan yang bernama pirus🙏
2026-05-08 23:13:00+00:00,lhery_,Nesal gue scrol tiktok😂🤣😂
2026-05-08 11:44:16+00:00,mas.saud33,virus hanta gebrakan apalagi ini 🗿🗿🗿
2026-05-08 05:50:46+00:00,nerida4u,ya virus lagi 😭
2026-05-08 06:02:14+00:00,linda.lesta,"yaallah jauhknlh dari penyakit virus ini,,dn lindungi lh kami semuanyea🤲🤲"
2026-05-08 11:05:45+00:00,ekachayankmu,Drama apa lagi ini
2026-05-08 11:03:57+00:00,hniekwty01,"intinya berita di Indonesia jangan ikut""tan udhhh biarin ajhh😭😭 takutt bgtt baru juga mulai usaha nihhh"
2026-05-08 05:39:05+00:00,ulfahaeropik1,langsung aja hrus BRP tahun lockdwon nya?
2026-05-08 09:53:33+00:00,one_tea85,haduh
2026-05-08 14:59:30+00:00,july31111,"Jangan di besar2kan, cukup jaga kesehatan aja,"
2026-05-08 04:00:02+00:00,dalapan_2,langsung saja kapan mulai wfh nya??
2026-05-08 03:59:23+00:00,_maya396,"Jngn ada virus mulu napa,, ntr mau nikah mlh ribett😭"
2026-05-08 05:38:16+00:00,veny_daido,singkat saja kapan libur....
2026-05-08 07:05:35+00:00,alvi_cupiw,Amit2 yaallah . Semoga kita semua sehat selalu 🤲🏻
2026-05-08 22:51:11+00:00,dipo.ngeng,mulai tender baru Indonesia
2026-05-08 07:46:29+00:00,maulanayusuf9454,Mulaii Apalagi part 4 ?
2026-05-08 08:41:09+00:00,vyou81,"gw gmau bgt ada lockdown"""
2026-05-12 12:41:55+00:00,hidayatt93,langsung aja berpa biaya vaksin sama hari libur ya berpa lama 😂
2026-05-08 10:58:30+00:00,mamaauraputri,semoga tidak sampai RI 🤲🏻
2026-05-08 23:17:20+00:00,gjheosss,kayaknya akan libur 2 tahun lagi😅
2026-05-08 04:51:29+00:00,gasstian_,"to the point aja,kapan lockdown nya😭😭"
2026-05-08 04:51:54+00:00,zzzklyo_,"udh langsung intinya aja, libur berapa tahun?"
2026-05-08 05:01:12+00:00,mulberryburntcheesecake,jangan-jangan ini nanti gw S2 full online lagi 🗿 dulu jadi maba S1 juga full online
2026-05-08 07:35:53+00:00,00lesc,gausah dipeduliin plisss😌
2026-05-08 08:12:19+00:00,amoyyyyyyyywee,lah iya yah😭
2026-05-08 07:32:49+00:00,nurulanisah_2,Wkwkwk betul kak oo tenggelam beritane tapi kok ganti virus lucu sekali 🤣🤣
2026-05-08 05:21:20+00:00,darabhe,"kak🤣🤣🤣, jya ya kmren kan jga ada virus nipah"
2026-05-08 09:13:34+00:00,ningrumenez,udh aneh: virus
2026-05-10 12:43:13+00:00,ujang.bulusuk,abis virus hanta virus apa lgi yah jujur jawab Indonesia maju bosku tanda nya yg lain lain aja
2026-05-08 23:27:37+00:00,yahabibalqolby3,"kemarin super fluu gimana gax jadi kah,,,"
2026-05-08 15:19:44+00:00,dekern2a,"sebulan lg suamiku brgkat berlayar kok malah ada berita bgini jdi takut, smoga dijauhkan dari hal2 buruk. amiin"
2026-05-09 08:21:27+00:00,lie_..999,"siap siap masker, handsanitizer jadi mahal"
2026-05-08 23:09:22+00:00,legipahit1,"artinya HANTA itu apa
kok virus namanya langsung ada"
2026-05-08 04:02:13+00:00,abdillahn4il,di persingkat aja ni bakal libur berapa lama?
2026-05-08 04:47:55+00:00,.fly12,"Singkat saja, lokdown nya berapa tau?"
2026-05-08 08:34:34+00:00,mutiatia043,"pertanyaan gw ,,,
kapan bisa libur ,,gw dh males kerja trus tanpa libur,, mau liburan sebulan aja,,,"
2026-05-09 04:18:01+00:00,amelia.saputri127,tanda tanda akhir zaman.
2026-05-08 05:04:14+00:00,_unforgettwble_u,singkat aja sih mau libur berapa taun lagi
2026-05-09 04:13:06+00:00,rendyananda03,woy jangan di besar2 rin gua belom kerja😏
2026-05-08 13:06:25+00:00,ikanies277,haduuh apa lagii ini ..
2026-05-08 04:37:40+00:00,priionlyyone,udah ehh nnti susah mau pulangh😭
2026-05-08 23:41:20+00:00,tijey021,intinya sja brp tahun?
2026-05-08 22:37:29+00:00,sibontot9191,Hanta siapanya hinata😁
2026-05-08 05:32:47+00:00,adllweiss,Hmm mulai
2026-05-08 22:35:47+00:00,cikguuucaaa,bisa kak tapi kemungkinannya sangat kecil
2026-05-08 05:38:02+00:00,humanaad03,menyebar lihat aja dari satu orang ke orang terdekat ya di kapal itu
2026-05-08 08:20:52+00:00,nurhayati_story,lockdown lagi
2026-05-08 19:26:31+00:00,albetmanganndoggorengtok,pinter ya main politiknya
2026-05-08 08:20:02+00:00,matchagreen374,plis gw mau nikah gausah aneh² ya😌
2026-05-08 08:13:14+00:00,bbysyakiraamnda,stop deh ah
2026-05-08 09:01:50+00:00,adell3914,knpa namanya virus hanta
2026-05-08 10:26:16+00:00,blueveria__,@♍ takut untuk bngett plis 😭
2026-05-08 09:43:49+00:00,wiratmanwiratmanlee,ga akan terulang lagi
2026-05-08 06:18:12+00:00,indriyanifujilestari97,yang ngasih nama virus nya siapa?
2026-05-08 09:39:27+00:00,intaanpermataa_,"ide bagus ges untuk jualan masker lagi, satu pack 100 ribu😂😂"
2026-05-08 06:32:15+00:00,itsmesagitarius24,Meni hemmm
2026-05-08 06:33:34+00:00,li69046,nunggu di data buat vaksin.
2026-05-08 06:40:01+00:00,aramel25_,"singkat saja , kapan harga masker naik."
2026-05-08 06:40:51+00:00,niuniuniu052,kerja baru sebln udh ada virus aja😭
2026-05-08 06:41:54+00:00,toyokoyaki,plis masih traumaaa 😭
2026-05-08 04:45:28+00:00,ftri_amn,bntr bntr mau ke Jogja dulu jgn lockdown dulu ya
2026-05-08 04:02:40+00:00,indra.riyanto,mau berapa taun libur nya
2026-05-08 04:37:18+00:00,seclaa5_1,berapa tahun?
2026-05-09 00:32:18+00:00,mukhlismasrah,kapan kita harus pakek kondom min
2026-05-08 04:02:34+00:00,eleiya31,lockdown lagi..daring lagi..emaknya pusing lagi..
2026-05-08 04:00:43+00:00,meutieaa,hadehhh mulai
2026-05-08 04:39:28+00:00,indraaakk1,duuh masa kita hrus survive lagi nnti😭🗿
2026-05-08 04:43:06+00:00,ffbrni,#dirumahaja
2026-05-08 23:29:23+00:00,yahabibalqolby3,"super flu gax serem namanya jadi ganti nama HANTA,,,"
2026-05-10 10:45:08+00:00,presiden_muda,SCTV knpp ya gencar bngt nyebar berita ini..😂😂ada apa dengan SCTV..???!!!!!
2026-05-09 01:07:01+00:00,marsangsahrulqurays,"to the poin saja,,berapa lama lock donw"
2026-05-08 09:57:55+00:00,rizky.wijaya911,SCTV MEDIA MERESAHKAN
2026-05-10 10:19:34+00:00,alfatih.dimaz,kapal nya banyak saing jadi?
2026-05-08 23:39:18+00:00,banyuwangi_997,yo sudahlah kalau datang
2026-05-08 04:36:28+00:00,lilirinjanii23,intinya pake masker lagi ngga nih?
2026-05-08 07:24:12+00:00,cntjnikrlna,ga estetik ah nma virusnya
2026-05-08 22:26:00+00:00,jun_11_fd,langsng saja liburanya kpn kwwkkwk😂
2026-05-09 04:29:37+00:00,abidin_malam,trs aja trs abis virus covid datang virus hantaaa mungkin abis virus hantasairus 2029 bkl ada virus telepasaurus
2026-05-08 22:31:38+00:00,mis383terius,huntu
2026-05-08 22:28:20+00:00,lintangambuhan,proyek lagiiii😁
2026-05-08 22:22:28+00:00,rizalkur28,singkat saja kapan vaksin nya ?
2026-05-08 21:10:51+00:00,ochan_to28,bisnis apa lagi ini
2026-05-08 08:18:26+00:00,semuaaxuu,plis la jangan kena Indonesia dlu aku belum dapat kerjaa
2026-05-08 11:58:51+00:00,sagitarius93,hahahhaah obaoba 😅🤣
2026-05-08 08:53:06+00:00,ratu_ajah2,cicada apa kabar ya
2026-05-08 05:12:25+00:00,xxxnadilee,apaaansi
2026-05-08 07:27:34+00:00,zmasya,"singkat saja, nutupin kasus apa 🙏"
2026-05-08 05:53:14+00:00,wiwil1296,cih atuh lah deuih aing Krak ngalamar pagawean euy can geu training
2026-05-08 05:36:14+00:00,zeyyaaak_,"gini deh, mau libur berapa lama? 2 minggu? atau 3 minggu lebih 2 tahun?"
2026-05-08 05:38:29+00:00,tiwykarlin,kapan mulai libur ?
2026-05-08 05:39:05+00:00,evizachomel,gimna kalau di ganti wabah hantu. ajj
2026-05-08 05:45:39+00:00,ritaita123,ya Allah lindugi kami ya Allah Amin🤲
2026-05-08 23:22:44+00:00,raffasyaalfarizki80,persiapan dana peroyek baru brekdwon
2026-05-08 05:50:02+00:00,win.hidayat3,"intinya aja,libur brp lama"
2026-05-08 18:41:24+00:00,suebanwar546,bisnis baru nihhh
2026-05-08 04:48:53+00:00,ayuwulandari791,Jangan lockdown dulu gua mau nikaaaaaaaah😌 udah 95% persiapan😭
2026-05-08 04:49:25+00:00,nakinakii__,ini kalo sampe ada lockdown lagi (amit amit) ga mau sia siain wktu lagi buat jdi tiktokers😭✋🏻
2026-05-08 03:56:05+00:00,intanjulitaar,Apalagi ini😭
2026-05-08 05:09:52+00:00,appaaa80,wee mau suksessss tahunn ini... jangn dulu itu wabah dtg ke indo
2026-05-08 05:09:49+00:00,raisacollection22,langsung aja deh k intinya berapa tahun 😭😭😭
2026-05-08 05:09:20+00:00,exxileee_,plis gua mau wisudaaaaa
2026-05-08 04:04:54+00:00,maestro_12putra,orang urus..
2026-05-08 05:07:49+00:00,husnacollection1,jangan lupa ya ges buat konten Slomo slomonya 😁
2026-05-08 05:07:27+00:00,liaaa.aaaaa,stop jir
2026-05-08 04:32:18+00:00,melipiuu_,aduh sya lgi batuk ntr di kira virus
2026-05-08 04:50:03+00:00,farasya72,mulai lagi dahhh ...
2026-05-08 05:06:14+00:00,pacarnyapeem,#dirumahaja2026
2026-05-08 05:02:01+00:00,sievenovich,"jangan deh, nanti banyak yg jadi pengangguran lg seperti pas covid"
2026-05-08 04:52:50+00:00,ineana9,Woiii gue mau nikah bulan depan pliss jangan aneh aneh deh
2026-05-08 04:25:34+00:00,listity09,langsung aja kapan mulai daringnya?
2026-05-08 04:37:01+00:00,user9041688155076,Langsung aja berapa tahun dan Vaksin berapa kali
2026-05-08 04:19:46+00:00,dhot_dosign,"selagi bukan virus zombie , aman😂😂😭😭"
2026-05-08 04:59:40+00:00,yummieluviu,duhhhhhhh
2026-05-08 04:59:05+00:00,ndptr.y0,jangan dlu msih cari loker🗿😭😭
2026-05-08 04:58:25+00:00,nbla820,gak mau season 2😭
2026-05-08 04:36:48+00:00,nndyae___,brisikk ahhh
2026-05-08 03:57:09+00:00,refiiiauliaaa,
2026-05-08 04:15:10+00:00,andara337,"aduh, jangan lah nyebar di Indonesia
angsuranku belum selesai🥺"
2026-05-08 04:14:34+00:00,ganesyaa__,suami gue baru ge mau kerja ampun😭
2026-05-08 04:13:59+00:00,sussss.ls,"singkat saja, jadi liburnya berapa bulan?"
2026-05-08 04:16:24+00:00,mputmnyamatcha,ga mau ad daring² lagi😭😭
2026-05-08 04:48:14+00:00,twentytwoofjune_,"kalo depok msh aman, kita aman"
2026-05-08 04:46:59+00:00,bbnn16713,stoppp😭w blm wisuda jirrr
2026-05-08 04:44:00+00:00,acacaca_22,jadi kapan mulai liburnya?
2026-05-08 04:41:35+00:00,pppengenkaya,bakal ngagur lagi kaya nya 😭
2026-05-08 04:30:15+00:00,putrykharisma.39,"singkat saja, BERAPA TAHUN LIBUR NYA?"
2026-05-08 04:27:28+00:00,yuriianindiaa,aduhh jangan dulu plis
2026-05-08 04:16:29+00:00,rsmfaj22,apa lagi si ini yaallaj
2026-05-08 04:10:17+00:00,astinuraeni_,Aduhhhh libur lagi🥹
2026-05-08 04:09:46+00:00,momhanggabhima,wis langsung aja mau brpa lama? 2 tahun lg? atau gmn nih
2026-05-08 05:20:24+00:00,muhamadbaihakialkhaizan,
2026-05-11 02:39:20+00:00,tedyjayyady,virus hanta habis itu virus antah berantah
2026-05-10 23:52:57+00:00,ei4373,libur berapa lama
2026-05-08 23:51:42+00:00,andriangilang683,kicau kicau kicau mania kiw kiw
2026-05-08 05:25:51+00:00,anjelirahmma,singkat aja pemerintah mau libur berapa tahun locdwon nya???
2026-05-18 14:41:03+00:00,bernadbear818,"beritanya cepat kali SMP indo,,
trnyata ladang duit,njirrrr"
2026-05-09 06:34:22+00:00,very.importantperson8,"to do poin aja, kapan libur, kapan vaksin😂"
2026-05-09 06:33:59+00:00,faidal.elias.abdul,
2026-05-09 05:01:46+00:00,tegekbrak,waduhhhhhh waduhhhhh
2026-05-09 01:31:44+00:00,mhmmdriizkya,mau berapa tahun ni libur nyaa
2026-05-09 06:20:04+00:00,nasirwajos,jadi bisnis LG nnt
2026-05-09 04:55:36+00:00,tarianakbusri,masa sekelas kapal pesiar yg mewah ada tikusnya
2026-05-09 04:55:01+00:00,junot.86,vaksin lagi😅😅
2026-05-09 06:40:41+00:00,gholun.karawang,"bntar lagi cair neh konoha,ttp rakyat kecil yg menderita mah"
2026-05-09 04:47:42+00:00,boncos542,siap kan skrining buleh cuman jangan langsung pirus sdh menyebar ya
2026-05-09 04:44:26+00:00,momveejay,innalilahi
2026-05-09 01:34:21+00:00,rivalval452,"siap""lagi habis masker😅"
2026-05-09 04:44:26+00:00,surya.prastyo,hadehhh politik apa lagi 🤣
2026-05-09 06:34:28+00:00,muhammad.mustajib,firus ugal ugalan🙅
2026-05-09 06:39:54+00:00,evandimas.09,Libur pirang dino Iki??
2026-05-08 05:35:43+00:00,faradilla.karina,sales wifi mulai banyak orderan ini..semuanya serba online
2026-05-08 05:28:53+00:00,ilancezzs,Manya part 2
2026-05-08 05:23:44+00:00,op0sie,jangan yaallah
2026-05-08 04:48:40+00:00,nurfadillah884,"Langsung saja Ini bakal libur, mulai tanggal berapa"
2026-05-08 04:48:21+00:00,saostartar_,yaaa elah blm juga gw punya tabungan wkwk
2026-05-08 04:12:22+00:00,justcallme_tataa,"@sa plis deh, belum aja kerjaa😭"
2026-05-08 04:08:45+00:00,astr994577805,@dyn.na
2026-05-09 01:35:17+00:00,igoralah,Konoha ni bos
2026-05-09 04:43:17+00:00,nantae830,baru aku mau kerja loh massa nanti libur 🤣🤣
2026-05-09 06:40:23+00:00,radityapangestu30,PPKM berapa lama ini to the point aja beli saham di kesehatan dijamin meledak
2026-05-09 03:27:39+00:00,oka.sajalah.ya,"yg kena kan diluar,di kapal pesiar lagi,mana bsa masuk ke indo"
2026-05-09 06:00:45+00:00,asep_ariesta,ayoo kapan di vaksin?
2026-05-09 01:28:41+00:00,satrianihgenk26,bisnis2 lagi
2026-05-09 06:01:32+00:00,taufikenuh562,udah ada lagi berita apa ini 🤣🤣🤣
2026-05-09 06:02:02+00:00,angelbilyand24,ancor tuhang eee
2026-05-09 06:08:46+00:00,yusri_celluler.com,MBG itu yg virus bagi rakyat
2026-05-09 06:10:53+00:00,tomblos.jr,singkat saja berapa kali harus di vaksin😏
2026-05-09 01:25:22+00:00,melilahamit,"cuan ini,. mantap hidup pirus"
2026-05-09 06:17:04+00:00,decloren10293,ngr Konoha kalau ad keuntungan cpt kali ditanggapi
2026-05-09 05:48:50+00:00,agungprasetyo458,proyek lg
2026-05-09 06:17:18+00:00,abcdefyou257,Logika aja klo memang asal nya dari tikus kenapa nggak dari dulu virus ini udah menyebar kan tikus banyak di sekitar kita kecuali tikus belum ada dlu nya
2026-05-09 05:35:10+00:00,awanumi,konoha
2026-05-09 05:25:43+00:00,suhardised,"udalah bang"" malah di besar"" in clasik amat virus"""
2026-05-09 01:28:32+00:00,satrianihgenk26,ada2 aja indonesia ini..
2026-05-09 05:01:56+00:00,pandu.winata145,mulai lagi crta baru
2026-05-09 05:21:35+00:00,ubed201,"kenapa harus tikus ya?
karna tikus ada d mana mana?"
2026-05-09 05:20:58+00:00,ajidwapawasamsi5,proyek
2026-05-09 06:18:03+00:00,k.saputro,😂 Ora urus
2026-05-09 05:20:20+00:00,tuanmasogi,saham kes mulai naik
2026-05-09 01:29:39+00:00,ahmadfadly_nippong,😅😅 ngelawak lg
2026-05-09 05:15:54+00:00,ftm_id,Kemenkes : cair cair
2026-05-09 05:14:52+00:00,macan.asya,😅😅😅😅🤣🤣🤣🤣🤣🤣🤣🤣🤣🤣🤣🤣🤣🤣🤣🤣🤣🤣😅😅😅😅😅😅😅😅
2026-05-09 01:30:27+00:00,sri.rejeki943,😏
2026-05-09 05:14:01+00:00,westo..penak2,"drama OPO neh to Run.
...Run????"
2026-05-09 05:08:44+00:00,sakoja5,😂😂😂
2026-05-09 05:05:07+00:00,strong.mivec,Uhuyyy Bisnis dunia lagi dong
2026-05-09 02:54:36+00:00,lubisedi2,GK takut udh ada MBG mkn penuh gizi
2026-05-09 03:49:40+00:00,tuan.muda46,intinya ajaa mau libur brapa tahun?
2026-05-09 02:19:53+00:00,jhoniy02,lanco lah
2026-05-09 02:22:11+00:00,irwanidriz,virus nage kabawa arus
2026-05-09 03:46:44+00:00,file_kased_,virus Corona hanta hintanhuntabcovis apa lagin
2026-05-09 02:26:02+00:00,mawang0078,kita kapan vaksi nya
2026-05-09 02:34:06+00:00,mahkota.roy,lahhhhh 🤣
2026-05-09 02:40:36+00:00,ntlia976,😳😳😳
2026-05-09 02:44:43+00:00,bebasterbang8,kayaknya akan ada aturan yang akan Dateng ni
2026-05-09 03:45:01+00:00,yuane95,proyek baru lgi ya😂😂
2026-05-09 02:45:34+00:00,yusuf_.suf,sediakan dana
2026-05-09 02:47:07+00:00,oseawelkodanatu007,cba virus zombi mungkin seru🤣
2026-05-09 02:48:25+00:00,iniajanike,𝐬𝐞𝐦𝐨𝐠𝐚 𝐚𝐝𝐚 𝐯𝐚𝐤𝐬𝐢𝐧𝐧𝐲𝐚 𝐚𝐦𝐢𝐧
2026-05-09 03:45:00+00:00,arapa707,"vaksin, Vaksin & Vaksinnnn😂"
2026-05-09 03:50:04+00:00,iwan_iwan66,kapan mulai suntik tahap 1
2026-05-09 02:57:09+00:00,deny1260,"lebih bahaya dari virus gk punya uang ,,, dan pekerjaan ,, mau makan apa kita satu keluarga ,,,"
2026-05-09 02:59:52+00:00,amueng06,mulai deh kumat
2026-05-09 03:03:55+00:00,faiskhal01,"aaaaaaaaaaaaaaaaa,,, cairr lagiii"
2026-05-09 03:08:35+00:00,aanadr1yan5yah,mulai mulai
2026-05-09 03:35:33+00:00,hairullahmarhum091,😳🗿🗿🗿
2026-05-09 03:14:38+00:00,jabbarjabbar9982,vaksin😂
2026-05-09 03:18:49+00:00,sukmawaty.siantur,😂
2026-05-09 03:18:54+00:00,sukmawaty.siantur,🥰
2026-05-09 01:12:20+00:00,sikaseptea268,libur berapa tahun
2026-05-09 03:19:02+00:00,sukmawaty.siantur,😳😳😳
2026-05-09 03:35:21+00:00,dimasdanamar12345,"🙏riset nuklir,sejauh logika berfikir lagi jaman virus Corona itu tikus biasa biasa aja yg di ketahuii umum tikus hanya virus PES ini bisa hanta ??"
2026-05-09 03:29:32+00:00,bangsafar90,duit masuk 🤣🤣🤣🤣
2026-05-09 03:25:10+00:00,tobi_pakekl,virus meneh ngko nutup dalan meneh
2026-05-09 04:10:54+00:00,arifakhrulhidayat,🤣🤣🤣🤣🤣
2026-05-15 06:50:48+00:00,andikakurniawan326,saya mau virus nya dong😂🤣
2026-05-13 11:21:48+00:00,arispr4,gass
2026-05-13 11:21:52+00:00,arispr4,gad
2026-05-13 09:13:41+00:00,ekosupriadi457,proyekkk
2026-05-13 06:26:36+00:00,adivindawan36,proyek lg ajh
2026-05-13 06:24:29+00:00,jalugaspoll,Kalo penumpang kapal pesiar yg terjangkit virus hanta pencegahan nya jgn kapal dan penumpang nya masuk ke indonesia
2026-05-12 17:07:50+00:00,rudyy.r4,mau virus apa kek hidup mati di tanggan tuhan bukan di tanggan vaksin
2026-05-12 11:19:34+00:00,milaxxx752,KAPAN SUNTUK ANTIVIRUSNYA?GUA UDAH GAK SABAR GES
2026-05-12 06:12:47+00:00,aidil_ridoni88,udah nyampai woyy indonesia😁🤭
2026-05-11 10:49:50+00:00,rehanaf08,sprtinya ini akal2 imu ini🗿
2026-05-11 08:02:45+00:00,kandangtimoer99,belum denger vaksin nya nih😆
2026-05-10 22:52:47+00:00,meisyaaulia482,hus virus
2026-05-10 21:45:02+00:00,mjidahasib,bisniss🤣
2026-05-10 21:13:24+00:00,lastrywidyayhola08.ii,"Baru aj mau nikah, dha sibuk pulak bevirus** . Kita udah susah,jangan dibikin susah cuy"
2026-05-10 17:24:22+00:00,jocksri,proyek baru....😂😂😂
2026-05-10 16:07:20+00:00,user94755938,"virus , BMKG , sekrang udh tak skip lgsg klo ada beritanya"
2026-05-10 15:08:31+00:00,budiyantiyaaa,hanta virus itu nyata...ibuku 18hr dirawat...itu nyata...jaga kebersihan aja buat smua🙏
2026-05-10 15:06:44+00:00,mondaybharaduta4,proyek lagi....
2026-05-10 14:54:38+00:00,mangaraja.doli.ma8,"😂😂😂😂😂 muncul, muncul"
2026-05-10 13:06:15+00:00,ompirang.q,"kapan mulai lockdwon nya,, kapan"
2026-05-20 01:34:35+00:00,oktavianus971,"singkat saja, berapa kali suntik vaksin ?"
2026-05-20 01:59:46+00:00,azza2923,Jangan post ulang guysss😂 semakin viral virusnya semakin menyebar
2026-05-20 02:13:41+00:00,mmmi430,apakah ini akan libur 2 minggu
2026-05-20 01:32:13+00:00,vikia_mahda,atur ajalah
2026-05-21 05:31:02+00:00,mujicaem.jangan.d,oke
2026-05-20 16:36:57+00:00,fatih.abizar24,ke puskemas mesti lebih ketat suruh pakai masker lagi😭
2026-05-20 04:16:04+00:00,metyouat00,gamau jangan kek dlu gwh gamau wisuda onlen 😞
2026-05-20 11:35:18+00:00,itsmetikaah,APASIII ELAAHHHH CAPEK BGTT TIBA TIBA BGT DI JAKARTA
2026-05-20 02:46:34+00:00,tsanakamelia29,MAU APALAGI SIIIII
2026-05-20 01:31:07+00:00,_ellfaqot27,cpet bngt dariluar kota tb tb d jkrta
2026-05-20 03:04:45+00:00,veronmilyader,ide bisnis siapa lagi ini sialan
2026-05-20 11:13:47+00:00,resvyfasanti,"cuekin aj berita kek gini, skip aj biar imun kita ga down"
2026-05-20 02:48:38+00:00,nappetiue_,gausah viralin guys
2026-05-20 02:18:02+00:00,wrdhane_e,ga usah di viral viralin gitu ah nanti lockdown lagiii🙄
2026-05-21 00:38:05+00:00,puliah5,Hanya virus udh ada dr jaman dulu
2026-05-20 03:19:52+00:00,aldinar2608,proyek brapa triliun ini😅😅😅😅😅😅😅😅
2026-05-20 02:10:43+00:00,ceritakelana_08,ak percaya agh kmi cepat kale dah di jkrta
2026-05-20 16:33:28+00:00,mamahzura3,tiba2 bnget di jakarta😭
2026-05-20 15:31:02+00:00,dwiayumlyn,muak bgt gua sumpah!
2026-05-20 02:49:42+00:00,dinaamellllia16,apansii tiba'di jkt
2026-05-20 02:07:46+00:00,boru_harahappp,semoga kita selamat di season 2 ya
2026-05-20 11:12:33+00:00,gitalyputri,Ke intinya aja libur berapa taun?
2026-05-20 01:38:38+00:00,hermayanti.putri,berapa tahun wfh pekerjaan lagi??
2026-05-20 01:12:17+00:00,rahhmaaaaaa__,tbtb bgt dah di jakarta?? kmrn perasaan masih di luar😂
2026-05-20 04:16:54+00:00,zenasyf,"singkat saja, lockdown berapa lama ini?"
2026-05-20 01:47:21+00:00,suka.motormio,Untung layar dan speaker hpku rusaknjadi gatau ini vidio apaan
2026-05-20 03:10:57+00:00,nana_mbadi,"minggu lalu sy terkena influenza tipe A. rasanya persis seperti virus omicron. gak karu2an badan, nginep di RS 5 hari. gak disuruh vaksin2an sih. buat waspada aja temen2 apapun virusnya sangatlah ga enak."
2026-05-20 18:31:39+00:00,glamore88,"di abaikan saja,perfikir positif dan berserah kepada Tuhan,pasti kita akan selalu sehat"
2026-05-20 23:22:52+00:00,imahrosmwt,"singkat saja, berapa lama ppkm"
2026-05-20 11:52:12+00:00,badriatuns,"udh Napa berita beginian Mulu , ekonomi juga gak baik2 saja 😏"
2026-05-20 02:14:27+00:00,blueskyyyyy52,jujur cuma takut gapunya duit soalnya cicilan masih banyak 😭🙏
2026-06-01 09:49:22+00:00,nhalisna03,ga takut ga takut wlee😂
2026-05-20 01:30:55+00:00,byutiies,jangan terlalu di ini iniin bgt deh ah
2026-05-20 01:39:24+00:00,marisamarisa557,singkat wae mau berapa lama lock down
2026-05-20 15:27:59+00:00,tsumanti_1104,ah deh
2026-05-20 14:30:31+00:00,tiodorjuitahutahaean,drama apa lagi ya Allah 😭
2026-05-20 01:04:19+00:00,phoenixf12,masak part 2 janganlah
2026-05-20 12:44:33+00:00,dreammieesss,cuek
2026-05-20 11:04:47+00:00,xyz_psw29,tiba² udah dijakarta aja🗿
2026-05-21 00:33:59+00:00,dony.dovi,hahay
2026-05-21 23:48:49+00:00,bunamima,era Covid 19 Lagi?😳
2026-05-21 01:00:31+00:00,dinydinoy,harga masker mahal lg dah...
2026-05-20 17:24:14+00:00,rumah.koki,Caiiirrr
2026-05-20 01:51:21+00:00,monajaya99,lagiiii😳 baru pulih ekonomi
2026-05-20 02:28:34+00:00,tianaaristiana1,lahh udh nyampe indo ta?
2026-05-20 01:43:22+00:00,fikk.ze,akal-akalan orng hebat
2026-05-20 01:28:55+00:00,siapasih20_5,ujung ujungnya di suruh beli obat/vaksin
2026-05-20 01:56:51+00:00,lsa23846,"Gamau lagi vaksin , setelah vaksin lambung ku bermasalah, badan sering lelah 😭"
2026-05-20 01:53:30+00:00,strawhatpirate2001,omong kosong
2026-05-20 01:46:37+00:00,budubhedeng,inii maaa bisnisss 🤣🤣
2026-05-20 02:00:02+00:00,yuyunsantikaaa,"gausah heboh gee, gausah di ramein diemin aja"
2026-05-20 01:13:26+00:00,vanchia2,singkat saja? mau lockdown berapa lama lagi?
2026-05-20 11:19:31+00:00,ts1424,intinya bisnis😭
2026-05-20 04:25:31+00:00,ika.kartika0511,jangan sampe aja kasus 2019 terulang lagi😞
2026-05-20 09:15:34+00:00,tsanakamelia29,males bgt kalo dipaksa vaksin
2026-05-20 08:09:49+00:00,jamilahmilah4712,hooh ada2 aja
2026-05-21 02:20:12+00:00,www.tiktok.comayuza,"w pura2 ga tau aja kaa,bahkan selalu jawab aahh masaaa,ko bisaa wkwkkwk"
2026-05-20 04:40:42+00:00,nurcahya6856,aku pura2 gak denger aja kak 😁
2026-05-21 02:42:59+00:00,qorisagita,sy pura² ga tau....😊
2026-05-20 12:56:46+00:00,hafaza_100220,😂🤣😂
2026-05-20 02:18:31+00:00,doksgamers02,cicilan apa
2026-05-20 03:27:27+00:00,nanisetiawati63,2thn 2 bln ka🤭
2026-05-20 14:53:06+00:00,arsyilla_cillahayfa,hahahhaha.
2026-05-20 14:17:01+00:00,yuliaelizabeth609,sebulan kak 😁😁
2026-06-18 12:31:55+00:00,salsaveronica0709,🤣🤣
2026-05-21 03:55:11+00:00,hermayanti.putri,waktu pas covid aja 4x vaksin kak 😂
2026-05-21 02:12:36+00:00,user51220313283734,apa ga kurang kk😭
2026-05-20 22:18:10+00:00,hunnykdany,😂😂😂
2026-05-20 16:22:12+00:00,ennymuliono,kog sama ya aku jg terakhir hbs vaksin booster jd lambung sering gangguan dan sering sakit
2026-05-20 14:29:29+00:00,afi.story,ga mau 😭
2026-05-20 13:22:52+00:00,hermayanti.putri,saya malah 4x vaksin kak😂😭
2026-05-20 13:22:07+00:00,hermayanti.putri,saya kemarin vaksin 4x kak😂😭
2026-05-20 11:20:13+00:00,winhaguadisragiel,😂😂
2026-05-20 04:43:54+00:00,yuliyaayuarsita5,"sama, benar banget aku tuntutan perusahaan harus suntik vaksin smpai hbis tu ngikut trus suntik. efek nya badan skrng cepat capek"
2026-05-20 04:27:22+00:00,putri_shop2023,"gua 4 x njir tiba "" jd sering sakitt"
2026-05-20 04:13:45+00:00,p98765jys,betull
2026-05-20 03:23:32+00:00,shofarisna96,Apalagi maksudnya kak 😅 typo
2026-05-20 03:23:02+00:00,miraatriyanti,alergi 20x teh apa ka?
2026-05-20 03:22:10+00:00,vie222526,sekali pun gapernah di vaksin kopid pas jaman itu😂
2026-05-21 11:55:46+00:00,suka.motormio,Lah😂
2026-05-21 11:28:29+00:00,ssssttkepo,awas bg malaikat lewat di aminkan lho
2026-05-20 02:11:15+00:00,suka.motormio,Lihat di hp temen🗿
2026-05-20 14:25:53+00:00,zulehamarlina,"koq sama, cucu dan anak sy masih di rawat di RS Krn virus influenza type A"
2026-05-20 12:23:13+00:00,kiyowo.ind,Ngaduk dalgona lagi
2026-05-21 02:39:51+00:00,piscessofiana,apalagi ni ya allah 😭
2026-05-21 01:13:32+00:00,lelbarat,Apa lagi ini gaes😅😅😅
2026-05-20 11:01:17+00:00,rapidarismayantipasaribu,mulaiiiiiiiii
2026-05-20 06:28:56+00:00,farasya72,cuekin aja Weh jangan share share berita ginian
2026-05-20 03:25:21+00:00,anakpejabatj,"jan dulu weh, gue baru mau kerjaaa 😭😭"
2026-05-21 03:21:48+00:00,faridahasana7,apalagi nih woooyy.....????
2026-05-20 15:34:26+00:00,novgie,Jadinya libur berapa lama 😅
2026-05-20 14:50:48+00:00,yattieyannke,yAelaaah
2026-05-20 01:36:51+00:00,prmtasy,UDAH PLISSSS
2026-05-20 05:53:46+00:00,alpiyan3773,apakah wfh s2
2026-05-20 09:55:00+00:00,demonnkite,liburrr liburrrr
2026-05-20 15:21:22+00:00,inka.255,"dahlahh... dollar lgi naik,, apa"" mahal ga usah d tambahin sama berita kya gni"
2026-05-20 04:14:43+00:00,yukkepluto,"singkat saja, 2 minggu apa 2 tahun?"
2026-05-20 14:15:18+00:00,margieagustine,lebih takut ga ada duit dr pada hantu virus
2026-05-21 06:26:00+00:00,hanifitriani75,apa lagi ini😭
2026-05-20 06:28:32+00:00,farasya72,mulai daaaah..
2026-05-21 05:18:13+00:00,b15272727,"pleaseee skip aja,klo ada berita macam ini,jd berita gak akan naik🤣🤣"
2026-05-20 03:29:00+00:00,adzani588,cuma disini yg merugikan rakyatnya
2026-05-20 16:49:09+00:00,phiaaradea,"harus siap² masker lagi aja nih, nant mahal lagi😭"
2026-05-20 04:40:37+00:00,kysjohan,ga usah di like kalau lihat video kayak gini..
2026-05-20 02:03:46+00:00,elinurmala7,ahh apa lg inii
2026-05-20 14:40:21+00:00,zulfwandi,pura pura gak tau 😌
2026-05-20 11:12:12+00:00,nenkirfan836,mulai mulai
2026-05-20 15:45:24+00:00,user7747925908384,politik ah
2026-05-20 17:32:15+00:00,sep_cio,ada apa ini😅
2026-05-21 00:49:18+00:00,akmalygsalah,oot😹
2026-05-20 15:58:43+00:00,candyysweetss,Betull .. mau mulai bisnis lagi
2026-05-20 11:57:31+00:00,itsdestiny_21,Biasa bisnis 🤣
2026-05-20 09:00:47+00:00,win.in.silence22,"Kak sy tinggal di UK yg mana sgt2 dekat sekali dg hantavirus yg sdg merebak. Tp alhamdulillah pemerintah sini blm ksh aba2 apapun dan kapus jg g ksh peringatan apapun. Pdhal UK kan dkt dg netherland dan sekitarnya. Beda saat bbrp bulan lau kasus meningitis merebak di UK, semua pemerintah smp kampus pun lgs ksh peringatan darurat. Kl hanta ini disini g ad kabar apapun dan alhamdulillah sehatt2 kami disini🥰"
2026-05-20 05:58:21+00:00,jihanrazka2623,di ada adain mulu emng
2026-05-20 05:11:47+00:00,huaaaaart,Bukan tiba-tiba. emang penyakit ini sudah ada dari dulu. Dan Hantavirus di Indonesia itu beda dengan Hantavirus yg ada di kapal pesiar itu. Hantavirus yang di kapal pesiar itu bisa menular dari manusia ke manusia.
2026-05-20 04:46:24+00:00,_inipalen,"aku gatau ini beneran apa engga, tapi dosenku minggu lalu cerita kalo murid temennya ada yang kena"
2026-05-20 04:39:35+00:00,empus347,"betul kak,, jangan sampe kita di buat seperti dulu lgi 🥺"
2026-05-20 03:19:41+00:00,zharaaa93,masak mu di bohongin lagi kitaa😭😂
2026-05-20 02:46:20+00:00,zaheraacncy,rupiah turun
2026-05-20 02:29:28+00:00,oreobluberi,sengaja itu kak.. makannya cuekin aja berita2 kek gni
2026-05-20 01:50:53+00:00,adyanrbt,spill dong kasus mana lgi yg mau di tutupin
2026-05-20 01:16:56+00:00,aisyahputri0820,biasa politik ada yg kasus yg mau ditutupin mungkin😂
2026-05-21 19:11:08+00:00,user7096188565269,"udh tau LG krisis ekonomi,,"
2026-05-20 14:32:59+00:00,yuni_astrigo,Betullllllll
2026-05-20 02:32:40+00:00,fikk.ze,wkwkw betul sekali
2026-05-20 01:44:59+00:00,fiarisdian28,ky GK tau aja . kn aapa aja bisa jdi bisnis .
2026-05-20 15:06:39+00:00,marysibertus,"singkat saja, jualan apa lagi nanti ?"
2026-05-20 23:10:51+00:00,adithiafamily,
2026-05-21 04:04:09+00:00,herika1680,apaan lagi ini 😭😭😭😭😭
2026-05-20 06:10:14+00:00,egawiwit3,bisnis dimulai
2026-05-20 11:05:43+00:00,nasutionnapaor87,Mulai.. Mulai.. Mulai..... 😳
2026-05-20 01:57:33+00:00,haazelnaats,"tumben jakarta, bukan depok nih, biasanya depok duluan"
2026-05-20 12:07:47+00:00,dina_thengemil,"tiba² bngt dijkt, biasanya lwt depok dulu"
2026-05-20 12:41:37+00:00,spillbytantan_,cuekin aja gess
2026-05-20 12:43:17+00:00,iniakun_sc,jangan di up 😂
2026-05-20 13:22:30+00:00,indrijsk5p7,Bismillah...aja...gw aja...msh bingung SM covid ini ada LG...tmbh pinter gw...😁
2026-05-20 11:13:19+00:00,novi.alfahrizi,"janga perna takut Krn saya selama covid tdk vaksin,percaya dgn hidup sehat sdr aja."
2026-05-20 13:18:55+00:00,randis183,proyek apalagi ini
2026-05-20 12:17:56+00:00,satsutw,😂
2026-05-20 12:09:10+00:00,eskelapa97,"halah akal akalan kalian aja,logika aja lah coba"
2026-05-20 13:04:26+00:00,kyuti750,hantuvirus
2026-05-20 12:16:09+00:00,rachmazq,alaaaah..... 😏
2026-05-20 12:34:16+00:00,devi.rhmwti14_,udah dehhh jangan bikin nambah” kerjaan dokter :((
2026-05-20 12:29:06+00:00,4f5828,tumben gak dari depok dulu 😭😭😭
2026-05-20 12:30:31+00:00,nuraidarita,Mulai deeh....😇😇
2026-05-20 12:57:50+00:00,milajamilah_0,jgn di bahas deh. nati lebay
2026-05-20 12:45:27+00:00,tie.cemplon2,belajar dari kasus covid beberapa tahun yg lalu 👌🏻
2026-05-20 12:30:53+00:00,kiki.dharmasari,ini lagi presmian pembukaan gedung baru puskesmas 😁
2026-05-20 12:48:53+00:00,user7713959396765,🥺🥺🥺
2026-05-20 12:35:59+00:00,hk2381,ud capek dan bosen dengar virus...ada2 ajaah
2026-05-20 12:48:44+00:00,user7713959396765,😁😁😁
2026-05-20 09:49:18+00:00,tteh.92.aries,apa LG ini hadeuh
2026-05-20 01:44:14+00:00,shofarisna96,🤭
2026-05-20 11:21:20+00:00,evaaa539,Bisnis masker mehong lagi deh😁
2026-05-20 11:21:13+00:00,ferrysusanto182,"woy masih ditengah laut , cepet amat kalau bisnis sama rakyat 😅😅🤣🤣"
2026-05-20 14:44:37+00:00,nink796,wfh lgi yg lama 😁
2026-05-20 11:10:02+00:00,initegarbukansih_,aahh ajg siap siap aja ini gw jualan kembang hias lagi
2026-05-20 11:09:25+00:00,nicoolcol,"singkat saja, libur brp taun?"
2026-05-20 11:09:00+00:00,ochie2785,masa dr spanyol udah di jakarta aja langsung saja...berapa kli hrs vaksin....?
2026-05-20 11:07:11+00:00,candra_rowobelang,intinya ttp semangat berjuang kerja banyak duit minum vitamin jaga kesehatan jaga kebersihan jaga makan tetap bahagia
2026-05-20 10:52:28+00:00,rbuicpsgt,bisnis bru boy
2026-05-20 21:16:17+00:00,devisadangdut,untung gw udh d eropa dh bs terbang.klo GK bakal d persulit kek WKT copit
2026-05-21 00:31:26+00:00,amelkimuy,Cepet amat lewat jalur mane dia
2026-05-21 04:43:50+00:00,gus.pras,apalagi iniii
2026-05-20 20:10:53+00:00,arispratama201013,"yaelah udh sampe aj🤣
brp tahun jd nya lokdon ni?🤣"
2026-05-20 18:31:30+00:00,riskaoktavianti14,virus apa lgi ya Allah
2026-05-20 17:39:17+00:00,mamadanish76,"ada aja virus lagi, kehidupan udah susah tambah susah aja rakyat kecil 🤦‍♀️😥😥"
2026-05-21 11:31:46+00:00,fitriwindasariii,Suka berlebihan emg 🥲
2026-05-20 14:53:58+00:00,muhamadteguhtrisantoso,"ribet, lg zaman susah begini, ada aja penyakit tambahan"
2026-05-20 14:04:10+00:00,auuuraaa00__,"moga Alloh melindungi semuanya insya Alloh tidak akan terjadi apa""🤲🤲"
2026-05-20 08:54:23+00:00,aimann353,Ga usah di dengerin biarin bae jangan di viralin
2026-05-20 14:53:30+00:00,intannnn09111,hadeh apalagi sih 🥺 baru juga kmrenan covid
2026-05-20 13:40:25+00:00,megaemhiel7,aku tak percaya lagi😂
2026-05-20 16:01:13+00:00,haiihrami,cuek aja gua mah cuek
2026-05-20 02:03:52+00:00,kakainong07,intinya jgn di viralin gaes
2026-05-20 08:54:30+00:00,aimann353,@WIN 🐣
2026-05-20 14:16:11+00:00,yuliaelizabeth609,Aamin ya rabbal alamin 🤲
2026-05-20 10:37:05+00:00,abhiearmando,ga ush di gede gede in berita ini..emang dari zaman jebot tikus bawa virus biasa aja..ga ush lebay
2026-05-20 10:33:56+00:00,ssssaaabbb_12,ok
2026-05-20 10:23:26+00:00,wibimanyuadityo,kalau ada berita2 kalau berita covid dulu itu jgn terlalu dibesar-besarkan kita jaga aja kesehatan kita dan happy biar imun kita kuat
2026-05-20 10:22:35+00:00,jaylandd,"ga ada libur libur, gue skrg nakesnya🙂"
2026-05-20 10:22:18+00:00,femmee13,Langsung saja lockdown berapa tahun?
2026-05-20 10:13:51+00:00,asmiyanti_,sudahlah intinya kacamata
2026-05-20 10:00:03+00:00,uncu.an,singkat saja lockdown berapa lama?
2026-05-20 09:59:17+00:00,aenjayuyee,ada proyek apa lg nih? kejar target ya
2026-05-20 09:52:46+00:00,ekafitri1.2,ya Allah apa lagi ini😭
2026-05-20 10:45:34+00:00,mahyraels,to the point ajah.. target brp jualan obatnya??
2026-05-20 09:47:58+00:00,jaliah8904,seperti apa gejala penyakitnya?
2026-05-20 09:46:05+00:00,exo99844,di luar negeri ada di Indonesia pasti ikut ada klau penyakit
2026-05-20 09:39:02+00:00,linachikey,hmmmm😏 gw dikapal pesiar ada tikus aja dah aneh😏
2026-05-20 09:37:46+00:00,irmaapriliasentos,Gejalanya apa ?
2026-05-20 09:35:36+00:00,rayyanka072,menan
2026-05-20 09:22:29+00:00,jalanaja.duluu,Dalgona 2.0?
2026-05-20 09:12:11+00:00,ftyni2003,banyak ya drama hirup ini
2026-05-20 09:09:31+00:00,cocil466,hadeh ekonomi lagi sulit ada aja ☹️
2026-05-20 11:21:56+00:00,niaulli,singkat saja siap masker
2026-05-20 12:02:40+00:00,silvia.masela,"kemarin baru sandar kapal nya dluar ,skrg udh masuk sini aja 😂😂😂"
2026-05-20 11:59:27+00:00,queen1.17hades,"cuekin,,"
2026-05-20 11:57:32+00:00,keenan.shareen,egak takut
2026-05-20 11:54:55+00:00,user1567811327488,mau dagang dah
2026-05-20 11:47:41+00:00,fitriyanti0799,Mulai....Mulai....
2026-05-20 11:37:04+00:00,wwwtitok557siput,jangan deh gue capek hidup susah terus jangan ada virus lg
2026-05-20 11:37:01+00:00,bunda_adit03,cuma bisa ketawa saja... 😁😂
2026-05-20 11:34:00+00:00,dedeh.jadidah,mulai nanti cepet geh di tangerang ..
2026-05-20 12:07:27+00:00,rieyanti39,bisnis lagi aja..
2026-05-20 08:27:11+00:00,viann_989,Terlalu diini2in sii jadi fomo wkwk 😭
2026-05-20 08:10:07+00:00,misleo56164,hadehhhhh
2026-05-20 08:03:01+00:00,pastiadahikmahnya12,cuekin aja
2026-05-20 08:03:07+00:00,co0kiemd,pake peduli lindungi lagi ga ini?
2026-05-20 07:58:36+00:00,kembaranarieltatummmm,dah ga percaya lagi 😂
2026-05-20 07:55:39+00:00,ia_solihah,"jangan Ah semoga aman2 sehat 2
🤲🤲🤲"
2026-05-20 07:34:43+00:00,callmethaa9,Opomeneh to kiiiiiiii😭
2026-05-20 07:11:08+00:00,user5517047386987,to the point aja udh libur brp lama?🤭
2026-05-20 06:08:28+00:00,sagitariuz.6,konoha konohaaa
2026-05-20 05:53:15+00:00,upinjgnsedih,oke gas lagi kah?
2026-05-20 05:41:51+00:00,dionlyts,"dari jama dulu banyak tikus,baru ini ada virus nya"
2026-05-20 05:24:03+00:00,flowerpuffy2401,singkat saja berapa bulan? atau tahun?
2026-05-20 05:19:02+00:00,takia.taqi,hanta apa yg merasukinya
2026-05-20 05:18:50+00:00,tuyyamaya_,Akal akalan konoha
2026-05-20 05:11:34+00:00,artemuz69,Emng kapal nya brhnti d indo ?smpe tertular?
2026-05-20 05:08:14+00:00,yolandari257,"langsung poin nya aj , berapa bln , tahun ?"
2026-05-20 04:51:29+00:00,ismi_similikitty,"ga usah di gubris berita kek gini, jangan trulang lagi jaman covid,"
2026-05-20 04:42:39+00:00,queenofmatcha_0,Ga usah di viral in ges
2026-05-20 04:42:30+00:00,vinacitraaa,intinya kacamata
2026-05-20 04:29:21+00:00,belahayang2026,masker lagi cuci tangan lagi aahhhh mual bgt dah 😤
2026-05-20 04:13:56+00:00,aryafandi1234,prettt
2026-05-20 04:09:57+00:00,fzhstsr,Duhh
2026-05-20 03:53:22+00:00,elisabeth.citra,lagu lama😏
2026-05-20 03:53:02+00:00,watersign98,mulai mulai
2026-05-20 03:41:06+00:00,mayyylubis,cuekin ajalah peduli bgt
2026-05-20 03:40:18+00:00,nisaayipi,cuek in aja ges
2026-05-20 03:31:50+00:00,sayyidah.30,pas ada kasus ini saham kesehatan langsung naik drastis 😂
2026-05-20 03:18:03+00:00,_brwn2,Kapan liburnya?
2026-05-20 03:17:25+00:00,yuliasih53,"wes gak ush bikin panik .
hadech"
2026-05-20 22:56:10+00:00,ja.rot22,iya kok sm aku jg ngerasain bgtu☹️
2026-05-20 09:58:36+00:00,aenjayuyee,iya bnr aku aja vaksin 2x badanku cpt capek pdhl q rebahan doang
2026-05-20 13:39:26+00:00,lsa23846,SMA Kk 😭
2026-05-20 20:12:58+00:00,yogifahruroji,"itu masalah nya,, lebih banyak gerak lagi ya jangan rebahan terus, salah satu penyebab gampang lelah ya rebahan"
2026-05-20 12:02:58+00:00,san_sanuy,aku cuma vaksin sekali doang sampe demam 😫
2026-05-21 10:57:03+00:00,bunda.kiki589,sama.
2026-05-21 02:12:49+00:00,user51220313283734,bnr bgt
2026-05-20 21:56:48+00:00,sriehartaty5,ho oh...aslam ku yg sdah sembuh puluhan tahun jadi kambuh
2026-05-20 22:33:59+00:00,conan.46.x,kak klo kaka gejala aslamnya gmna ka. boleh sharing pengobatannya
2026-05-20 15:51:50+00:00,efita_sari1,ka aku ga pernah vaksin slama covid karna ga di bolehin suami
2026-05-20 15:39:46+00:00,nuyyizhiyukuaiii2,Samaaa😁🥺 huhuu
2026-05-20 15:18:48+00:00,mr.wijaya91,Betul bngt
2026-05-20 12:57:03+00:00,conan.46.x,ka spill lambung bermasalahnya gmna. aku juga 😭. siapa tau bisa sharing
2026-05-20 13:39:08+00:00,lsa23846,"Langsung kena asam lambung sma gerd Kk asli capek bgt bolak balik masuk rs , sering bgt mau pingsan pusing perut dada terasa panas"
2026-05-20 11:20:32+00:00,noni64130,"iya bener ak lengkap pe 4x, skrg gampang bgt sakit😭"
2026-05-20 03:15:07+00:00,chocopiesces_,Mulai dahh mulaii
2026-05-20 02:59:21+00:00,sariyummie,lockdown lagi kah?
2026-05-20 02:54:54+00:00,erfinabastisyah,hadehhhh
2026-05-20 02:47:34+00:00,bebez10_,ahhh ada lagi aja
2026-05-20 02:44:35+00:00,ibu.restu79,ingt kta kata pak darma
2026-05-20 02:41:34+00:00,dinosa4o,cuekin aj ges
2026-05-20 02:37:04+00:00,shifaoktalia01,gausah di ini ini napa ah gua mao nikahhh
2026-05-20 02:34:24+00:00,melisadiann,Mulaiii mulaiii
2026-05-20 02:33:54+00:00,evl612,Takut banget pengalihan isu
2026-05-20 02:28:11+00:00,shallufirma,singkat saja… jadinya libur berapa tahun?
2026-05-20 02:26:22+00:00,arikmafiliyamasud,skipp
2026-05-20 03:31:42+00:00,butterflyjournal_,
2026-05-20 03:08:33+00:00,nnayyy4_,tuh awal ada di jakarta loh ya bukan depok
2026-05-20 03:04:28+00:00,cintany07,Udh point y aj pak brpa kali vaksin🙏🏻
2026-05-20 05:59:40+00:00,cristianxwrs,Stop ya
2026-05-20 01:43:12+00:00,dwiamalia1747,"anehnya penyakit2 besar yg tersebar,tapi orang penting pemerintahan ga ada yg kena ataupun mati dri jaman covid"
2026-05-22 06:29:00+00:00,kuncayy3,bisnis lagi ajh
2026-05-20 14:21:56+00:00,asep.bachtiar.pam,saya LBH takut klu mancing boncosss 😁
2026-05-20 03:30:46+00:00,cica_yunita2,hoaxxxxx
2026-05-20 01:41:03+00:00,yudiahmad332,covid 26
2026-05-20 01:39:27+00:00,vy_nvyn,politik terusasss
2026-05-20 01:28:40+00:00,gpenting71,"drmh aku tb"" banyak tikus smpe beranak pinak mana susah bgt di jebaknya"
2026-05-22 10:53:53+00:00,widya.ayu.ertanti,Halah
2026-05-22 08:52:55+00:00,marezkyfamily,gak akan vaksin
2026-05-21 20:07:23+00:00,utari.thaaa,proyek apa lagi nich? 😅🤭
2026-05-21 19:10:09+00:00,user7096188565269,"maksudnya 3 kasus positif,HantaVirus , penyakit semcm covid, contohnya ap"
2026-05-21 15:52:13+00:00,astridbobbymozes,"alah alah alah bosen
demam batuk pilek uda itu aja ga usah si besar2in ckp jaga kesehatan, kebersihan di jamin hidup sehat"
2026-05-21 11:01:31+00:00,ayas.1414,ya Allah . baru aja merasakan kebebasan . masa dipingit lagi ini 😩
2026-05-21 08:03:10+00:00,____cappucino88_____,serah lu dahhh rakyat lgi pusing PHK
2026-05-21 06:48:17+00:00,ryanryadi5,"biar gak pada demo ya
.."
2026-05-21 06:13:08+00:00,siti__0330,"tolong urus virus galian mewabah di jakarta pak,,,"
2026-05-21 05:21:25+00:00,idaisa2410_,"tumben nongol,a dijkrta
kirain didepok😁"
2026-05-20 16:31:39+00:00,michelleangeline56,"pret lah
mau ladang cuan lg nih."
2026-05-20 14:06:33+00:00,cuteindah55,Nakes lagi nakes truss kalau sudh begini di tuntut pasti jadi garda terdepan tapi giliran soal kesejahteraan & gaji faktanya terbelakang sungguh tidak manusiawi 😟
2026-05-20 13:43:44+00:00,dsyook06,"diem ya, gua baru mulai cari kerja njr"
2026-05-20 13:43:40+00:00,infinityblessing88,tumben bukan di depok
2026-05-20 13:43:25+00:00,akungabutzzzz1,Nah mulai dah🤣🤣🤣
2026-05-20 13:43:24+00:00,infinityblessing88,libur berapa lama guys?
2026-05-20 13:40:37+00:00,zaina.kinara,di njus lg urusannya 😂
2026-05-20 15:16:59+00:00,hayubelirumah,duit nya dah pada abis kayanya nih
2026-05-20 16:17:31+00:00,andi.santi25,kmrn covid sekrg hantavurus hadeuh
2026-05-20 15:43:29+00:00,nurlitasetiani,halah konspirasi
2026-05-20 15:37:36+00:00,kalinda940,"diemin ajah, jngan di viralin"
2026-05-20 15:19:00+00:00,mr.wijaya91,Akal2 an bisnis
2026-05-20 15:18:23+00:00,neu241979,Mulai mulai mulai…..😂😂
2026-05-20 13:39:11+00:00,ar_sal14,"langsung aja, liburnya berapa tahun ??"
2026-05-20 15:16:43+00:00,zahilll,"hanta virus tidak menular dr manusia yaa
jd tikus ke manusia bukan manusia ke manusia
jaga kebersihan rumah aja jgn ada tikus"
2026-05-20 15:11:35+00:00,pratamaaja07,udh lelah di suntik2 terossss berasa kaya ayam boiller aja
2026-05-20 15:08:07+00:00,tattaob,virusnya menyebar lewat sosmed😅😅
2026-05-20 15:06:07+00:00,inu.doang,ada virus lagi...
2026-05-20 15:02:41+00:00,imah14sy,au ah pusing..😂
2026-05-20 14:57:22+00:00,adibakanzaff,😳😳😳
2026-05-20 14:55:09+00:00,nandajoe88,"kenapa harus DKI jakarta?
dlu wktu awal covid juga sama di jakarta...
coba deh di Kaltim gitu..."
2026-05-20 02:15:16+00:00,ald.febry,To The Point aja: libur berapa bulan ???
2026-05-20 14:20:15+00:00,mamahclaradinar,😁😁😁
2026-05-20 14:53:39+00:00,abdul.rosyid3707,Hyo mau drama aplgi nih😂
2026-05-20 14:53:12+00:00,ana249708,draaaa maaa
2026-05-20 14:52:57+00:00,agnairalazuardi,"Jangan di up trus berita kaya gini mah
up terus tuh kasus2 korupsi"
2026-05-20 06:13:40+00:00,p.mitha.s,Kayanya dari dulukan tikus ada ya knp baru skrg si
2026-05-20 14:42:02+00:00,nurlayla0064,😁😁😁
2026-05-20 14:22:22+00:00,men_starr,Bau bau uang nii🤭
2026-05-20 14:22:01+00:00,zayadi09,"perasaan yg terpapar di tengah lautan trus ga boleh singgah kmna"" sampai bener"" ada penangan srius. loh kok tiba"" ada di jakarta 😂😂😂
lucu amat sih Konoha ini"
2026-05-20 16:27:15+00:00,user9655211381610,"walah ..
dari luar negri , cpet bgt udh ke indo"
2026-05-20 13:24:54+00:00,hermayanti.putri,the point aja liburnya berapa tahun wfh pekerjaan ya😭🙏
2026-05-20 02:24:37+00:00,dwiamalia1747,"keren nya lagi virusnya paling cepet smpe ke jakarta wkwkkkw.
ga ada wilayah lain apa."
2026-05-20 06:27:04+00:00,inyomanpaulsukadana,no no anum no no
2026-05-20 02:26:44+00:00,silvaaaaaaaaaa962,🦠: jangan percaya 😂
2026-05-20 02:21:03+00:00,idafarida3332,o...o..o...o..duduk dipinggir pantsi
2026-05-20 02:20:34+00:00,sfdlh11,Nanti suntik vaksin ada berapa ? terus macem nya apa aja ? Terus nanti kalo mau ngelamar kerja harus ada surat vaksin nya ya ?
2026-05-20 02:18:52+00:00,park_jimin12tari,termonitor ketua
2026-05-20 02:17:06+00:00,idaw578,"kaga mau lg suntik"""
2026-05-20 02:16:56+00:00,dviani25,@lahgtauya
2026-05-20 02:15:18+00:00,risaridayanti1,mulai mulai mulai 😏
2026-05-20 02:28:14+00:00,bening_hafizah,mulai😳😳😳.. singkat saja mau divaksin brp kali?? 😳
2026-05-20 02:11:15+00:00,lusi19_,bikin nambah ribet bos gua😩hidup lagi cape bgt nih
2026-05-20 02:10:41+00:00,febrian_tri,kayak gini jangan di ekspose harusnya ya .. biar ga kayak covid
2026-05-20 02:09:06+00:00,manisanarab,Ooooh
2026-05-20 02:09:01+00:00,dedeardiansah7953,gua GK percaya ah.
2026-05-20 02:08:36+00:00,permen.chacha92,langsung blg brp lma lockdwon ..
2026-05-20 02:07:59+00:00,rere08150,"singkat aja berapa lama libur, vaksin apa?"
2026-05-20 02:06:33+00:00,alfiraafk,APASIIII INII IH
2026-05-20 02:06:10+00:00,ivihuy04,😳😳😳
2026-05-20 02:05:44+00:00,jantik48,OPO maneh Iki
2026-05-20 02:43:01+00:00,hallownae,Aku prcy pk dharma
2026-05-20 03:03:39+00:00,fiiqq_a6,akal akal an doang ini demi cuan
2026-05-20 02:59:13+00:00,pejuang_aja27,"ga usah di gede gedein ah ,"
2026-05-20 02:54:36+00:00,harrellbabynkids,Pret ah😂
2026-05-20 02:50:05+00:00,ciapahayohh,naon deui atu ieu ehh karek ge rek nga dpan perum yeuhh intina we lockdwon deui?
2026-05-20 02:49:24+00:00,deobeul_q,"cuekin aja, biar anyep"
2026-05-20 02:05:03+00:00,momynael23,"ksian bngtt anak gue, wkt TK ga wisudaan. masa thn dpan kelulusan EsDeh jg ga di rame""in😭😭"
2026-05-20 14:07:56+00:00,hoyhoi,"jgn dah, klo dr Depok.. auto viral 😭"
2026-05-20 02:36:31+00:00,gedesukanta25,aku mencium bau bau rupiah bakal turun lagi 🗿
2026-05-20 02:35:25+00:00,saini72876,ujungnya duiiiiiit duiiiiiit duiiiiiit
2026-05-20 02:33:24+00:00,nannisarl,jgn dikasih panggung plisss
2026-05-20 02:33:16+00:00,raaaaaaaaaaa.02,Gua gk perna hidup tenang perasaan dah masih kecil ada flu burung gede dikit ada chikungunya remaja dikit corona ini apa lagi virus tikus 😩
2026-05-20 02:29:39+00:00,byitjamakeup0,MUA terancam sepi tapi amit2 yahhh
2026-05-20 01:31:51+00:00,dplstri12_,"klo disuruh vaksin, gamau ahh"
2026-05-20 01:38:31+00:00,sarofahjauhari,hadeh
2026-05-20 01:38:28+00:00,ichcaanisa0526,Abaykn
2026-05-20 01:37:04+00:00,uttyy.21,"singkat aja, liburnya kapan?"
2026-05-20 01:37:01+00:00,mas_irwan1999,"Jangan drama lah, rakyat lagi susah... kenapa bisanya nyusahin rakyat terus"
2026-05-20 01:36:49+00:00,k.a.k.28,"Kam stop sdh,"
2026-05-20 01:36:15+00:00,pipi1082,hallah
2026-05-20 01:35:54+00:00,bellee.30,
2026-05-20 01:34:19+00:00,kamu.nanya0285,gedek banget gua sama liputan 6
2026-05-20 01:34:03+00:00,tasmanpanigfat,🤣🤣🤣
2026-05-20 01:42:45+00:00,dolphinlovina,Virus punya banyak uang ada ya
2026-05-20 01:24:30+00:00,krimsy_,🙂 p mksd
2026-05-20 01:09:40+00:00,ikaajaa810,@ncell
2026-05-20 01:07:55+00:00,pingki742,Otw lokdon
2026-05-20 01:05:57+00:00,gisma1060,@Lizz_4u √™🩶 @sinda
2026-05-20 01:05:20+00:00,gisma1060,4
2026-05-20 01:04:48+00:00,pasukan.lngit,😁😁😁
2026-05-20 01:03:00+00:00,azizahpebrianti2,1
2026-05-20 01:54:32+00:00,_capricorn_only,covid season 2 is back 🔥
2026-05-20 02:04:16+00:00,_fhmy8,ga mau pandemi lgii
2026-05-21 02:44:01+00:00,dviani25,Ada dada aja
2026-05-20 18:59:59+00:00,dvtxyz,ga ada udh anggep aja
2026-05-20 02:01:28+00:00,lililalalisa99,Pliss mau liburan dluuu😭😭😭
2026-05-20 01:59:48+00:00,phobiagendut,😭😭😭
2026-05-20 01:59:36+00:00,naimptm,6 tahun sekali ada virus baru
2026-05-20 01:59:02+00:00,yltrich,hadeh
2026-05-20 01:58:34+00:00,shanshanaffa,pasti bentar lagi PJJ ni
2026-05-20 01:57:37+00:00,yulia_110794,hadeeehhhh 😏😏
2026-05-20 01:56:27+00:00,h.thesen,Jangan ke rumah sakit dulu yaa bahaya ‼️
2026-05-20 01:52:28+00:00,andrehaul777,jadi kapan libur nya 😂
2026-05-20 01:52:03+00:00,user1900695819292,😂😂😂
2026-05-20 01:49:24+00:00,labelrecord,"jangan kasih panggung ges virus nya , sksd"
2026-05-20 01:48:25+00:00,annisarahma4307,Hmmm mulai mulai
2026-05-20 01:48:24+00:00,bamznz,lgsg aja brp hari libur?
2026-05-20 01:44:59+00:00,dindamaharanih_,Apalageeee ini miskahhhh
2026-05-20 01:44:32+00:00,yatiarmada,
2026-05-20 01:42:52+00:00,dedekgemes643,🤣bulsit
2026-05-20 05:35:06+00:00,assurur4,semoga dijauhkan dari penyakit
2026-05-20 06:16:55+00:00,yolahrlna,"singkat saja, kapan ni di liburin"
2026-05-20 01:02:59+00:00,lusss191,pertama
2026-05-20 05:54:08+00:00,fataitvina,Tiba2 udah di jakartaa🤣🤣🤣
2026-05-20 05:40:20+00:00,sulhajirahmat,"rupiah melemah,masuk laaa proyek ini lg😁😁"
2026-05-20 04:59:18+00:00,marlinawang1,padahal aman2 aja yah🤣
2026-05-20 04:57:58+00:00,elfapratiwi4,"ingat Jangan di hiraukan,jalani aktifitas seperti biasa ya ,"
2026-05-20 04:55:39+00:00,sriy027,bisnis segera kembali🤣
2026-05-20 08:24:24+00:00,upita_04,amit2
2026-05-20 08:58:23+00:00,mbairah91,hallaah
2026-05-20 08:57:36+00:00,rdksiti25,"PJJ,muak kali"
2026-05-20 08:55:22+00:00,nkh161,"apalagi sih ini?
pak wowo tolong jelaskan!!!
herannnn buka tiktok bikin ovt terus"
2026-05-20 08:49:37+00:00,pipitdim,mulai...
2026-05-20 08:38:37+00:00,dewirahayu2906,skip aja guys
2026-05-20 08:37:19+00:00,yuspine94,Stop ya suruh kita Vaksin🤪
2026-05-20 08:36:34+00:00,bung.yadi6,gk ada pemberitaan
2026-05-20 04:46:05+00:00,bariayani,😏😏😏
2026-05-20 08:18:48+00:00,awan_tanjung1,"siap2 guys, masker akan langkah dan mahal. atau kamu pakai masker kain aja, yang motif batik atau ada motif kebayaknya."
2026-05-20 08:09:10+00:00,pak.budi435,virus korupsi yg sangat berbahaya
2026-05-20 08:06:15+00:00,carramell144,"bisnis""🗿"
2026-05-20 07:57:10+00:00,lohelehaleholemot,jadi kapan psbb nya
2026-05-20 03:20:11+00:00,kal_atta,jebakan apa lagii ya
2026-05-20 03:32:40+00:00,jcleoz,sung aja berapa lama liburnya
2026-05-20 05:44:23+00:00,mammegaa,Amin iya ya ada ajah gebrakan nya
2026-05-20 03:31:39+00:00,levoit96,abang kelapa ijo makin laris karena aku dulu tiap habis vaksin minum air kelapa biar ga demam wkwkwk
2026-05-20 03:30:00+00:00,kirai587,"cuekin aja ih gausah di like, benci kali aku ini 😭"
2026-05-20 03:29:23+00:00,marninr07,"Asal MBGnya nyampe rumah aja 3 orang 3x pagi siang sore , buah biscuit UHTnya 😁"
2026-05-20 03:28:45+00:00,ayupradana_,"singkat aja, vaksin brpa x kali ini guys?"
2026-05-20 03:22:14+00:00,mysuraz,mulai mulai😏
2026-05-20 03:37:03+00:00,kamu0666,🥱🥱🥱🥱
2026-05-20 03:14:16+00:00,madumu_2,Cukein gk usah di tonton terserah mereks aj
2026-05-20 03:13:22+00:00,pisces97189,🥰🥰🥰
2026-05-20 03:08:06+00:00,echi29863,mulai mulai 😏
2026-05-20 03:05:35+00:00,maminyachalist4,jangan kasih panggung
2026-05-20 03:05:31+00:00,slaial10,"yaaah, yaudah vaksin berapa kali jadinya pak??"
2026-05-20 04:41:29+00:00,algaharussyurga01,🤣🤣🤣🤣🤣🤣🤣🤣🤣🤣🤣🤣🤣🤣🤣🤣🤣🤣🤣🤣🤣🤣🤣🤣
2026-05-20 04:39:49+00:00,roraapuoqcy,"kalo gak ada info berita hantavirus di luar negeri, gak akan ada viral berita hantavirus dimana2"
2026-05-20 04:30:25+00:00,bayuana14,basi
2026-05-20 04:30:03+00:00,bayuana14,🤣🤣🤣🤣🤣🤣🤣🤣🤣🤣🤣 mulai 🤣🤣🤣🤣🤣🤣🤣🤣🤣🤣🤣
2026-05-20 04:29:41+00:00,gadisbahagia_,@D
2026-05-20 04:14:19+00:00,p98765jys,ah pret
2026-05-20 09:08:10+00:00,baemon.rukaa,"simple aja, butuh beras butuh beras🗿"
2026-05-20 04:10:58+00:00,nurulainiyah98,bukannya hanta virus cuman menular ke tikus ya?😭
2026-05-13 05:42:53+00:00,sahaiye023,yah mulai mulai dah
2026-05-13 06:15:01+00:00,jsasho,singkat saja berapa taun
2026-05-13 07:03:36+00:00,fachri.237,"langsung saja, libur berapa lama?"
2026-05-13 05:24:14+00:00,manusiatakberadab,jangan sampe dehhh ya allah ingat banget waktu covid ekonomi jatuh🥺
2026-05-13 16:06:47+00:00,riznalestari247,sctv 😁
2026-05-13 18:22:41+00:00,iwan60669,hmmm
2026-05-13 14:46:02+00:00,mey.indaa_,hmm
2026-05-13 05:12:02+00:00,alfifa133,agz min
2026-05-13 05:50:27+00:00,sindywt_,Skip
2026-05-13 16:48:07+00:00,mynonalaras,Apa ni apa
2026-05-13 05:47:47+00:00,vinz_76apel,0
2026-05-13 16:43:51+00:00,mommykenmei,Ya elah
2026-05-13 09:41:48+00:00,yunase2,cpd
2026-05-13 16:36:00+00:00,biswulan,Hadeh
2026-05-13 13:03:44+00:00,hanume_,Udah deh udhhh
2026-05-13 05:15:18+00:00,mon_ittxy,halahhhhhhhh
2026-05-13 05:45:50+00:00,namashaqueela,please atulah😭
2026-05-13 06:17:29+00:00,tieeehere,AELAHHHH
2026-05-13 05:38:47+00:00,sesukahatimu39,skip
2026-05-13 06:15:11+00:00,naclnn,APASI AH
2026-05-13 13:36:23+00:00,lyrachrns_,pls deh😭
2026-05-13 05:59:35+00:00,user61550187358402,lagu lama
2026-05-13 14:18:36+00:00,dindince96,Aya deuiii baee
2026-05-13 11:39:33+00:00,dappp129,jangannn
2026-05-13 05:12:10+00:00,chococips_45,p
2026-05-13 14:18:31+00:00,kendaljooy,hadehhh
2026-05-13 11:16:43+00:00,nanan21.6,Edaaaan
2026-05-13 05:57:23+00:00,1usrly,rport klo postingan gni lwt wkwk
2026-05-13 09:59:10+00:00,mirmirrrrrrrr,Skip
2026-05-13 16:08:53+00:00,ganiscristiani,Mulai deh..
2026-05-13 06:38:28+00:00,kiarashop590,udah lah di besar besarkan
2026-05-13 13:21:26+00:00,yllwsparkle,Tiba2 uda dijakarta aja😅
2026-05-13 12:57:19+00:00,irmawati_1903,"ini termasuk isu politik lagi bukan ya,yang di prediksi pa darma pongrekun ko bener ya"
2026-05-13 12:36:11+00:00,dimsum.ss24,jangan lagi lah.......kesulitan yg ada belum teratasi......sudah ada lg berita ini.....
2026-05-13 14:08:48+00:00,sena..sena2,Uda jangan panic😁lihatin aj dan selalu jaga kesehatan untuk smua🥰
2026-05-13 06:04:26+00:00,monaaa_217,singkat aja mau di liburkan berapa minggu atau tahun?
2026-05-13 05:54:09+00:00,cintabukanharapan,"mulai dah,,"
2026-05-13 05:21:17+00:00,firasukamarselino,kelimaa niee
2026-05-13 18:33:51+00:00,chandr._,"baru juga mau pulih ekonomi Indonesia, ada aja"
2026-05-13 13:06:45+00:00,saridw_,jng di besar besarkn lh
2026-05-13 12:35:11+00:00,gibranzidanefay,ya Allah ada ada aja ya penyakit
2026-05-13 08:17:20+00:00,hermayanti.putri,tutup point aja liburnya berapa tahun wfh pekerjaan 😭
2026-05-13 23:29:00+00:00,lisarivera248,muncul di bulan musim.liburna
2026-05-13 05:11:05+00:00,avlltg,pertama
2026-05-13 08:50:42+00:00,sandwich.00,"ada ada aja lagi, gw aj lgi pusing ini. 😏"
2026-05-13 13:39:08+00:00,irmaraditya,bodoamat ah gue lg puyeng
2026-05-13 06:39:42+00:00,gmsarii,G mau dengar
2026-05-13 06:36:07+00:00,mayyylubis,apakah season dua ini akan lolos juga
2026-05-13 06:25:17+00:00,dandelinesky,"tahun lalu udh angkatan covid, masa tahun ini angkatan hanta🗿"
2026-05-13 05:21:09+00:00,sriyanto316,up aja
2026-05-13 13:39:37+00:00,devajesca,lansung ja libur mau berapa lama 🙏
2026-05-13 07:56:33+00:00,hncnty,Etdah prediksi depok dulu malah deket bgt dr rumah woy🙏🏻🙏🏻🙏🏻
2026-05-13 06:47:09+00:00,papaculo45,mulai kepo dan libur panjang konoha
2026-05-13 14:27:22+00:00,nopitecile,Apaan lg sih iniii
2026-05-13 06:12:43+00:00,panggilajamay5,mau online lagi apa Offline ni😭
2026-05-13 09:15:14+00:00,pecintasepakbola040,yaa RS ini laaagi pengin viral lg.
2026-05-13 06:59:08+00:00,ritanopiana,"bulan mei banyak libur,Juni udh libur sekolah nih 😀"
2026-05-13 09:24:04+00:00,kookieehh,Yailah cape bgt gua
2026-05-14 01:02:45+00:00,scorpio.1601,apalagi sih
2026-05-13 13:39:08+00:00,teteh_ned,ga usah di berita2 kan lah pusing
2026-05-13 13:12:04+00:00,salshsss,Dulu jg awal mulanya gini
2026-05-13 12:02:38+00:00,rhenyoktav,apa kah nty kita bakal vaksin lagi 😭
2026-05-13 13:32:42+00:00,bibef7,jangan terlaluu di gubris yah gys
2026-05-13 10:06:37+00:00,rebbitzkimz,kayak pernah kejadian gitu kapan yaa
2026-05-13 08:33:07+00:00,gioabie18,- vaksin smpe berapa kali
2026-05-13 06:26:57+00:00,venuuz_z64,tempat ini lagi huhu
2026-05-13 12:54:36+00:00,memi.putri,pliss dah gausa di di viral viralin🙏😌
2026-05-13 12:21:31+00:00,wdy101_,Mulaiii mulaiii
2026-05-14 02:23:02+00:00,simatupang.05,bagaimana ciri-ciri nya itu Kak
2026-05-14 02:04:29+00:00,claradinisibarani3,jir laah itu mah dekat kos ku
2026-05-13 18:38:25+00:00,blessed_koe,😁😁😁
2026-05-13 17:34:00+00:00,naayilv0_,😳😳😳
2026-05-13 17:15:19+00:00,rainidhani,😳😳😳
2026-05-13 17:07:55+00:00,salmaaa1810,@nayaaaa @@anothersideoftata★ waii
2026-05-13 16:02:30+00:00,ayism_,cuekin aja gasihh😫
2026-05-13 15:48:03+00:00,mamih.devan0,pokoknya kalo ada yg batuk pilek demam jangan ke rs.. itu aja pesennku😭
2026-05-13 15:45:12+00:00,_lilibethhh,apasih
2026-05-13 15:08:08+00:00,tjantungjung.ahun,😳😳😳
2026-05-13 15:07:07+00:00,ria03ajah,kenapa isolasi nya di indo?
2026-05-13 15:06:22+00:00,nurainiraisa88,kok negatif malah dirawat sih..
2026-05-13 15:02:48+00:00,rembulanmalam_902,lah mulaaaaaaaaiiiiiii
2026-05-13 15:01:19+00:00,dolna162,vaksin pasti
2026-05-13 08:19:07+00:00,ilhamfaizpratama29,
2026-05-13 10:25:14+00:00,mddikn11,ada gk si virus nular rezeki jgn nular penyakit
2026-05-13 10:22:09+00:00,m02qi,brulah kmbali😅
2026-05-13 09:54:26+00:00,tamarashilva4,@Nadiiaa
2026-05-13 09:44:49+00:00,putri.aulia57,"udh ngapah hidup gue udah susah banget ini tambah""in beban idup gue banget"
2026-05-13 15:53:30+00:00,cacaiuiu,Apaan sih
2026-05-13 07:05:20+00:00,ayy0402,libur kamis Jumat Sabtu Minggu kak 4 hari😂
2026-05-13 11:51:26+00:00,caramelmatchaaa90,😅
2026-05-13 08:15:58+00:00,hermayanti.putri,5 tahun kak 😭
2026-05-14 02:48:33+00:00,naayyuutt,untung dah pulang
2026-05-13 22:38:50+00:00,user8314947783579,benar kata cegill
2026-05-13 12:44:34+00:00,pahmidr26,emm iya deh
2026-05-13 08:22:16+00:00,mahalini844,"labuh maning, nembe ayem"
2026-05-13 10:30:35+00:00,fitriyahhandayani5,Kenapa wna malah dirawatnya di rspi
2026-05-13 08:07:41+00:00,maryanti3083,ada aja virus yg muncul 😳
2026-05-13 07:26:33+00:00,hiianes1,Alhamdulillah negatif tapi kenapa harus di bawa kejakarta🥲
2026-05-13 07:20:08+00:00,singwithcika,mulai muali
2026-05-13 07:05:13+00:00,nott_.l,𝚔𝚗 𝚖𝚞𝚕𝚊𝚒 𝚕𝚐𝚒 𝚍𝚕𝚞 𝚓𝚞𝚐𝚊 𝚊𝚠𝚊𝚕 𝚌𝚘𝚟𝚒𝚍 𝚍𝚒 𝚁𝚂 𝚒𝚗𝚒 𝚑𝚖𝚙𝚒𝚛 𝚝𝚒𝚊𝚙 𝚓𝚊𝚖 𝚍𝚗𝚐𝚎𝚛 𝚊𝚖𝚋𝚞𝚕𝚊𝚗𝚌𝚎😂
2026-05-13 07:02:58+00:00,fadilah_s3,seasons 2 nih😌🙏
2026-05-13 06:57:42+00:00,fyunha,HADOOOYYH
2026-05-13 06:52:13+00:00,amira82126,mulai dha
2026-05-13 06:47:03+00:00,chynichya_,"cari berita yng lebih viral guys, biar gk naik nih berita kek gini, ribetttt mkin bnyk aja angka pengangguran"
2026-05-13 12:17:57+00:00,ny_ai07,"udh dijakarta aja heran deh,"
2026-05-13 12:43:48+00:00,dianindrisari,duuuhhh
2026-05-13 12:41:01+00:00,wulan.dwi.utami,"bismillahh indonesia sehat .
#mamakugadakarenacovid 🥺"
2026-05-13 12:39:18+00:00,ilayyyyy_y,cuekin guyss cuekin
2026-05-13 12:38:32+00:00,hondajakarta.viona,mulai dah mulai
2026-05-13 12:31:45+00:00,r1sma.2,dah lah males
2026-05-13 12:28:39+00:00,mamanyarayyan8,@RayyanZa
2026-05-13 12:25:03+00:00,missr787,rs tmp gua kerja udah wajib pake masker sampe balikk ya allah bakal pake hazmat n masker berlapis lg😏
2026-05-13 12:23:03+00:00,_malika066,Mulai heboh sendiri
2026-05-13 12:22:25+00:00,callmevtry,ada aja
2026-05-13 12:45:03+00:00,meyslaksono,kok jalan kisah nya mirip2 kaya kopid awal mula Disni kejangkit nya
2026-05-13 12:13:13+00:00,awuuuls,gue ga mau yaa ada vaksin vaksin yg bikin imunitas jadi turun 😭
2026-05-13 11:48:45+00:00,mr.wijaya91,Mulai kan
2026-05-13 13:03:51+00:00,akuunyill16,katanya Indonesia lgi di jaga ketat supaya gak ada orang asing masuk takut virus nya gak nular tpi ini ko baru beberapa hari aja udh masuk ke indo si ini gimana ya maksudnya
2026-05-13 06:37:07+00:00,dwinoraa_,@jsmnptr @ꪀꪮꪜ꠸ @Faa🦑🦩
2026-05-13 15:08:44+00:00,ibel560,@🕷️
2026-05-13 10:34:04+00:00,hazelrose22_,Pliss anak ku baru mau masuk sekolah 😏
2026-05-14 02:25:16+00:00,akuosinnn,Sudah ku duga☺️😭
2026-05-15 12:49:35+00:00,freaaaaaakkkkkk,Jangan di share2 ya guys
2026-05-13 12:54:46+00:00,syellinur17,Mulai dah
2026-05-13 11:41:35+00:00,dubidubidamdam23,"Salfok, font tulisan ""pusat infeksi nasional"" bisa pake yg agak formal kyk gillroy aja ga si 😭😭"
2026-05-13 11:40:46+00:00,aini_fitri_,anak aku pernah di rawat disini pas kena campak
2026-05-13 11:05:55+00:00,nyonyamuda937,emmm ini toh yg ku lihat ada reporter di depan RSPI...
2026-05-13 11:02:42+00:00,mlk.teea,dr lahir rumah gw tikus got banyak tp gapernah kena
2026-05-05 14:11:30+00:00,puutritiduur,gue gamau ngaduk dalgona lagi ya.
2026-05-05 07:11:16+00:00,lylyly_07,"pls jelasin virusnya, takutt 2020 keulang lagi"
2026-05-05 14:41:56+00:00,pitipiwpiwiwiw03,gw gamau ya pake masker tali 4 lagi
2026-05-05 09:02:06+00:00,novavega,"jangan pandemi dulu yaaa, aku belum dapet kerja, belum dapet pacar juga"
2026-05-05 07:28:06+00:00,tataaa13081,virus apa lgi iniii😭
2026-05-05 16:02:03+00:00,rismaaam,"skippp, jangan dirameinn guys"
2026-05-05 09:02:50+00:00,vera_sitorus98,langsung aja libur sampai berapa tahun?
2026-05-05 08:46:17+00:00,gaddisgladys,baru juga mau mulai karir😭
2026-05-05 07:23:05+00:00,keyraa_97,virus hanta itu apa
2026-05-05 13:31:56+00:00,babirendangntapz,kali ini aku ga akan melewatkan buat joget2 di tiktok 😭😭
2026-05-05 14:52:44+00:00,aullcsx,yaallah semoga ga nyebar
2026-05-05 13:53:17+00:00,cilok1583,hanta siapanya hantu
2026-05-05 10:37:07+00:00,amandapermataaaa,"langsung saja ,kapan di resmikan di Indonesia? vaksin apa ? di liburkan berapa lama ?"
2026-05-06 13:25:07+00:00,allaboutdeaa_29,gua gamau yaa make masker tie dye lagi
2026-05-05 09:33:30+00:00,pearlwashere_,WOI MAU WISUDA DULU IH GMW WISUDA ONLINE
2026-05-05 08:47:02+00:00,hii.zzyyy,maap salfok sma R nya😭
2026-05-05 13:18:00+00:00,lestaarriii._,mmmmmm trust issue sama dunia.
2026-05-05 13:24:01+00:00,aira_01070,Virus hanta adalah virus zoonosis (ditularkan dari hewan ke manusia) yang ditemukan di berbagai belahan dunia. Virus ini pertama kali dikenali saat wabah di Korea pada tahun 1950-an.
2026-05-05 10:33:27+00:00,pujiastuti_004,Jangan pandemi woy aku blm keliling Indonesia😭
2026-05-05 10:15:23+00:00,me.aiy,Intinya aja vaksin berapa jenis
2026-05-05 08:54:53+00:00,queennnnn038,maaf aku bacanya virus matematika 😭🙏🏻
2026-05-05 14:23:33+00:00,lufikafamily,kak? rrrrrrrrrrrrrr
2026-05-05 14:52:08+00:00,mhmrmaid,"stopp ga, gw gmau belajar darling lagi😭"
2026-05-05 08:32:13+00:00,easivyy,gausa libur dulu pls gua masih nganggur😭
2026-05-05 11:31:13+00:00,annadoang5,"singkat saja, libur berapa tahun....,"
2026-05-05 14:21:13+00:00,melliamaww_,gue gamau make masker Ampe double² lagi yaa😭
2026-05-05 14:17:40+00:00,yulilestaari,singkat saja libur brp bulan
2026-05-05 07:27:04+00:00,prpimadona,komen nya jangan oot plis 🙏
2026-05-05 16:42:43+00:00,miegorengrebuc,aku gamauya pke masker scuba' itu lagi
2026-05-05 11:22:55+00:00,rotisbuburasastrawberry,honey your familiar 😌😌
2026-05-05 14:11:21+00:00,hm1222234,Jujur saja mau keluarin vaksin apa????
2026-05-05 10:19:53+00:00,geminiiigirll_1,GAA USAHH NYANDARRR DI INDONESIA PLIS GW MASIH BANYAK TANGGUNGANN😭😭
2026-05-05 08:32:40+00:00,setyaningsih_89,plis jangan dulu aku lagi berjuang buat beli rumah
2026-05-05 07:10:55+00:00,acaaamuuuu,"Ya Allah virus apa lagi inii😭 jauhkanlah negri ini dari musibah wabah, takut banget covid part kesekian😔"
2026-05-05 07:45:49+00:00,yyaa347_,plis jangan lagi 😭
2026-05-05 17:36:44+00:00,palmsugarlatte90,smpe kini gua malu pernh make ni masker😭
2026-05-05 08:41:30+00:00,mbanduu97,jadi liburnya berapa bulan?
2026-05-05 16:22:42+00:00,ajfkkg.23,singkat aja melamar kerjaan harus punya sertifikat vaksin sampek brp kali??
2026-05-05 07:35:49+00:00,mairaahma,trailer AGZ gak ada min
2026-05-05 07:39:38+00:00,user.earph0ness__,"lagi ada info penting, malah oot"
2026-05-05 08:29:59+00:00,this_ezot69,pilus apa tadi?
2026-05-05 07:37:27+00:00,itsvia95,Virus apa iniii?
2026-05-10 16:03:53+00:00,ohyulmoza,"jangan dong ,gua gamau wisuda online"
2026-05-09 07:51:51+00:00,strawberrycuteberryy,😭😭😭
2026-05-07 15:45:31+00:00,sabrinafasa,do you get dejavu😞
2026-05-07 13:24:40+00:00,ibunadhirabahri,@kuee mochii 😭😭
2026-05-07 09:26:21+00:00,hnyok3,yg JK kapten ne panik Gati co
2026-05-07 08:09:59+00:00,ceomellzz,@𝓜 𝄞 @densetsu @zzz @taaa @bluespiderlily.
2026-05-07 07:12:48+00:00,atigerr,@Eeeerrrr 😭
2026-05-07 06:22:18+00:00,strawberrysummerrrr,U
2026-05-07 03:06:45+00:00,coklatt.strawberryyy,@𐙚restiiii😭😭
2026-05-07 03:05:45+00:00,kebeleteeg1,@selamat datang bulan kelahiran:baru juga mau mulai karir😭
2026-05-07 02:55:48+00:00,abcdxxxxinls,
2026-05-07 02:22:36+00:00,seindahmentarii,@nqisss @@￴:￴￴￴￴￴￴￴
2026-05-07 02:16:55+00:00,matauangjepang,@shanny 😭
2026-05-07 01:18:38+00:00,cocomelon0_07,welcome back all
2026-05-07 00:34:12+00:00,aglpinky,😭😭
2026-05-05 14:31:44+00:00,afi.riani,gamau di vaksin/ sweb lagi😭🫵🏻
2026-05-05 15:01:01+00:00,lynelesterlla,Sakit bgt si tes sweb idung gw😭😭
2026-05-05 14:58:38+00:00,lwvndrfaa,"kak dulu sampe banyak yg jual masker pake kain sisaan, takut benget bekas sempak😭"
2026-05-05 14:23:41+00:00,sbllgst,"ASLII, sesak banget kalo diinget😭😭"
2026-05-05 14:21:03+00:00,yanti_cawwww,bukan berapa bulan Tapi berapa tahun 😭
2026-05-05 14:33:08+00:00,amihalfat,kak traumanya blm ilang ya 😭😭😂
2026-05-05 15:21:21+00:00,beverriesh,jgn pls aku anak kost 😭
2026-05-05 15:02:06+00:00,finlandia____,@Iyaaa; 😭😂
2026-05-05 13:11:31+00:00,1itsmeeee,"dulu sih katanya 2 minggu dulu kak, eh keterusan"
2026-05-05 10:05:11+00:00,cekuuuuuut,😭😭
2026-05-05 09:32:47+00:00,tearo206,😭😭@laala☆ @stroberri🍓 @𝓶𝓪𝔀𝓪𝓻𝓱𝓪𝓹𝓲𝓷𝓪𝓪 @028 @mandutt
2026-05-05 09:31:25+00:00,haylaila,"tolong ka, jangan😭"
2026-05-05 08:49:30+00:00,mbanduu97,😭😭
2026-05-05 08:48:45+00:00,l.aleaylz00,kk ga usah fomo😭
2026-05-05 08:44:25+00:00,ssssssnnnmrppp,woiiii😭😭😭
2026-05-05 09:11:55+00:00,setyaningsih_89,iya ih hidup naik turun naik turun terus kadang lagi turub naiknya susah bgt😭
2026-05-05 08:37:08+00:00,miuvaska,"Samaaa😭 baru aja stabil ekonomi ,malah datang lagi ni virus"
2026-05-06 21:38:28+00:00,halisaeva,iya nih kebiasaan bgt netijen indo ini pdhl berita penting buat diwaspadai malah di becanda in
2026-05-05 07:53:42+00:00,febrianti.com,"@Co.Bat Agezet:sekelompok virus yang dapat menyebabkan penyakit serius pada manusia, terutama Hantavirus Pulmonary Syndrome (HPS) dan Hemorrhagic Fever with Renal Syndrome (HFRS). Virus ini terutama ditularkan melalui kontak dengan kotoran, air liur, atau urin tikus yang terinfeksi."
2026-05-05 21:44:43+00:00,fariddzawok,jir masker nenek2🗿😂
2026-05-06 04:00:49+00:00,mimostore0,"haha, dulu dengan bangga memakai nya 😂"
2026-05-07 13:10:02+00:00,lusiananacasia,Mana dlu aq punya dengan berbagai pilihan warna lagi😆😆
2026-05-07 01:30:37+00:00,ysnoonastory,"pernah pakai masker itu ke kampus, dosen bilang dr jauh mirip bikini (tali BH)😂🤣🤣"
2026-05-06 02:05:57+00:00,sherenalways4likooo_,masker kang minta amal
2026-05-10 09:50:22+00:00,hndy1212,Stop kak aku malu
2026-05-07 14:02:20+00:00,luvvan77,gw dlu beli banyak warna😭
2026-05-07 01:10:01+00:00,anggaraaaa531,dulu aku first date pake masker itu😭😂😂😂😂yg warna pink polkadot😭😭😭😭
2026-05-07 06:37:23+00:00,katcawbg,@anggun inget ora gonaku warna biru tua untung apik😭
2026-05-07 10:03:29+00:00,agnxqz,"anjj, koe juga ndue warna pink anj😭"
2026-05-07 05:13:21+00:00,bunda_f_f,"dulu pernah beli 2 lusin, kemarin² nemu diselipan lemari langsung dibuang aja 😄"
2026-05-06 05:27:12+00:00,viapi98,yang scuba jangan di post ya ka lebih malu soalnya 😭
2026-05-07 05:08:48+00:00,yssrrrrrr0,paling best duckbil ya kaaa 😁
2026-05-08 03:14:36+00:00,nora.yulia,ngapain malu😭 aku aja Ampe skrng masih pakai masker
2026-05-07 13:17:05+00:00,twoonepwidyputyii,aku punya yang warnanya beda dua sisi kak😭
2026-05-06 00:12:18+00:00,amsserrr,waduhhhh😭
2026-05-05 17:07:42+00:00,_ffy21,sama lagi😭😭😭😭
2026-05-05 16:45:14+00:00,amsserrr,"plisss kakkk ga maau bgtttt amit2 😭😭😭
gua baru lahirannn😭"
2026-05-12 12:38:34+00:00,azri_091,gua masih nggur lagi gak ada kerja😀
2026-05-12 05:43:02+00:00,riangod812,notif aman
2026-05-08 09:05:37+00:00,z.__024,"@eliyaaasndrka:dan yap, infokan list drakor guys"
2026-05-08 04:36:43+00:00,warlok320,2019 kocak
2026-05-08 01:07:31+00:00,wroosee,😭
2026-05-07 15:08:43+00:00,sindimutiara765,"jangan gitu, utang ku blm lunas. gamau mati bawa utang😭"
2026-05-07 13:58:40+00:00,manusia_ssiaa,jangan aku belum nemuin jodoh kuu😭😭
2026-05-07 12:16:33+00:00,febbbyny,"plis jan dluu euy, cicilan motor gw masih lama bngt😭"
2026-05-07 12:15:48+00:00,ssiwty,jangannnn aku mau menikah
2026-05-07 11:48:18+00:00,maailarfsya,ssk ta gass
2026-05-07 11:43:27+00:00,nsaptrn_,rono oo
2026-05-07 11:31:47+00:00,maailarfsya,iki aku kgn sapa
2026-05-07 11:30:07+00:00,nsaptrn_,sapa kgn aku ngko😭😭
2026-05-07 11:09:54+00:00,maailarfsya,gaiso nongkrong😭
2026-05-07 11:02:15+00:00,nsaptrn_,ojoo to😭
2026-05-28 10:55:30+00:00,relistareiey,nama Vit nya apa kakak
2026-05-11 02:24:15+00:00,ariesgirl93lines,ngeri banget ka
2026-05-10 11:43:15+00:00,paa0200,kak aku vaksin 2 kali yang astra apa itu. badan panas ga bisa bangun 2 minggu
2026-05-10 08:47:26+00:00,allhyr06,"ini virus udh lama dari dulu, cuma lagi naik daun aja, ntr juga redup😹"
2026-05-10 02:35:10+00:00,petualang.pes,sama
2026-05-09 02:01:12+00:00,savirraandiai,to the point aja ya segala bkin wacana virus lgy cape bgt ama indo 🥹
2026-05-08 11:06:45+00:00,ariesgirl93lines,"eh eh, koq bisa sih ka 😳😳😳"
2026-05-08 08:00:51+00:00,mallikadevi444,bener kak
2026-05-08 07:37:37+00:00,ninaflyaruefsingk,Aku juga gak pernah vaksin kak😭😭😭
2026-05-08 06:52:38+00:00,arrasyidlove,gak usah bertele2 kita harus ngapain?
2026-05-08 04:35:59+00:00,tutydjumaty14,Akupun bgtu gk pernah di vaksin gk tw kenapa aku takut aja 😩
2026-05-07 23:39:14+00:00,ervinasitorus017,ujungnya konoha jd uji coba.
2026-05-07 14:27:29+00:00,ariesgirl93lines,jangan sampe 😭🙏 cape soalnya kalo mau kemana pake masker. engap banget kalo nafas soalnya 😭😭😭
2026-05-07 14:22:35+00:00,blondeeemanis,Mulaiii bisnis triliun nih
2026-05-07 14:08:02+00:00,ariesgirl93lines,banyak yg bilang gitu efeknya. jadi ngeri yah ka.
2026-05-12 08:17:48+00:00,nopii_piiwwwww4,😳
2026-05-11 13:33:21+00:00,itsmearaaa__,Alumni 😭
2026-05-11 11:21:24+00:00,lilidyaa8,🤭🤭🤭🤭
2026-05-11 02:21:14+00:00,khaa161,😭😭🤣🤣
2026-05-09 22:31:27+00:00,felly.pebrianti,"samaaa
gw gak pwrcaya lagi sejak covid 19 itu"
2026-05-09 07:47:58+00:00,userrr2222333311111,😭😭
2026-05-09 07:35:39+00:00,fyopppp_,@Rapii 😭😭
2026-05-09 01:46:03+00:00,kentutlalat,@່ mba😭
2026-05-08 15:29:00+00:00,restarea03_,😭
2026-05-08 13:52:03+00:00,awllerr14,+++ efek tebal🥰🥰
2026-05-08 13:48:48+00:00,dinnnofr_,😭
2026-05-08 04:54:21+00:00,juhoon_luvv,ngaduk dalgona jan lupa
2026-05-08 04:54:06+00:00,juhoon_luvv,"gue juga ogah njir masker tali empat, masker medis, masker Spiderman"
2026-05-08 04:39:17+00:00,azyyii,@Nanat
2026-05-05 10:47:21+00:00,duaaaacc,Pelan” kak
2026-05-06 00:00:05+00:00,gelovefa,2 minggu dulu maksudnya nih?
2026-05-07 06:21:36+00:00,joyfull_craft.mw,😂😭
2026-05-07 07:43:18+00:00,mydailythings.id,gedeg bgttt mengingatnya🙂
2026-05-05 13:30:16+00:00,bich4an,udah muak soal nya trauma covid🤭😁
2026-05-06 10:10:12+00:00,ajengghevinda1,2 minggu jadi 2 tahun
2026-05-06 12:57:08+00:00,gelovefa,😭😭😭 muak
2026-05-05 09:06:45+00:00,vanteko6,to the point bngt😭
2026-05-05 09:08:32+00:00,3.april_,kak😭😭
2026-05-05 10:11:22+00:00,deaagistiani,tp MBG gak libur kynya..
2026-05-05 13:55:14+00:00,laliaa_liii,butuh berapa vaksin lagi nih😏
2026-05-05 11:39:58+00:00,_geminijun,"jangan wee, aku blum nikah belum lulus kuliah blum kerja juga😭"
2026-05-05 13:30:48+00:00,rizalabrian0510,jangan sampe dehh
2026-05-08 06:01:29+00:00,irmans411,5 tahun
2026-05-06 14:37:04+00:00,urcuteyyy___,@v @LibraGirl 😩
2026-05-07 05:30:48+00:00,archiemin_04,belum jadi orkay juga🥲
2026-05-06 15:19:46+00:00,a.nnandaaa,"tenang ka, kita sama😭"
2026-05-06 02:33:37+00:00,hebiajaaa,kakkkk samaaaa😭
2026-05-06 02:14:35+00:00,nyomamannyarta,belum keterima itb😞😞
2026-05-05 16:37:50+00:00,novavega,jujur aku kaget tiba tiba banyak notif na😭
2026-05-05 15:50:24+00:00,urthemoonl1ght,"yaampun cepet sembuhh yaa, jauh2 virus2"
2026-05-05 15:10:58+00:00,mstfd__,vegg😭😭😭
2026-05-05 13:44:17+00:00,4n99ygirl,tolongggg yaaa😔
2026-05-05 13:04:37+00:00,adistikarere2,samaa kaaak😭😭😭
2026-05-05 13:00:58+00:00,ciiwiiie,@🦋 @storesaput
2026-05-05 12:47:48+00:00,miireaaa,@🧿 😭
2026-05-05 11:42:47+00:00,paapoyye,ihh samaan lagi mba
2026-05-05 11:28:46+00:00,iam.liaa32,"Sama aku juga belum punya pasangan,belum nikah pliss jangan pandemi dulu😭"
2026-05-05 10:34:27+00:00,chaca22238,"dua"" nya udah ada tpi pliss aku mau jajan dan jalan"" sepuasnyaa😭"
2026-05-05 10:33:25+00:00,erindaardiyanti,sama😞
2026-05-10 13:02:29+00:00,brownies_38,biar fyp trus jadi konten kreator😭
2026-05-09 13:15:21+00:00,kpoooh24,@Me @dopal @275 @yuuu @Nf @Pinkyswifty💕
2026-05-09 10:54:13+00:00,_vrray,😭
2026-05-08 08:51:15+00:00,jemmfou,😭😭😭
2026-05-07 23:04:28+00:00,afrillia124,ikutan ka
2026-05-07 17:59:34+00:00,parastikap_,😭😭😭
2026-05-07 12:46:57+00:00,wlnruby_,fr 😭
2026-05-07 12:37:23+00:00,ysie___,@mpuuttt
2026-05-07 11:13:28+00:00,luvv.yaal,😭😭😭😭😭Demi apa
2026-05-07 10:57:09+00:00,nilam.nna,"Sama kak, siapa tau nanti jd selebtok😂"
2026-05-07 09:11:42+00:00,yulanhuaaaaa,Aku juga mau ikut joget2 nya kak
2026-05-07 06:33:33+00:00,annsbrina,akujugaaaa😭😭
2026-05-07 06:05:52+00:00,nath000private,@Sky
2026-05-07 06:03:08+00:00,katari_toko,Kepikiran ajaa😭
2026-05-07 05:05:51+00:00,co.coboy,siapa tau jadi seleb ya kak cek ombak dulu😭🙏🏻
2026-05-07 10:37:07+00:00,hepizoul,Baru mau cari cwok gw stlh 27taun idup🙏
2026-05-06 23:46:49+00:00,sayaangelllllll,iyalagi
2026-05-05 17:57:39+00:00,n0tnutellaa1,@kobochan
2026-05-05 14:52:16+00:00,starlightsaber2,baru juga mulai kredit motor😭 ngeri era2 covid
2026-05-05 14:25:35+00:00,purplepieu,iya jir😭😭
2026-05-05 13:47:58+00:00,ig.adelianurdy,@umaaa @ℳ𝒷𝒶 ℛ @ayty ☺️
2026-05-05 13:36:48+00:00,zskweyy,IYAA😭
2026-05-05 13:34:34+00:00,yellowskies_23,"Yakan kak, blm kekumpul ini tabungannya😭"
2026-05-05 12:28:35+00:00,cokiessncream._,@klyca 😭
2026-05-05 12:10:19+00:00,ssyyaa2_,jujurrr...
2026-05-05 11:34:50+00:00,daualtime23,ahh sudah tidak lama lagi🥀
2026-05-05 11:11:49+00:00,zeronoisezone,@n.for.n4 @D @cee.mon @kuffaaa`
2026-05-05 08:54:11+00:00,strawberrrrrythv,@nanas @𝔞 @harumhy 😋 @Alyaasafitrii
2026-05-08 13:07:21+00:00,mamoy0914,"pake lotion anti nyamuk ka sebadan"" auto munt*h zombinya😁"
2026-05-08 03:37:01+00:00,user7520421353663,yg disebab kn oleh hewan honta
2026-05-08 03:14:00+00:00,dikiariansyah2,virus hantu kak 😅
2026-05-08 01:37:50+00:00,crpkhn060423,Virus dari tikus
2026-05-07 12:33:23+00:00,user127299403368,aku juga tidak mauu
2026-05-07 12:32:14+00:00,sfnviolet_,@.
2026-05-07 01:33:57+00:00,h3yy0_,Kasus Hantavirus yang menyerang ... https://vt.tiktok.com/ZS9g9D2M6/
2026-05-06 17:44:16+00:00,ami.my13,virus Hantu
2026-05-06 16:07:41+00:00,thisayenn,pandai
2026-05-06 12:24:30+00:00,yyesantika,Haha iya lagi takut banget tiba-tiba ada zombi
2026-05-06 07:35:41+00:00,battlechens,"hantahlah, mana gw tau, kok tanya saya"
2026-05-06 06:19:47+00:00,shanum_almahira0,apalagi aku kak yg terkena anxiety
2026-05-06 04:32:30+00:00,cilaaa059,Rdy t.
2026-05-06 03:43:49+00:00,mazayaaureyla,syalan jangan😭 aku belum nikah
2026-05-06 01:36:27+00:00,ithahusni18,takut tiba² jdi zombi 😁
2026-05-10 20:41:38+00:00,mouza2838,virus bisnis
2026-05-08 02:25:41+00:00,mutiiara007,@Nando~Bunga 👥
2026-05-07 04:09:28+00:00,diennhere_,😇😇😇
2026-05-07 03:32:23+00:00,ritapradita03,emang di kapal ada tikus?? nanya dengan nada serius??
2026-05-07 02:49:27+00:00,anyara857,Sangat betul sekali penjelasannya dan paham dg kalimatnya
2026-05-07 01:15:05+00:00,.klaryn,@nadin @al @raa
2026-05-06 22:31:54+00:00,.aquarius1254,"Iya apalagi ini pliss jangan nnti imbasnya ke kerjaan,motor gua belum lunas😭"
2026-05-06 16:11:14+00:00,larasati.budiman4,bener tetanggaku ada kak virus kencing tikus
2026-05-06 15:13:19+00:00,z4ynzi,gamauu s2
2026-05-06 12:09:00+00:00,naura_putri305,kok aku bacanya HTS ya??
2026-05-06 07:35:27+00:00,si.nap,udah ada lepto lohhh msh ada virus lain😭
2026-05-06 02:32:43+00:00,h.u.c.s01_28,😭😭
2026-05-06 02:31:31+00:00,lovvykittie,"ndok papa,biar tau"
2026-05-06 02:31:12+00:00,h.u.c.s01_28,𝑛𝑔𝑎𝑝𝑎𝑖𝑛 𝑘𝑎𝑢 𝑡𝑎𝑔 𝑎𝑘𝑢 😭🗿
2026-05-06 02:28:44+00:00,lovvykittie,@☆:౨ৎ ˖ ࣪⊹Caroline  𐙚`🍥
2026-05-08 03:47:28+00:00,intann.manullang,ppp. poo0o
2026-05-07 11:58:40+00:00,kangenayahh,@🍓 😭ngakak diss
2026-05-07 08:48:09+00:00,nkmlhhh_,Gamau pake masker gojekk lagi😂
2026-05-07 05:44:04+00:00,pisanggodog1,aku juga gak mau pake masker scuba lagi kak😭
2026-05-07 00:07:32+00:00,d.elieee,😭
2026-05-06 23:01:15+00:00,pikacu_za,behayarr
2026-05-06 16:40:57+00:00,palingkadekkkkkkkkkk,😭😭😭🤣🤣
2026-05-06 15:37:15+00:00,utty1705,Skrg trendnya polkadot kak
2026-05-06 15:02:25+00:00,mionara8,trauma bgt aku kk😭
2026-05-05 13:59:59+00:00,nydyahh,Sepupu nya kak
2026-05-05 15:15:13+00:00,jelita112a,😒😒😒😒
2026-05-06 03:06:02+00:00,shopiyy4,neneknya
2026-05-08 01:25:42+00:00,noname76493,hanta siapa ya ganta?
2026-05-08 00:13:55+00:00,enovieii,Iparnya kak😂
2026-05-06 17:45:24+00:00,ami.my13,ketua nya
2026-05-06 16:20:00+00:00,sss_three,kakanya hantu soalnya hanta anak pertama
2026-05-06 16:09:17+00:00,sridayantiii8,@Ichiboss 🤣
2026-05-06 13:18:06+00:00,chypea98,kak aku nyariin kamu dari tadi🤣
2026-05-06 00:51:39+00:00,niiaapriliia,Siapanya ganta 😂
2026-05-06 00:07:47+00:00,yunie_areta92,kayaknya suaminya hantu kk😂
2026-05-05 16:58:49+00:00,suka_jajan4693,
2026-05-05 15:50:26+00:00,timielovers,Adek ipar
2026-05-05 14:51:15+00:00,ecirenataa,Siapanya genta
2026-05-05 14:25:29+00:00,resiapriana43,ponakan nya hanti🤣😁
2026-05-12 14:09:12+00:00,apuk_dj.99,mantap kakak ini bah...langsung2 aja ngomongnyaaa😅😂😂😂
2026-05-08 04:37:03+00:00,erikadewi123,To the point bg🤣🤣🤣
2026-05-08 03:01:29+00:00,ayuu.._014,bukannya takut malah cari info kpn ke Indonesia 😭😭🤣
2026-05-07 13:24:20+00:00,ayyah792,"jangan dulu lah, 😭baru juga buka usaha..."
2026-05-07 08:28:58+00:00,falashalihaishaq,😅
2026-05-07 06:28:44+00:00,warung_mbakatin,to the point pokoknya udha hafal alur ta
2026-05-07 06:08:27+00:00,iie.ramadhani79,sabarr kak..pelan pelan dl yaa😂
2026-05-07 03:37:31+00:00,43112109930037lie,kakkk pelan2 kakkk tolong jangan terlalu pulgar
2026-05-07 03:17:38+00:00,hornssatin,wkwk iyaa lagi😭😭
2026-05-06 12:34:02+00:00,mochamochi1601,Tenang dulu ka pliss😭
2026-05-06 01:42:08+00:00,mamathar147,Kak gercep amat😫
2026-05-05 23:20:56+00:00,kikym26,"hanta itu virus lama bukan virus baru kyk covid, virus gk sama semua kak, walaupun ada yg meninggal karena virus gk semuanya jenis baru, gk ada vaksin sampai jadi pandemi"
2026-05-05 20:58:35+00:00,sklitinov,😭😭
2026-05-05 11:54:42+00:00,yewloooo,beneerr.. gausah bertele tele 🤣
2026-05-05 11:49:47+00:00,dkw.29,@Syaiful abidin
2026-05-05 14:09:26+00:00,zjskdfghkjsf,😭
2026-05-05 13:23:57+00:00,www.aisss,😭
2026-05-09 12:48:28+00:00,elowcie,tolong tunggu aku wisuda dlu
2026-05-07 14:23:54+00:00,25juli_6,@ya @. @barkah n.b
2026-05-06 11:02:50+00:00,peaccychuwiew,angen dudok t😭
2026-05-05 14:18:10+00:00,__dev22,plisssss iya woilah😭
2026-05-05 13:00:36+00:00,ciiwiiie,@w @billuw
2026-05-05 12:18:37+00:00,milmil_ea,iya lohhh jgn dulu😭🙏🙏
2026-05-05 12:01:16+00:00,kuroro_sikucinghitam,wkwkwk jadi inget wisuda pake emot 🤣🤣🤣
2026-05-05 11:26:54+00:00,ftrhfaa,iyaa wehh apalagi aku wisuda juni
2026-05-05 11:17:11+00:00,weebo_naru,iya woy😭
2026-05-05 10:30:51+00:00,siska_kaltim,😭😭😭😭Tu lahh
2026-05-05 09:50:32+00:00,aaylenaa,gamau gue kalau wisuda onlineee😭
2026-05-05 09:47:24+00:00,pearlwashere_,angkatan 22 kena online mulu
2026-05-05 09:43:00+00:00,vxy_019,@riskadwy09 🙂
2026-05-05 09:39:38+00:00,siska_kaltim,Eh sama 😭
2026-05-05 08:57:41+00:00,amira_aja213,aku juga gk bisa bilang huruf R juga lo kak🥺
2026-05-05 08:50:36+00:00,haavree,"jangan gitu kakak, itu gak krespect banget"
2026-05-05 09:07:43+00:00,rizkymaulina19,Kresek kak maksutnya?
2026-05-05 09:08:25+00:00,haavree,r nya pake k. soalnya aku juga kadang gitu 🗿
2026-05-05 12:05:31+00:00,cipanavin,"bukan ga respect kak, tapi ini reporter loh harus jelas pembawaan kata per katanya 🗿"
2026-05-06 19:44:33+00:00,haavree,aku ngomong gitu ke accglos bukan ke reporter
2026-05-06 11:51:49+00:00,hanafis04,iya gelisah bgt di telinga dengernya
2026-05-08 04:21:40+00:00,15_sadd,"iy SMA KK ,tapi maff ya 😭"
2026-05-05 13:58:17+00:00,annnze,😭
2026-05-05 10:36:55+00:00,ci_mutiya,yok kak liburan kelombok😁
2026-05-05 12:09:16+00:00,ipul.morvin,aku 1x aja belom pernah vaksin ..
2026-05-05 13:46:37+00:00,sellysw13,Gausah vaksin sih 😅
2026-05-05 10:52:36+00:00,mirachael_kessyha,"🤣😭
Intinyaaa Siap ¹ Aj Y Kakkk Yaaa"
2026-05-05 10:27:19+00:00,andin0tt,haha iyalagi kemarin aja sampe 3x vaksin😭
2026-05-05 07:56:10+00:00,acaaamuuuu,aamiin kak jujur trauma
2026-05-08 12:31:28+00:00,altasea8,Akun pemerintah yg ingin buat rakyat panik😂
2026-05-07 06:30:05+00:00,imgud1,@Dizi
2026-05-07 06:20:24+00:00,aaruhisezgin,"tapi hanta virus belum ada vaksinnya dan belum ada obatnya, jadi bikin org cepet meninggal"
2026-05-07 05:37:45+00:00,putrialdanizahra,"aduhh, jadi keinget film train to busan nihh, jadi zombie semuaa😭"
2026-05-07 03:55:01+00:00,jumnah_07,Takut banget jadi zombie😭
2026-05-06 15:16:25+00:00,50shadesofbby,@e. anes @Jimell
2026-05-06 08:52:14+00:00,ripaldi03v,"ya tinggal gak usah, soal ini bukan virus baru dulu pernah ada, vaksin nya juga udah ada dari lama"
2026-05-05 22:10:57+00:00,aprinapemila,sepemikiran😁
2026-05-05 19:26:45+00:00,marita212326,"gausah jadi zombie kak, aku gabisa lari mana lagi hamil lagi wkwkw😂"
2026-05-05 17:57:46+00:00,markisa0501,😅
2026-05-05 16:33:52+00:00,ceploswrites,"lah aku juga mikir gini, Na'udzubillahimindzalik jangan sampai Indonesia penyakit aneh-aneh ini."
2026-05-05 14:26:33+00:00,user_051003,@itsmekalii @Karmila Anggraini
2026-05-05 14:25:49+00:00,cif.kmila,@n
2026-05-05 14:17:04+00:00,louraaga,yopo iki sidone lek? 😳 cancel ta
2026-05-05 14:00:29+00:00,anaa.kasident,kirain bakal jadi zombie 🗿
2026-05-05 13:58:10+00:00,sbthsyy,"GAKK YAA GAUSA BIKIN DRAMA,TANGGUNGAN GUE BANYAAK PLSS"
2026-05-05 13:38:44+00:00,yzzzzzhh,series colony belum tayang woy😭
2026-05-07 07:59:48+00:00,imgetglow,"nanti dulu,aku belum sukses 🥺"
2026-05-05 14:40:52+00:00,kuaci2829,woii gue gamau pake masker tali itu lagi yak!!
2026-05-05 11:33:54+00:00,kiki.durotul,ya ampun Jagan ada virus lagi keuangan belum stabil
2026-05-05 10:53:18+00:00,hi_ini.rara4,jgn pandemi dlu plis aku baru mau masuk kerja besok😭
2026-05-05 19:03:28+00:00,semangkukmieayamstar5,"YAALLAHHH JAUH JAUHHH, finansial belum baikk 😭🙏🏻"
2026-05-05 14:23:21+00:00,oceokeokai,do u get dejavu...
2026-05-05 09:51:01+00:00,putryysaljuaaaja,makin gue dewasa makin ada aja😭
2026-05-05 07:17:15+00:00,stasdcv,"serius klian masih fokus ke trailer ? ini virus loh , nyebar , nular antar manusia woiii"
2026-05-05 16:23:40+00:00,aiemviana_,season 2? ogah jir ah😭
2026-05-06 08:16:54+00:00,0atheya,GUA GA MAU SEKOLAH ONLINE LAGI😭😭
2026-05-05 15:02:40+00:00,dewdewku17,Jngn dtng tolong gue bru nikah mau jlan jlan persi halal 😭
2026-05-05 14:58:07+00:00,alimtias,"bentar jangan duluuu, masih mau liburan ke luar indo😭"
2026-05-05 23:52:48+00:00,adaawongh,ada aja event dunia
2026-05-05 15:51:33+00:00,reckliess,"kalau kaya gini mending antisipasi dari awal, gak sih? buat mencegah. jaga kesehatan, guys, kuatin imun kita. bukannya lebay, tapi belajar dari apa yang sudah kita lewati"
2026-05-05 15:58:57+00:00,armithaaaaaaaa,"skip aja, gausa dibesar2in plis, cicilan gue belum selesai"
2026-05-05 15:42:11+00:00,annelise06lise,"jangan dulu pliss, mau sukses dulu😭"
2026-05-05 14:25:25+00:00,akusukatulip23,jangan aku blm kerja 😭
2026-05-05 13:41:29+00:00,redvelvet.luvie,"tenang, aku punya sejuta list dracin dan drakor"
2026-05-05 11:56:28+00:00,fhikaputri11,"stop yaa, gak usah banyak² lagi. pasti nakes lagi yg jadi garda terdepan. perihal kesejahteraan, paling terbelakang."
2026-05-05 10:55:57+00:00,anggunfitriyay,plis trust issue banget😭
2026-05-05 10:22:34+00:00,alfnoww_,kapalnya jangan bersandarr.. biar virusnya gak nyebarr
2026-05-07 09:27:40+00:00,username416352,Gua baru 3 hari ketrima kerja jan aneh2
2026-05-05 14:38:08+00:00,cukingaseli,gamau daring plss
2026-05-05 14:35:05+00:00,zillaaaaja_,langsung aja mau libur brp tahun?
2026-05-05 09:01:11+00:00,jadiomonganorang,jauh banget kak😭
2026-05-05 10:37:31+00:00,selvyrd,iya lagi😭
2026-05-05 10:23:08+00:00,ffaadyya,samaa😭
2026-05-05 08:59:28+00:00,shxxry121,sama 😭😭
2026-05-08 04:37:26+00:00,myluck1010,darling🥰
2026-05-07 11:07:17+00:00,khakharaisa,oh my darling
2026-05-05 15:07:42+00:00,gantenggagahserigala,siapa darling nya😁
2026-05-05 15:01:45+00:00,whoosdel20,"kalo darling ma dia ka, sameone"
2026-05-05 14:58:08+00:00,niaagni_,daring kak ihhh😭
2026-05-09 17:08:15+00:00,shezasykl,bener bgt
2026-05-08 09:21:25+00:00,.suyaa_,jngn di ramein ya karna takutnya 2019 keulang lagi
2026-05-07 14:42:09+00:00,attar0452,oh iya🤣🤣
2026-05-07 13:55:02+00:00,rismaaam,loh iya
2026-05-07 13:54:01+00:00,chryclesius,loh nanya balik
2026-05-07 13:38:42+00:00,rismaaam,kocak
2026-05-07 13:38:33+00:00,rismaaam,nape
2026-05-07 13:38:23+00:00,rismaaam,kocak
2026-05-07 04:36:57+00:00,titikucing10,bener
2026-05-07 04:33:05+00:00,mniangieee,yang ngeramein orang tv
2026-05-06 23:15:29+00:00,ray.nda_,sepakat
2026-05-06 17:07:50+00:00,firdaaku,"Ihhh benerr iniii, capek bangettt semnjak kejadian covid itu kek bener bener males denger berita kek gini ,kalau di tanggepin nanti bakalan besar lagi kek covid"
2026-05-06 05:09:21+00:00,imthemaincharacter999,bener
2026-05-05 23:38:52+00:00,yyy92526,"nah iyaa lagi, jangan di ramein ntar viral ni virus"
2026-05-05 22:29:48+00:00,ggetthefckout,"iya teorinya begitu, liat aja gimana covid kemarin ngubah dunia sebesar apa. apalagi dari segi ekonomi"
2026-05-05 17:01:01+00:00,windahasibuan98,😭
2026-05-05 14:33:19+00:00,nada_octaullya,KURANG AJAR😭
2026-05-05 14:32:57+00:00,isahh295,kak? ya allah ketawa ngik ngik sampe kesedak😭
2026-05-05 14:32:53+00:00,stroberi.keik,HEHHH😭
2026-05-05 14:32:46+00:00,0415.0201,gaboleh gitu kak😭😭
2026-05-05 14:32:39+00:00,retnoyudha08,heh kak🤣🤣
2026-05-05 14:32:31+00:00,oyonkhab,jahat 😭
2026-05-05 16:26:05+00:00,nasnotnanut,"tergantung pt nya kak, ada yg dosis 2 ada juga yg dosis 3"
2026-05-05 14:57:21+00:00,jihancntik788,amiiin ya Allah 🤲🤲
2026-05-05 18:49:32+00:00,amirulbsl18,aamiiin juga🤲☺️
2026-05-18 11:40:16+00:00,sarahhajja239,amiin ya Allah
2026-05-06 11:19:13+00:00,ulanigun,Aamiin Allahumma aamiin 🤲🤲🤲
2026-05-06 16:24:28+00:00,queenratu_7,Aamiin ya Allah 🤲🏻🥺
2026-05-06 14:42:46+00:00,kynirwani2,Aamiin Ya Allah
2026-05-06 14:31:19+00:00,aisyaaa057,Aamiin
2026-05-06 13:18:07+00:00,yun_.xiii,Amin ya Allah
2026-05-06 03:20:16+00:00,chellzio4ever,aminnn
2026-05-10 10:54:25+00:00,lyaa4665,AAMIIN
2026-05-09 16:03:10+00:00,bluwie_pix095,amiin yaallah
2026-05-07 11:40:14+00:00,itsmepinana,Aamiin ya Allah
2026-05-07 07:16:57+00:00,chelsy.146,aamiin
2026-05-07 03:38:39+00:00,armansgulo,Amin
2026-05-12 14:33:17+00:00,ytta11337,amin
2026-05-05 15:09:30+00:00,fllwrscloudy_,plss iyaaa😭😭
2026-05-05 11:42:09+00:00,h1_.e2,2 Minggu doang kok
2026-05-05 11:48:53+00:00,annadoang5,😭😭cape bnget sma drama tentang virus2 gini...
2026-05-05 11:42:01+00:00,falic88,mulai lagi?
2026-05-05 11:33:23+00:00,h11_m4h,mau?
2026-05-05 08:47:25+00:00,oyyy6292,garuda
2026-05-05 08:50:57+00:00,anis.agustin.muba,Ngakak njir 😅😂😂
2026-05-05 09:50:53+00:00,ainurhikmahf,sukro😭
2026-05-05 08:55:34+00:00,niaayjfk,Kacang atom
2026-05-05 14:44:17+00:00,tippytippytap,jdjud
2026-05-05 08:19:40+00:00,user759261601,@r @c @Ndrahnaadd @K heyyy
2026-05-05 07:48:37+00:00,byhasnah,duh ngeri bgt lagi😭
2026-05-05 07:50:48+00:00,allyocinn,@💤 @Diannn @adelaa
2026-05-07 01:52:09+00:00,user246424789004,Halah
2026-05-05 07:32:15+00:00,prpimadona,"aku ga ngerti juga, padahal kayaknya serem banget ini virus apalagi udah 3 yang MD 🙏"
2026-05-05 13:41:33+00:00,babytokyoobanana,M
2026-05-05 13:41:10+00:00,story.ig.3b,haha malah keluar dari film
2026-05-06 08:27:18+00:00,dewdewku17,Aku mau keliling kalimntan😭
2026-05-05 15:10:20+00:00,aashiie09,kaak aku malah belum nikaaah jadi pliss jangan dateng dulu virus virus aneeh😭
2026-05-05 15:07:20+00:00,gracyaa._,"kak, it's my dream kakk😭
aku mau keliling sumbar"
2026-05-05 23:54:53+00:00,yansz514,event tahunan keknya ya😭
2026-05-06 01:39:11+00:00,night.blue24,"skip season 2, langsung the movie aja"
2026-05-05 15:32:46+00:00,ell4caa,"jangan deh, bisa² yang introvert makin introvert nih😭😭"
2026-05-07 02:25:46+00:00,vieani_,w gamau ngulen donat lagi ya 😭
2026-05-05 12:02:38+00:00,pympaw,woyy gue mau nikah dulu
2026-05-05 14:35:18+00:00,shfr_mdrk,"plisss jangan duluuu, aku mau ngerasain wisuda s1 pake kebayaaa😭"
2026-05-05 11:00:14+00:00,baskaranar,HEII JGNN! AKU BARU MASUK UNPAD😭
2026-05-06 03:31:53+00:00,adrianhollad,sumpah gua gaa mau bikin slime dari sampo
2026-05-05 11:06:53+00:00,anisaulfa007,"pliss jangan pandemi dulu aku belom nikah, ntar nggak bisa hajatan😭"
2026-05-05 12:50:39+00:00,valeraldehida,"baru kerja enam bulan neeeh, jangan aneh aneh njirr"
2026-05-05 15:56:34+00:00,sendiryr,Jangan pandemmi kek dulu lagi yah aku belum bangun rumah
2026-05-05 14:44:00+00:00,im.caring,mau part 2 libur 2 tahun kah?
2026-05-06 00:02:32+00:00,cupcake0reo,apakah ini saatnya aku jd tiktokers?
2026-05-06 15:07:50+00:00,thaccaya,"Langsung ke inti aja, vaksin nya harus berapa kali?"
2026-05-05 10:51:08+00:00,julybee47,aja aja ada.
2026-05-05 13:41:54+00:00,blackemptyyy,MASA SETIAP GUA MAU WISUDA COK😭 AKU PENGEN NYOBA WISUDA IIIIHHH TUNGGU DULU NGAPA
2026-05-05 13:40:16+00:00,ashana.homemade,"Gausah di share, gausah bikin tambah rame, anggap aja gak ada apa2😌"
2026-05-06 06:31:02+00:00,astro.youngers,Gw udah gk mau yaaaa vaksin2an plisssss
2026-05-05 07:05:28+00:00,dess_1012,trailer agz min!!
2026-05-05 14:59:11+00:00,haikalequinostd,"""disekolahku ada thai tea"""
2026-05-05 11:24:04+00:00,riskayuliii,pliss jangan di ulang bulan juli aku nikah soalnya
2026-05-05 11:42:14+00:00,matchaman30,nanti kalo disuruh libur 2 minggu kita pura pura percaya aja ya guys
2026-05-05 10:44:59+00:00,hhyiapiness__,Jauhkan keluarga ku dri virus virus yang akan datang 🙏😭
2026-05-06 10:23:30+00:00,xavierapin,"ya allah , jauhkan kami dari virus tersebut ya allah🙏🏻🤲🏻"
2026-05-05 16:14:42+00:00,cyrus_959,"mles ih gue lagi nganggur, masa Corona part2"
2026-05-05 10:47:03+00:00,baddyguy,jgn pada turun kapal dulu plis
2026-05-07 00:13:00+00:00,heeyysa,gue gamau lagi yaa “ sosial distancing in work “ itu dahlahhh😭
2026-05-06 07:20:49+00:00,sn.tiya,huhuuu yakannn😭😭
2026-05-05 11:54:12+00:00,hi_ini.rara4,"aminn,semngat"
2026-05-05 11:50:51+00:00,naylaputrianjani_,do'ain aku jga dapet kerjaan yaa kak
2026-05-05 10:56:21+00:00,hi_ini.rara4,aminn ka terimakasih banyak doanyaa🤍
2026-05-05 10:55:46+00:00,risarasarisaa,selamattt kakkk dan semangattss buat besokk!! semoga semuanya lancarr yaa dan semoga kamu betahh💗
2026-05-06 15:12:29+00:00,cecenybmb,"lgsung saja, bisnis apa lagi?"
2026-05-06 14:48:13+00:00,darawr_26,"singkat saja,libur berapa tahun?"
2026-05-06 02:07:17+00:00,princes.sofia_,gua masih banyak cicilan ya gamau banget klo dirumahkan😭
2026-05-06 00:34:39+00:00,zahranajiah311,aku mau nikah taun ini plis jngn aneh2 dl
2026-05-06 00:11:45+00:00,hanessa_lee,udah males denger ginian...
2026-05-06 13:31:51+00:00,asih.lstni,"plis jangan pandemi lagi,ekonomiku belum lancar"
2026-05-05 15:19:52+00:00,nnesaaww,gue belom kaya plis
2026-05-05 14:46:33+00:00,marwah7197,nggk mau vibes lagu baby angel kembalii plisshh
2026-05-05 14:23:22+00:00,asaasik15,DO YOU GET DEJAVU😭
2026-05-05 14:19:17+00:00,vesper.lyyy,"jangan pandemi lah woyy, baru lulus nih gw butuh kerjaan 😭"
2026-05-05 13:43:28+00:00,theunyi,opo maneh iki Ya Allah
2026-05-05 12:39:23+00:00,perillaa._,jgn pandemi dulu plsss gue mau kerja dulu buat keluarga😭
2026-05-05 11:48:50+00:00,ratusalmunamp,"jangan serem2 plis, baru luluss masih nyari kerja buat beli matcha😭🙏"
2026-05-11 11:43:27+00:00,userrr09345866,"singkat saja, libur brpa lama?😁"
2026-05-07 00:03:40+00:00,dontsjoo,jauh jauh plis jauh jauh gamauuuu ada season 2😭
2026-05-06 14:19:18+00:00,h5co4,"singkat saja, libur brp minggu?"
2026-05-06 03:10:09+00:00,otilda_09,plis jangan season 2 lgi yachh
2026-05-06 01:44:47+00:00,arriath21,perlu beli stock masker lagi ga nih? sebelum harganya naik. oh sm sanitizer jg
2026-05-05 15:56:21+00:00,user1120987620,eh bentar ya blm wisuda 😭
2026-05-05 15:18:07+00:00,mamanazel,"singkat saja, berapa taun?🙏🏻"
2026-05-05 12:42:38+00:00,mama_ezra.275,"Singkat aja min,Harus berpa kali vaksin ?"
2026-05-05 10:27:27+00:00,watermelonny,jangan mulai yaa..gue baru kerja lagi nih
2026-05-05 09:30:34+00:00,nd1256,aku bacanya virus matematika ☺️
2026-05-05 07:05:33+00:00,birudiary,lama bgt trailer agz
2026-05-07 10:37:12+00:00,fikry01_,to the poin aja berapa tahun liburnya?
2026-05-07 05:00:27+00:00,silvycung,ka😭😭
2026-05-07 02:30:22+00:00,mukamewing,😭😭😭
2026-05-05 14:38:20+00:00,dddiilaaa,Langsung hari minggu kak
2026-05-07 02:59:26+00:00,caramellia2411,iyaa akuu juga baru masuk UPI🙂
2026-05-06 01:40:50+00:00,aaaaiehxb,😭😭😭
2026-05-06 03:35:40+00:00,aadnazaa,kalo dalgona kak?😭
2026-05-06 03:36:00+00:00,adrianhollad,malas banget 😭😭😭😭😭
2026-05-06 05:37:50+00:00,aadnazaa,HAHAHA😭😭
2026-05-05 16:04:35+00:00,mirantify,"efek dr Corona aja ekonomi masih acak kadut sampe saiki kak, coyyah gak mau lg itu terulang 😭"
2026-05-05 11:36:50+00:00,tnkz__,"justru enak kakk, hemat budget😭😭"
2026-05-05 15:37:25+00:00,carthamiiiiii,Deckkkk😭
2026-05-05 13:01:22+00:00,monicandrss,aku belum kerja lagi duhh jadi kepikiran😭
2026-05-05 12:53:08+00:00,nalayaa01,aku malah belum dpt kerja kak😭😭😭
2026-05-06 15:12:43+00:00,dapoerqaizan,3cc kayaknya kak 😭😭
2026-05-05 17:53:33+00:00,kuecubitn,😭
2026-05-07 01:55:13+00:00,n.s.a_1605,cepetan kata gua keburu nyampe bandung virusnya wkwk
2026-05-05 14:23:08+00:00,mitasamiraa,Mana ga pernah berhasil 😭
2026-05-05 21:13:50+00:00,ysasaac,@allmy
2026-05-06 04:22:09+00:00,zfr2226,@lusiastuti3
2026-05-06 05:46:47+00:00,lusiastuti3,tangan pegel gada hasill😭
2026-05-05 19:14:21+00:00,modie0_,gue 3x baru berhasil🤣
2026-05-05 17:49:30+00:00,i.m_hani,Samaaa gagal mulu hiks 😭😭
2026-05-05 22:43:17+00:00,eleheleh_,aku berhasil terus ka
2026-05-07 03:03:19+00:00,ibunyamairadanrayyan,Pke mixer kak🤣 biar cpat ngembang
2026-05-05 14:45:12+00:00,nana_wkwk68,@ftrmaulud @n
2026-05-06 00:22:10+00:00,chanie.096,pdhl bisa pake mixer atau ga botol di kocok2😭
2026-05-07 01:49:23+00:00,yappingg1rl_,"pake botol di kocok”, tapi ak blm pernah nyoba si🗿"
2026-05-06 01:25:58+00:00,iam.awaaa_,plisss gue kemaren ngaduk dalgona 1 jam an ga jdi² bjirrrr😭
2026-05-05 14:55:39+00:00,iirna19,dalgonaku malah berhasil ka ini fto bbrapa tahun lalu pas booming2nya dalgona
2026-05-06 00:55:38+00:00,less_ice19,Ya Allah ka ganpang bgt tinggal masukin nescafe ke aqua yg di isi air dingin dikit aja tutup botolnya terus d kocok jadi. Kalo punya saringan kawat pake itu lebih fomi
2026-05-07 03:21:52+00:00,immatchaaa1,ka udah 5 menit tapi tetep ga jadi malah pegel tangan nya
2026-05-08 11:44:23+00:00,ridwanasnaip880,ciip
2026-05-05 14:06:22+00:00,yanazayie,AKU BELUM WISUDA 😭
2026-05-05 14:01:55+00:00,dyaagata,pas banget aku lg ga mood kerja hehe
2026-05-09 02:42:52+00:00,rhyoep19,Projek baru apa lgi nii?? Libur berapa lama lagi???
2026-05-07 12:40:36+00:00,zyaflsh,"baru buka tiktok udah di suguhin ginian-,"
2026-05-07 01:38:18+00:00,shxxdn4,Gua gamau vaksin lagi yaaa......
2026-05-05 15:07:49+00:00,littlestarlet_,ogah males vaksin vaksinan
2026-05-05 14:29:47+00:00,minionkecapmanis,baru smt 4 jir mau kerja duluu
2026-05-05 13:31:10+00:00,sukadimsum__1,kira kira libur berapa tahun kali ini😭
2026-05-05 11:17:49+00:00,patmaukemana,"jangan sandar dulu plisss, maaf egois🙏🏻"
2026-05-06 01:58:05+00:00,mbakjawaaaaaaa,"Plis dunia bisa diem dulu ga, ak blm nemu kerjaan yg enak"
2026-05-05 11:51:58+00:00,hoonie_girlll,jauh jauh sana syuh syuhh gw gamau nganggur woi 😭😭
2026-05-05 11:50:16+00:00,inicycyy,to the point aja mau libur berapa tahun??
2026-05-07 03:31:23+00:00,ritapradita03,gausah di notice guys
2026-05-07 00:16:00+00:00,hellena_ren,gue gamau makeup cetar gw harus ditutup masker ya
2026-05-05 15:12:30+00:00,adadibulan,"plis jangan yaaaa, gua semenjak covid kemarin males bgt ngitung umur grgr merasa tidak menikmati hidup, jadi tolong kali ini jangan ada virus2 lagi 😭"
2026-05-05 11:58:28+00:00,matchalattefdpm,"Aku belum nikah, pls jgn ngadi” dulu😭"
2026-05-07 00:57:44+00:00,aniindht,duh stop deh
2026-05-06 02:46:27+00:00,newpeople_only,"okee, langsung inti aja kapan mulai liburnya lagi"
2026-05-05 16:37:12+00:00,chupachupaaaaa,Amit amitt
2026-05-05 14:58:22+00:00,naseablumee,"jgn dlu ya, duit gue blm 271T."
2026-05-05 11:12:37+00:00,muzdalifah531,ya Allah lindungi kami semua bangsa Indonesia🤲
2026-05-06 00:03:32+00:00,yssslw1,😭😭😭
2026-05-07 03:06:56+00:00,nuralnaanisaa,Kak😭
2026-05-06 07:12:26+00:00,hekalaudy,sama plis
2026-05-05 10:56:55+00:00,mirachael_kessyha,Ad ¹ Aj 😭
2026-05-05 13:51:17+00:00,twilly103,"Jangan dulu lah, gw mau nikah bulan juni😭"
2026-05-05 14:33:16+00:00,wongg_jawi,"jangan dlu please, utang gua masi banyak...🙏"
2026-05-06 03:29:12+00:00,ela.collection,"jangan, belum nikah ini,"
2026-05-05 09:53:13+00:00,user9363426129292,jagn dulu tolong 4 bulan lagi aku lahiran jauhkan segala virus segala itu
2026-05-07 00:57:00+00:00,miathoughts_,jgn dlu cicilan gue blom lunas ih😀
2026-05-05 17:07:43+00:00,frchaaaw,"apalagi sih jir, stop!!"
2026-05-05 15:17:58+00:00,sariroti_92,GUA MAU NIKAH DULU MASA NIKAH ONLINE
2026-05-05 22:55:25+00:00,raa_09100,ga semuanya hrus ada season 2...
2026-05-05 08:11:18+00:00,repipuuuuuuu,aku ga mau yaaa kaya 2020😭
2026-05-24 11:09:03+00:00,xfriends89,tutup beritanya
2026-05-05 07:17:50+00:00,ri_cha26,Virus apa lagi ini 🫠
2026-05-14 23:47:51+00:00,yogurtcimory999,Virus hanta adalah ?
2026-05-15 15:29:09+00:00,anisamaha17,emg udh yampe di Indonesia ??
2026-05-13 08:01:23+00:00,averoleo,SCTV mah emang hobi berita ginian
2026-05-18 09:49:58+00:00,unkwown96,ayo dong wfh lagi
2026-05-13 07:01:49+00:00,putrirelika,virus hanya apa virus bikin hampa
2026-05-15 16:12:52+00:00,pasirlaut46,biar lah jangan di omongiiin🤭
2026-05-13 09:55:04+00:00,marianeguka,nene cantikkk sehat selaluu
2026-05-14 14:09:31+00:00,irsanfebrian380,"ebvzkm vs d,f,"
2026-05-07 03:34:08+00:00,ritapradita03,siap2 ajh KA beli yg bnyk🤣
2026-05-06 05:11:06+00:00,tikaalawiyah5,sanitizer yg waktu covid aku masih ada ka sebotol gede🤭
2026-05-06 01:51:23+00:00,rizkiamelia881,makasih udah ngingetin 🙏😊 mau beli masker ah
2026-05-06 01:47:02+00:00,rere.rhenata11,fix perluu😂
2026-05-05 16:44:51+00:00,iniiornggggg,"tunda dulu aja dhh, wisuda ku masih bulan juni cuyy belum lagi masih mau daftar sekolah nihh jadi tunda aja dh yaa tahun ini masih sibukk🤗"
2026-05-05 23:47:56+00:00,growwithiryn,"Turut berduka cita, Semoga keluarga yang ditinggalkan diberi kekuatan dan penghiburan 🙏
Semoga juga pihak terkait bisa segera menangani situasi dengan cepat dan tepat agar tidak ada korban tambahan. sangat penting bagi kita semua untuk tetap waspada, menjaga kebersihan, dan mengikuti informasi resmi agar tetap aman."
2026-05-07 11:05:33+00:00,prima_prayoga97,to the point aja kudu berapa kali vaksin?
2026-05-05 14:36:20+00:00,nazwaachi,"jangan dulu we, aku bru aj mau masuk masa kuliah😭"
2026-05-05 11:18:01+00:00,fahrenzahidayah08,plis lah kapal itu jangan ke sini jauh jauh lah di laut aja
2026-05-06 15:28:03+00:00,keylalala.00,serius ga ada yg salfok sama R nya?😭
2026-05-05 16:27:36+00:00,sunghoonpark067,takut banget kaya covid aku ga mau PJJ lagi 😭😭
2026-05-07 02:55:31+00:00,liaaa_liaaaa_,jangan menyebar dulu aku belum wisuda😭
2026-05-05 16:16:12+00:00,asteroids_ji,"plisss, jangan dulu😭😭
gw mau wisuda tahun ini 😭"
2026-05-06 14:15:57+00:00,globophobia_08,Belum wisuda oii lahhh masak wisuda online lagi nanti
2026-05-05 14:33:04+00:00,naaaaaaaaaaaana_,"jangan libur kerja dulu weeeee, gw masih punya utang noh 😭"
2026-05-05 14:02:39+00:00,ayanomikaela,"tolong ya, gua msh byk cicilan, jadi tolong bgt ga usah libur2 lg kek pas covid, gua butuh uang n kudu kerja!!"
2026-05-05 15:03:57+00:00,saskiamaharaniph,"jangan plis gw udh semester 6, gamau wisuda online"
2026-05-07 01:23:52+00:00,cimshine._,"gw blom dapet kerja woi jangan aneh"" napa😔"
2026-05-05 14:28:51+00:00,_atania,"Plis kami baru mau nyicil rumah, mau ngumpul modal buat nikah thn depan, jangan ngadi2 plissss😭"
2026-05-06 13:14:40+00:00,_patricia.yulia,sebagai alumni Corona cobaan apalagi ini
2026-05-06 02:56:53+00:00,dinoplndisini,eh gw mau nikah Lo ya taun ini
2026-05-05 17:28:13+00:00,phielbm,langsung aja harus vaksin berapa kali?
2026-05-05 09:34:25+00:00,skybluee69_2,"apa si kakk, jauh banget lohh😭🤣"
2026-05-05 09:32:20+00:00,rujakwaru,sama😭😭😭😭😭
2026-05-05 13:56:59+00:00,cicihey_1,iyaa lagi ak juga nikah dibulan juni😭
2026-05-05 14:18:07+00:00,dumpiessdiee,liping tugeder aja ka
2026-05-05 14:01:29+00:00,arzzst,majuin aja ka😃
2026-05-05 15:32:55+00:00,hiraeth.saa,"setuju, yg penting sahh 🥹"
2026-05-05 15:20:23+00:00,sariroti_92,deyyy😭
2026-05-05 15:19:53+00:00,secretlove_922,"bagus dong, hemat budget"
2026-05-05 14:43:18+00:00,lovebrith_20,SAMAAA😭
2026-05-05 14:38:00+00:00,smafk4,"samaa kak, mana baru cair bank emok☺️"
2026-05-06 01:18:30+00:00,afdhaljnskin,yeayy liburr
2026-05-06 03:34:34+00:00,ela.collection,habis vaksin covid dulu baik baik aja gak sih kakaknya? aku tidak kak
2026-05-06 03:32:34+00:00,hana_jih,"haha ngakak bgt, tpi iya sihh"
2026-05-06 03:31:49+00:00,akusiapa.801,tenang nnti psti ada vaksin
2026-05-08 03:15:04+00:00,naliaaaa_____,@raa
2026-05-07 02:16:18+00:00,aura0722_,JANGANLAH LAGII I MAU KULIAH BZIRR😭
2026-05-07 00:49:22+00:00,naaay_yyy,cukup dikenang jangan diulang🙏
2026-05-07 00:43:43+00:00,iadidii,"pls gamau libur lagi, takut makin dongo😭"
2026-05-06 14:40:02+00:00,whossvnshine,"jangan plissss, nilai+ekonomi ancur bgt zaman lockdown"
2026-05-06 12:14:23+00:00,asmarakacaujps,jangan ah masi banya impian yng mau di wujud in 😭😭😭
2026-05-06 07:45:43+00:00,elennnajahh,singkat aja berapa harga vaksinnya
2026-05-06 01:28:48+00:00,amelz1111,pura2 gatau aja
2026-05-05 23:35:35+00:00,uninia06,dunia ga bisa diem banget😭aku belm nikah lho😭
2026-05-05 16:54:11+00:00,the999s,"jangan aneh2 lah jir, gua belum lulus blm wisuda"
2026-05-05 15:11:51+00:00,jojokanaeru,OKE OKE AKU JOGET TIK TOK
2026-05-05 15:01:18+00:00,99irls,keadaan alumni covid19:
2026-05-05 14:31:14+00:00,ciawawyuka,"singkat saja, brp lama wfh"
2026-05-05 14:00:08+00:00,niwl59,JANGAN SAMPE KAYA COVID DEH PLIS 😭😭
2026-05-05 13:26:44+00:00,llysssss,"jangan dulu plis, tabungan ku belom banyak"
2026-05-05 12:53:27+00:00,alyyyyy2y,MOTOR GUE BLOM LUNAS WOII JGN DULU😭🙏🏻
2026-05-05 10:23:55+00:00,delapuspita224,gamau gamauu keulang lagiii aku juga masii pngn kerjaaa pngn nikahhh😭🙏🏻
2026-05-05 07:40:50+00:00,naumi_gyaa,apa lagi ini tuhannnnnn
2026-05-09 20:01:09+00:00,aneuk.agam.saboh35,sedikitpun tidak percaya
2026-05-07 12:22:52+00:00,__nanaaaddd,"Langsung aja, wfh mulai kapan?"
2026-05-07 07:56:53+00:00,like4_s,recomend masker yg aeaesthetic gyuss
2026-05-07 01:32:23+00:00,satbbgst,"to the point aja, 2 minggu atau 2 tahun?"
2026-05-07 01:46:01+00:00,rifky.ph,🤦
2026-05-07 00:57:09+00:00,miathoughts_,@12🥑
2026-05-06 04:38:47+00:00,s.m.o699,point langsung ya
2026-05-08 11:43:00+00:00,ridwanasnaip880,😄😄
2026-05-09 01:33:09+00:00,s.m.o699,"bisa di keep dulu gk..
gue masih perintis belum jadi pewaris..."
2026-05-05 10:30:53+00:00,its.immalisma,kita sama lagi hamil 🥹
2026-05-05 09:54:38+00:00,nurainilolialang,Aamiinn kak smoga lahirannya lancar yah
2026-05-06 15:16:36+00:00,momabcd12,Warga depok jgn fomo plis
2026-05-06 15:02:53+00:00,nanayyy_a,stop yh ak gmw back rp lagee
2026-05-05 17:12:39+00:00,abcdefgood_gril,"jgn nyebar pls, gw gamau lulus daring lgi."
2026-05-05 14:54:29+00:00,user674267940,Pliss g mau part 2 lagi
2026-05-05 14:37:34+00:00,nutrisarianggur0202,mulai mulaii
2026-05-05 13:47:17+00:00,scoopsy21,"salfok, Vocal nya.. ""R"" nya 🫠"
2026-05-05 13:05:44+00:00,ininurya_,"jangannnn ya jangannnnn😭😭😭😭
gua gamau lagi dirumah mulu, cukup corona aja ya☺️"
2026-05-05 12:51:21+00:00,girl_21201,serius ada season 2 nya?
2026-05-05 11:54:08+00:00,linspacee,"tolong lah, sebagai perwakilan dari gen Z kita lagi growth mindset banget ini, baru juga mau mulai berkarir elah"
2026-05-05 10:49:22+00:00,cimolbakarr,"jgn pandemi dulu, blm kerja blm nikah"
2026-05-05 10:16:20+00:00,dingg..dongg,semoga teratasi dengan baik ya dan ga menyebar
2026-05-05 10:07:41+00:00,mchadepan.mu,bdhl aku udh mau sukses😭 ada aja
2026-05-05 09:48:20+00:00,furidna,"jangan dulu, masih mau kuliah, kerja, nikah😊"
2026-05-05 09:15:10+00:00,wrewrer,"jangan dong, gue dah jadi ibu2 males tambah ribet"
2026-05-05 07:07:21+00:00,ency__,Mana nih agz
2026-05-07 12:53:51+00:00,user56409712,"jgn virus2 terus lah, ekonomi lagi kacau nihhh ahh elahhh"
2026-05-07 11:43:08+00:00,orinaminci,"duh jangan season 2 dong, ekonomi keluarga ku ntr gimana, belum gua sekolah beda kabupaten alias rantau, jangan s 2 pls"
2026-05-07 09:57:59+00:00,kagenohara_shoo,"plis jangan, gw udh kerja🥀"
2026-05-07 08:58:15+00:00,saa32192,gua emoh pake masker lagi bjir
2026-05-07 05:44:04+00:00,caramello960,"pliss jangan viral dulu, aku belum dapat kerja 😭"
2026-05-07 02:03:00+00:00,donatmeses_979,pura2 gak tau aja guys. bljr dr covid kmren
2026-05-06 15:29:53+00:00,call.me_nna,"jangan,aku mls banget ribet ngurus pjjnya 😭 blm siap banyak pertanyaannya"
2026-05-06 15:21:59+00:00,szacshs,do u get deja vu?
2026-05-06 15:05:26+00:00,zfraatyy,langsung aja libur berapa tahun? 😭
2026-05-06 14:59:47+00:00,jeondianajk_,"plis jgn lokdon lg, kerjaan gw ngurus tki tkw proses ke luar negeri. kalo lockdown, bisa2 gw jd pengangguran 😭"
2026-05-06 13:03:43+00:00,chiciyhy,emoh aku emoh😭
2026-05-06 09:14:21+00:00,deade_28,"plis ga bs ""R""😭"
2026-05-06 08:54:47+00:00,zahran_arash,gua gak mau zoom meeting lagi ya
2026-05-05 17:11:05+00:00,its.izelll,bntr dlu pls smpe gue keterima kerja dlu di
2026-05-05 16:04:40+00:00,lalaaaaa821,langsung saja. libur brpa minggu?
2026-05-05 13:58:19+00:00,virrvieraa,"aduh jgn dlu deh blm kerja, motorku jg blm lunas njir"
2026-05-05 13:48:32+00:00,zzzaaann07,libur berapa hari aja asal jangan 2 minggu
2026-05-05 13:26:40+00:00,courejoli,"langsung intinya aja kak, libur berapa taun kita?"
2026-05-05 12:12:05+00:00,twenytwelve,jgn pendemi duluu pliss lagi skripsi2 nyaa😔
2026-05-05 11:49:19+00:00,abcdefghij1568,Langsung aja kapan vaksin nya? Aku mau ke jepang soalnya
2026-05-05 11:04:12+00:00,snjawyntraa,pandeminya nunggu aku klo udh nikah aja bisa gak? males bnget kalo di rumah trus tp gaada suami 😭
2026-05-05 10:41:42+00:00,_.kennnnnnnnn,semoga ga ke ulang kek yang lalu😭😭
2026-05-05 08:08:37+00:00,nuraiinun17,Setelah virus Corona terbitlah virus Hanta
2026-05-08 14:13:11+00:00,aandika64,harus di vaksin lagi??
2026-05-07 09:23:18+00:00,manusiaberahlak2,"stop ya, ga mau lg"
2026-05-07 08:16:52+00:00,anto2604_,jauhkan lah kami dari virus itu ya allah...
2026-05-07 05:59:27+00:00,jshsjsnsbs1,apa lagi ini? 😭😭
2026-05-07 02:45:40+00:00,user3637036269566,"noooo noooo, aku belum dapet kerja😭"
2026-05-06 13:22:10+00:00,jesibknjesri,apalagi ini gua gamau ya libur lagi
2026-05-06 11:39:24+00:00,username63739374,"singkat saja, pandemi berapa tahun?"
2026-05-06 03:24:45+00:00,805nay_,aku udah g mau ngedengerin filing good tiap pagi
2026-05-06 03:11:22+00:00,cahaya.rembulan050,"singkat saja,, libur berapa lama?"
2026-05-05 16:29:59+00:00,keonho1872,masa harus ada season dua ya😭😭😭gamauu bangett 😭😭
2026-05-05 11:36:31+00:00,pedasmanis264,singkat saja mau libur berpa minggu dlu atau langsung libur 3taon ?
2026-05-05 16:36:41+00:00,rskhaldnasty,gamau pake masker lagi plss
2026-05-05 10:43:17+00:00,lilackawai,"jangan pandemi dulu,aku blm pergi ke luar negri 😭"
2026-05-06 11:13:45+00:00,_noneasri,kapan ketemu jodohnya lagi ini kalo wfh lagi😭
2026-05-05 10:39:05+00:00,pingknandrn,"jangan dong, aku baru rintis usaha jualanku Lo, baru berhasil bikin warung baru sehari, masak iya pandemi lagi😭"
2026-05-05 14:56:05+00:00,irsslbra_,udh la gue mau nikah ini ada aja gebrakan nya
2026-05-05 12:35:01+00:00,amprazolame,"Apalagi ini, gue blom kawin? 🙏🏻"
2026-05-05 13:14:01+00:00,atharrazkazavian,virus apalagi inii capek bangett 😭
2026-05-08 03:54:22+00:00,loveforyou_6767,bismillah 10 tahun
2026-05-05 14:57:31+00:00,lamuertte.v,"udah napa, biarkan gw tumbuh dewasa dengan tenang"
2026-05-07 00:34:11+00:00,geovani6674,"jangan dlu, aku belum nikah😭🙏"
2026-05-05 12:03:39+00:00,gimmelouveee,JANGAN PART 2
2026-05-05 09:38:04+00:00,mraaa__042,bentar dulu woyy aku belum ngerantau😭😭
2026-05-06 16:57:30+00:00,prebtyrl,jangan dulu plsss gue seneng ketemu fineshyt setiap hari 🫰🏻
2026-05-05 07:10:30+00:00,zenextrajos1,akan kah bakal ada pandemi lagi?
2026-05-06 09:18:34+00:00,arcvhna_,otw rajin bodycare an ini mah karna dirumah mulu😭
2026-05-05 16:09:43+00:00,secleashha_,"gaperlu bikin dalgona kayanya ini, mw beli aja ah ke booth nescafe 🗿"
2026-05-06 01:54:47+00:00,elaauliaaa10,ada bisnis apa lagi ini?
2026-05-05 14:59:26+00:00,windityaa2,virus apaaa ini 😭
2026-05-05 13:48:59+00:00,welcome12q,jangan dulu lah gue belum pasang wifi
2026-05-06 14:54:06+00:00,keyssha76,udah ya w cape war facemask ! engappppppppp 🥺
2026-05-05 23:43:56+00:00,welwell00,Tolong ngga mau drama kerja 3 hari masuk 3 hari libur lagi. Angsuran gw masih banyak 🫠
2026-05-05 15:50:46+00:00,ocha_tania,"tolong gua udah kerja jadi nakes, jangan aneh2 ya wak😭🙏"
2026-05-05 14:46:53+00:00,delitelkomsel,masih nganggur😞
2026-05-05 13:54:13+00:00,mami_jenna,Udah sihh. Capek gw mah yaaaa
2026-05-05 11:03:35+00:00,suka.makan0_0,Ini proyek lagi atau gimana
2026-05-08 01:50:52+00:00,jiooo21_,bisnis pemerintah lg?
2026-05-08 02:09:20+00:00,niicho999,lockdownnya mulai kapan lur
2026-05-08 01:52:06+00:00,shasalopez1,Ga usah basa basi.Berapa harga obatnya…
2026-05-08 02:52:57+00:00,baby.coconuty,Terlalu di besar2kan
2026-05-08 01:56:04+00:00,crpkhn060423,Apalagi sih dunia gabisa gada gebrakan yah cape bgt
2026-05-08 02:28:54+00:00,adiepuradirga,"singkat saja, mau libur berapa tahun ?"
2026-05-08 03:04:21+00:00,siapawkwkwknl,sandiwara duniawi ini cape banget coyyyy
2026-05-08 03:44:41+00:00,anggarizkik,Gue udh 3x vaksin nih harusnya sih kebal ya
2026-05-08 03:33:12+00:00,nathan.ootd,"kalo ada berita gini lagi, skip aja.. biar ga rame, cuek aja cuek"
2026-05-08 02:12:37+00:00,avriimooww,pura2 gatau aja plis biar beritanya ga naik terus
2026-05-08 02:45:24+00:00,kaiyomizunara,cepat lockdown dah bosen kerja gue mau rebahan lagi sambil scroll tiktok😀
2026-05-08 01:41:05+00:00,faisal2026125,drama oh drama
2026-05-08 02:37:27+00:00,ryanlau0704,langsung saja vaksin mulai kapan?
2026-05-08 02:26:04+00:00,rinalcemew,singkat ajh mau berapa bulan brapa tahun
2026-05-08 03:19:45+00:00,titik.aja22,"cm mau tnya, klo lockdown mbg msih jln ap gk??"
2026-05-08 02:10:58+00:00,iyosrita,cape deh...ada lagi virus ...ya Allah in syaa Allah tdk menyebar ya... Aamiin yra 🤲
2026-05-08 02:11:33+00:00,28february1992,lagi masak ini
2026-05-08 02:34:53+00:00,zulur31,"rakyat sudah sadar, ternyata bisnis itu butuh iklan yang sensasional"
2026-05-08 01:58:38+00:00,irwaniindonesia99,udah gak percaya lagi
2026-05-08 01:56:12+00:00,gamsss29,"singkat aja, mau libur brp tahun?"
2026-05-08 01:54:09+00:00,henirafaa,tolong dong hidup lagi sulit jangan persulit lagi
2026-05-08 02:29:04+00:00,rickynugroho3137,"omong kosong,enstein apalagi ini"
2026-05-08 01:41:40+00:00,mas_juma_,jualan opo neh iki
2026-05-08 02:14:31+00:00,ngawi386,langsung aja berapa kali vaksin
2026-05-08 09:33:27+00:00,agung_hermawan94,GK usah di up vidio brita bginian
2026-05-08 02:53:03+00:00,nico_robin409,"ih jangan lah,ntar banyak orang yg krisis ekonomi"
2026-05-08 12:11:04+00:00,nihao_3mma,tidak percaya= anda selamat
2026-05-08 01:44:12+00:00,alfinalfin214buset,langsung aja berapa bulan liburannya
2026-05-08 05:22:48+00:00,masokek1922,"GK usah di like dan share, cukup kita skip biar GK semakin fyp"
2026-05-08 05:54:54+00:00,rdnwjya98,Cara mengatasi HantaVirus!!! 1. Jangan di like 2. Langsung Skip 3. Jangan di Komen 4. Jangan di Share 5. Abaikan kalau itu muncul di fyp kalian
2026-05-08 14:18:38+00:00,traaa_3004,drqmq lagi kh
2026-05-09 06:24:48+00:00,radhawiley,"berapa kali vaksin lagi guysss... pasti ini mau nutup dn menenggelamkn berita Amerika,Israel,palestina,iran,selat hermusa...baru aja usai kasus file Pdidi dn file PDf Jeffrey epstein.."
2026-05-08 17:30:12+00:00,mieayammmmmmm17,"gausa basa basi,berapa taun?"
2026-05-08 16:29:14+00:00,123lodo,ga ush basa basi tgl brp libur ny ?
2026-05-08 05:49:46+00:00,koolerff01,event terbaru
2026-05-08 03:43:15+00:00,ikhwanadlii,vaksin nya sampai berapa ni?
2026-05-08 02:45:09+00:00,masmaskuriranteraja,bisnis is bisnis
2026-05-09 03:25:52+00:00,dinaareal19,"Udahlah cukup,,,, gw udh vaksin 3x,,
bukan tmbh sehat mlh sering kecapean 😭😭"
2026-05-08 02:36:31+00:00,andreas_yogi,Bener kata bpk darma pongrekun 🙂
2026-05-08 04:05:41+00:00,effendibangka,Bisnis dunia Farmasi
2026-05-08 03:07:08+00:00,ttinnaa0_,minta brpa taun?
2026-05-08 02:28:38+00:00,fb.bang.adi,Langsung aja berapa lama liburnya 1 tahun apa 2 tahun dan berapa harga obatnya
2026-05-08 02:59:35+00:00,irfan.mulyadi02,"sudah lah sudah kami sudah capenkaya gini terus, yang tadinya kerja malah di keluarin karna covid kemarin, ayo lah jangan sampai di rumahkan, stop sandiwaranya, kami ingin hidup seperti biasa"
2026-05-09 10:19:12+00:00,baekbakteribaik,capek banget sumpah😭
2026-05-08 01:40:26+00:00,jesus_my_savior.1,Episode Selanjut nya 🤔
2026-05-08 01:56:52+00:00,bundahaqi24,ayo apa lagi
2026-05-08 12:08:36+00:00,escekek794,intinya saja. libur brpa tahun?
2026-05-08 01:56:13+00:00,khikiadp,mulai deh mulaiiii
2026-05-10 02:57:08+00:00,hattairma22,😂
2026-05-09 09:27:24+00:00,ay84832,menurut profesor sebelum ada penyakit pasti sudah menciptakan obatnya dulu😅
2026-05-09 09:06:53+00:00,anna.10033,"ga ada, karena hantavirus ini penyakit di hewan kaya tikus. itu yang bikin serem"
2026-05-09 05:55:05+00:00,harta.tahta.nonrifda,Nah betul
2026-05-08 13:03:13+00:00,garasi72hagohago,Gak mahal kak gak sampai jual rumah tangga😂
2026-05-08 11:42:26+00:00,apendi177,
2026-05-08 11:37:48+00:00,fzynptra,ayoo liburr lagii yuksss
2026-05-08 11:35:55+00:00,lurahkonoha40,sepakat
2026-05-08 11:35:17+00:00,xxvitisaja,2jt per tetes ya kak
2026-05-08 11:31:35+00:00,kecambahmalika,kelas
2026-05-08 08:36:10+00:00,chisuaaaa,🤣🤣kliatan bget yha d setting semua😅
2026-05-08 05:29:42+00:00,thegodfatherr267,🗿
2026-05-08 04:00:25+00:00,dma15478,belom ka kan vaksin dulu kita 🤣
2026-05-08 03:45:59+00:00,diyonarra.revan,berapa harga vaksinya. terus cairkan uang negara. sesimpel itu 🤭
2026-05-08 03:42:33+00:00,zea99,to the point aja ya kan 🤣🤣
2026-05-08 02:41:17+00:00,nnayy575,"betul bgt,klo ada vaksin,ogah bgtt"
2026-05-08 03:02:33+00:00,crpkhn060423,Iyah kan endingnya covid hilang sendiri skrg bersentuhan ga kena virus
2026-05-08 02:08:31+00:00,akunanyar_10,belum aja nanti ada krisis besar 2030😂😂
2026-05-08 03:02:07+00:00,crpkhn060423,Aduh aduh pusing bgt
2026-05-08 16:45:24+00:00,yxzz.id,"virus kebanyakan uang aja udh sekali"" buat kaum menengah kebawah"
2026-05-08 02:55:13+00:00,kkbay3,konspirasi mengatakan mreka mncari tubuh manusia untuk di beda dn ingin mnciptalan mahluk yg lebih kuat dri manusia🤣😁
2026-05-08 02:06:41+00:00,novendrixbukan_k,hiii
2026-05-08 12:12:03+00:00,favvpersn,proyek elit apalgi ini buset
2026-05-08 02:43:38+00:00,reyghanz03,Virus hantah berantah
2026-05-08 08:17:55+00:00,seputarclickmovie,"Singkat saja libur berapa hari,bulan,taun?????????"
2026-05-08 18:36:32+00:00,aapiiippppp,singkat saja 2 minggu dulu baru lanjut 3 tahun🗿
2026-05-08 14:56:37+00:00,ilzarr_arrdiann,cuma 2minggu kak🗿🙏
2026-05-08 02:43:37+00:00,joki.garden.alfan,3😭
2026-05-10 00:41:42+00:00,uti4443,@sza 😭
2026-05-09 13:03:27+00:00,coksu3_,jangan gitu ka kita makin gada libur nanti 😭
2026-05-09 11:57:02+00:00,.ddiiip,@Nisaaa
2026-05-09 12:27:26+00:00,tuuun11_,Bisnis bisnis
2026-05-09 04:33:48+00:00,lixfelix_00,"@174:pls yang bilang ""kapan libur"", libur enaknya di awal doang, jangan asal ngomong, kalo libur di perpanjang bakal bikin hal negatif, semua pelajar dan pekerja bakal libur, bakal susah cari makanan pokok termasuk ekonomi, sama seperti covid, be nice gais... 🙏🏻"
2026-05-08 10:55:56+00:00,adamhws,libur ar jgn lembur @rya
2026-05-08 12:05:30+00:00,ryaquy,"d suruh vaksin, masuk lg WK"
2026-05-08 05:38:01+00:00,estes_usersingapore12,Anggarannnn lagiii
2026-05-08 03:22:41+00:00,interlink.network514,3 Thun cukup lah
2026-05-08 03:31:05+00:00,sall.x.demon,enak yang sekolah kls 1 masuk masuk udh lulus 🗿
2026-05-08 15:56:43+00:00,kirigaya_241,singkat aja lagi butu berapa duit?
2026-05-09 09:32:45+00:00,0zil824,sandiwara 😁
2026-05-08 17:02:23+00:00,lalala71712,😭😭😭😭yah kann
2026-05-08 16:05:40+00:00,ombg07,"Singkat saja ,
EO dapat berapa sih?"
2026-05-08 11:52:12+00:00,siapawkwkwknl,"wkwk dramanya maksudnya bng, cape sama drama di dunia ini ."
2026-05-08 05:02:57+00:00,hamdan_d2,sandiwara katanya😹😹
2026-05-08 03:09:36+00:00,delemon1pis,😹lol
2026-05-08 02:50:35+00:00,mas.chim2,"Belajar dari Covid 19, kali ini propaganda di susun lebih rapi.
tunggu tanggal yg cantik untuk di sebarluaskan."
2026-05-08 01:56:54+00:00,thewolfie_44,"enak kali cakap bisnis kesehatan, dikira para nakes juga mau ada virus kayak gini"
2026-05-08 02:01:09+00:00,mataku07,pemerintah Belanda loe tuduh bisnis gelap virus?
2026-05-08 03:31:53+00:00,indrajayaiskandar_09,😜😜 klw smp merambah ke Indonesia waaaaaah bakal bnyk lg drama yg hrs dibuat
2026-05-08 05:34:27+00:00,asml.nl,"Gblok apa” pemerintah,ini bisnis elite glo"
2026-05-08 08:20:13+00:00,ziadenganz1,ni virus dari luar negri neng astaghfirullah
2026-05-08 02:20:42+00:00,xyz11197,matamu
2026-05-08 23:07:19+00:00,aswandi.acang,betul itu binis aja . seperti COVID
2026-05-08 18:04:27+00:00,elitnegeri,"Ati"" kak udah banyak buzzernya yang dikerahin buat bikin kita percaya bahwa virus itu ada wkwk"
2026-05-08 03:16:46+00:00,adithhendart,Jangan ignorant dari pada menyesal
2026-05-08 03:20:43+00:00,paryo.ono,"ini semua kebohongan, jangan mau dibohongi yg kedua kali"
2026-06-22 11:27:58+00:00,reskistreski,kpn yg lokdon
2026-05-13 05:51:09+00:00,sonyhidayatulloh97,banyak orang isriwil dan elite global memainkan peran drama ini supaya dunia tambah krisis ngapain takut kocak
2026-05-12 04:23:45+00:00,memanusiakan.manu2,la selama seluruh manusia kan suka berbisnis to
2026-05-12 00:52:30+00:00,user5759678159532,Jelas bisnis episode ke 2
2026-05-08 10:50:21+00:00,ilhamakbbrr,SIAPA YG NGASIH NAMA HANTA ?
2026-05-10 03:21:15+00:00,pekanbaru111191,aku ga percaya ya gaes yaaaa
2026-05-09 04:08:53+00:00,mama_luz08,"kenapa bisa begitu cepat berita nya.
bisnis pemerintah lagi"
2026-05-08 01:53:48+00:00,rahmatsuandi518,Derama dunia apa lg ini
2026-05-08 03:42:47+00:00,fitriastuti369,"Bisnis apa lagi lah ini...?? Maaf, InshaAllah saya baik2 saja. Sumpah gk percaya yg beginian lagi. Kapoookkk😥😥"
2026-05-08 02:26:42+00:00,sendyka1999,Mulai sekarang bang
2026-05-08 02:27:48+00:00,niicho999,"oke baik rencana mau nyetok logistik dulu ini lur,,"
2026-05-09 00:32:36+00:00,h_s_n484,Well prepared
2026-05-08 07:25:41+00:00,nico_hans88,stock royco bnyak² lur
2026-05-08 05:55:01+00:00,galihpriasmara,golek belingan kang
2026-05-08 03:15:04+00:00,oftheohhhgcx,full mancing
2026-05-08 03:17:44+00:00,niicho999,positif lek iku🤣
2026-05-08 04:11:44+00:00,ngakakonline00,gass mancing bang
2026-05-08 02:30:40+00:00,sendyka1999,Bikin bunker belakang rumah sekalian bang 🗿
2026-05-08 02:39:42+00:00,ari.wasuri,Kayak punya duit aja stock logistik
2026-05-08 02:41:36+00:00,niicho999,"lah punya lah,, emang kamu 🥱"
2026-05-08 11:47:11+00:00,hairul_padang,"oke,biar aku minjam ke bank sebanyak banyak nya 🤣"
2026-05-08 11:49:21+00:00,sendyka1999,Ikut bang 🗿
2026-05-09 15:17:32+00:00,exfyn_,Kapan 😂😂@privatlife @@twin ✨🧚‍♀️
2026-05-09 12:23:23+00:00,akuupadamuuu4,"jgn lockdown dlu, cicilan msh kurang 1thn 🤣🤣🤣"
2026-05-13 02:28:59+00:00,sekarangudahbaik,perasaan dari dulu tikus rumah banyak juga b aja ga ada virus
2026-05-10 09:00:16+00:00,pacarnyajeno111111,bahkam covid pun udah ada dari lama jauh sebelum 2020
2026-05-09 07:18:04+00:00,username233345550,s7
2026-05-09 02:13:54+00:00,slw7yy,😁
2026-05-08 17:00:31+00:00,suryaadiprasetyo99,iya org2 suka berlebih2 an...
2026-05-08 15:33:42+00:00,aweirdogal,"bukan di besar2kan tp memang patut dicurigai. soalnya yg terjangkit 8 org and 5 org positive (3 of them died btw), the problem is sebelum ketahuan terjangkit 8org ini, 23 org udh turun dr kapal 2minggu sebelum, jd gatau yg turun dluan terjangkit juga or not 😬"
2026-05-08 14:00:09+00:00,zitraa,ladang cuan
2026-05-08 11:35:49+00:00,lurahkonoha40,sepakat
2026-05-08 10:50:36+00:00,homeisgonee,"MEDIA SEMUA DI BAYAR, KITA HARUS PINTER"
2026-05-08 09:56:57+00:00,helianto01,gk boleh disepelekan
2026-05-08 09:17:44+00:00,kkkkkk4443332,karna sekarang udah lebih banyak dari pada dlu
2026-05-08 03:17:50+00:00,notarisbergitar,"udah bener urusi kucing aja dirumah, pake bahas soal geo pandemi 😭😭"
2026-05-08 03:17:45+00:00,jaackcorleone,"Come on bro, ini virus juga udah ada dari 2020, ada yang wafat di China juga di bus kalau ga salah, kenapa booming nya yang di kapal??"
2026-05-08 03:11:16+00:00,nuraenisetiani1,se7
2026-05-08 03:04:34+00:00,usr230201038,right
2026-05-09 13:41:08+00:00,aisyah084,btulll
2026-05-09 05:40:33+00:00,nitaasoraya,"yup betul kita cuekin aja, nanti bakal selesai sendiri"
2026-05-08 14:59:02+00:00,yogalinduuu_,"iya ga usah di up,nanti redup sendiri"
2026-05-08 11:31:57+00:00,andikqqwq,SEPAKAT
2026-05-08 09:47:00+00:00,lumapict_,Btul bngt
2026-05-08 04:08:45+00:00,lurustegak12,justru harus viralin karena sebelum ini juga ada embel2 virus. tapi gak sampe wabah
2026-05-12 15:34:30+00:00,bagianutara33,"setelah vaksin gampang kena aslam,darah tinggi dan banyak yang aneh"
2026-05-12 13:56:16+00:00,bibeyy12,tetangga gw pas zaman covid habis vaksin langsung meninggal😭
2026-05-10 08:19:22+00:00,rozaelviani7,tp sejak hbs vaksin badan rasany ringkih..kenapa ya?apa cuma perasaan aku aj?
2026-05-09 12:24:33+00:00,deswin342,"saya mlh nyesel, apa2 jg sakit pgel2"
2026-05-09 11:15:42+00:00,khussssii18,"aku juga 3 x vaksin ka,,tetap kena waktu covid kemarin,,2 Minggu kenanya😩"
2026-05-09 07:57:00+00:00,siteta,Gua udah 4x sama vaksin berangkat umroh 😂kebal
2026-05-09 07:22:55+00:00,jlkklilh.cghhbb,Ngakak🤣🤣
2026-05-09 05:17:13+00:00,go_tato,"Gw gak pernah vaksin selama Covid, biasa aja"
2026-05-09 02:19:55+00:00,bang.syukur43,jawaban bagus ni kalo difonis virus
2026-05-09 01:25:10+00:00,eli.suriani33,sm kita kk😁
2026-05-09 01:07:43+00:00,yeaaaaaa055,belum itu wak harus genap 8x vaksin
2026-05-08 16:24:17+00:00,lombokkopang32,nambh lg bang kykx boster ke 4
2026-05-08 16:18:30+00:00,ju0906_,Jangan di notice biar ga buming🤣
2026-05-08 14:49:27+00:00,zkaaaaaaaa03,ga ada bng malah makin ngedrop setelah ikutan vaksin.. jadi lemah imun
2026-05-08 14:23:49+00:00,rezaaghaucho,gua blum samsek nih 😂😂
2026-05-08 02:59:29+00:00,usergusmarjogja,konspirasi
2026-05-08 02:18:59+00:00,www.ariefbhiandri,bisnis gede maneeeehhh
2026-05-08 08:11:37+00:00,mahduak,😂
2026-05-08 07:36:55+00:00,waodasaifar,🤣🤣🤣
2026-05-08 07:16:00+00:00,mystdiisme,Gak ada. Sekali kena tinggal berdoa sahaja
2026-05-08 03:26:58+00:00,slowrespon0207,"akhh ngk mau lg
semenjak vaksin aku sering sakit2 sebelum vaksin ngk pernah sakit"
2026-05-08 02:59:25+00:00,samsul4117,entar lgi nunggu info dri si opung... 😁
2026-05-08 02:51:51+00:00,ihsancapitano,😂
2026-05-08 06:20:21+00:00,grab172,Ok
2026-05-08 17:55:23+00:00,hi.permenyupii,bener
2026-05-08 08:36:22+00:00,chisuaaaa,bnerr
2026-05-08 06:30:55+00:00,hidup_takbersalah,gue teg guru gue biar libur panjang
2026-05-08 15:26:01+00:00,hadityaputraa_,knapa?
2026-05-08 13:20:23+00:00,wisnu_hv,😳
2026-05-08 05:48:09+00:00,kejukentanq,dri jauh kyk jeruk nipis campur daun pandan 😭
2026-05-08 02:46:26+00:00,namaku_809,Ngeriiii😳
2026-05-08 02:40:13+00:00,barseduh.kopi,Sayur apa ini 😂
2026-05-08 02:26:39+00:00,arifbudiman_76,Di seblak bang
2026-05-08 02:22:49+00:00,agngadtyli_,ngerii
2026-05-08 02:19:26+00:00,bimmacahyaptra,mantapp👍👍🗿
2026-05-08 17:35:34+00:00,msh02bilal,singkat padat berapa tahun ya bang😂
2026-05-08 01:45:18+00:00,a.j.517,"singkat saja, berapa tahun"
2026-05-08 14:47:22+00:00,ptrchyy11,iihh gamau aku mau nikahh😭
2026-05-08 03:02:08+00:00,anak_sulun90,skrg aja udah krisis .. hadeeehhh
2026-05-08 03:16:02+00:00,scumbagears,2030 Konoha Hilang
2026-05-08 07:16:51+00:00,mystdiisme,Gak ada. Gak ada vaksinnya
2026-05-08 04:00:09+00:00,adam_kadaruloh,sekarang sampai *TURBO MAX L3*
2026-05-08 03:56:16+00:00,satriabatanghitamdekil,Kemarin baru sampai booster. Sekarang lanjut vaksin turbo
2026-05-08 03:50:11+00:00,_4450006,kemarin 3 selanjutnya 5 keknya
2026-05-08 14:08:10+00:00,hamster_imup_official,ak malah lebih suka libur
2026-05-08 14:32:15+00:00,spiceinx,masih esde ya?
2026-05-08 03:09:32+00:00,faylyne_19,"Ada aja cara elite global, WHO itu elite global bg wajar aja dia mainkan permainannya"
2026-05-08 03:12:19+00:00,pputrayudaa,✌️
2026-05-08 16:43:36+00:00,gen.z2247,lngsung saja 😭
2026-05-08 16:37:56+00:00,wenn59256,anjngg😭 langsung ajee yee😂😭
2026-05-08 02:35:45+00:00,anwarpanggabean6,paling katanya udah masuk
2026-05-08 02:25:48+00:00,halodill06,"aman bess gak akan libur sekolah, mbg masih jalan 🤣😭"
2026-05-08 01:55:40+00:00,user01939917,"meleset dikit, padahal rencana bulan april"
2026-05-09 15:18:46+00:00,iduhhapo2,Gk ada gk ada ! Gk ush ngada2
2026-05-09 09:45:12+00:00,start01238,ga mau wisuda online 😭
2026-05-08 21:14:09+00:00,yudd466,"langsung ke inti nya dah, ini libur nya kapan?"
2026-05-08 14:52:43+00:00,bang.ibnu16,"Ada yg tahu kapan kita vaksin lagi?
😅😅😅😅😅
gw pas covid ga pernah tuh positif 😂😂😂."
2026-05-08 12:43:05+00:00,resafarhan326,"kalo ada berita gini lagi, skip aja.. biar ga rame, cuek aja cuek"
2026-05-08 11:55:41+00:00,mastatas23,singkat saja berapa tahun
2026-05-08 11:36:34+00:00,akhdanhill,baru aja mau memulai hidup🗿
2026-05-08 07:17:35+00:00,kintokooo,"koordinasi kok sama WHO, ya makin menjadi lah🫠"
2026-05-08 05:21:41+00:00,nyhsn2100,singkat saja berapa tahun
2026-05-08 03:53:28+00:00,sleoot93,"udahlah gak usah basa basi , langsung saja..."
2026-05-08 03:36:53+00:00,fauzi5924,serius ini masa gue harus pake masker tali 4 lgi sih akhhh
2026-05-08 03:24:05+00:00,fardaqa12,hadeh cobak media jngan terlalu posting ini
2026-05-08 03:09:18+00:00,andiq701,"gk ada berita yg lebih bagus ya..
misalnya.. ekonomi berkembang dan dunia usaha sangat baik"
2026-05-08 02:49:11+00:00,ghufran_351,info bisnis sing tepak lur gae online 🗿
2026-05-08 01:52:13+00:00,nurjnal2,bisnis apa lagi ini🗿
2026-05-10 06:01:15+00:00,akbar_angga99,orang udh gk percaya skrg
2026-05-09 12:33:39+00:00,monikayuliana,skip berita seperti ini. malas banget sumpah
2026-05-09 12:22:53+00:00,ciyee.kepo,semakin makin penambahan perceraian diindonesia😭
2026-05-09 10:47:56+00:00,panggilajasuci78,Ah elah lebay bgt
2026-05-08 12:10:11+00:00,chris_vie24,2-3 keknya
2026-05-09 14:28:45+00:00,hsnlkhtmah_0,adiknya covid😭
2026-05-08 16:30:32+00:00,hansen.geraldy,Mana anak gw namanya hanta😌
2026-05-10 02:32:17+00:00,4rya_093,mungkin bahlul
2026-05-09 14:06:04+00:00,istrimu_697,knpa ga hantu aja
2026-05-09 03:47:46+00:00,ahmad_ikhya_27,itu loh.tiktokers
2026-05-08 13:51:36+00:00,rachmatilliyas08,Hanta berantah
2026-05-08 11:31:46+00:00,mfathir017,kun hanta
2026-05-09 06:49:28+00:00,phyno1908,HENTE NYAHO😁
2026-05-09 05:40:07+00:00,nitaasoraya,elit global pasti
2026-05-08 21:11:08+00:00,barokah.seller4,keknya ada kesalahan nama harus ny Virus Hantu
2026-05-08 11:42:23+00:00,aura70,Hanta halilintar
2026-05-09 16:50:04+00:00,mrs.arif9,ih amit²
2026-05-09 14:39:43+00:00,kaiyomizunara,🤣🤣🤣🤣
2026-05-09 14:38:56+00:00,kaiyomizunara,banyaklah cukup untuk lockdown setahun😀
2026-05-09 04:31:49+00:00,_yoko_yana_,Emng uda banyk kali duit loh
2026-05-08 14:35:02+00:00,tiaoctaviani2410,bosen kerja mah tinggal resign ngapain ngarepin lockdown
2026-05-08 13:59:00+00:00,produk_bumiayu2,jangan dlu lahh gw masih mau kerja sampe kompensasi keluar anjirr😂😂😂
2026-05-08 12:34:12+00:00,ramz.create,resign aja gua gantiin
2026-05-08 12:06:50+00:00,muuuu_61,yg ada PHK massal kek corona kemarin
2026-05-08 11:16:15+00:00,piscesku999,😅😅😅
2026-05-08 09:07:35+00:00,kontengame014,lah yng nganggur gimana dong?
2026-05-08 08:16:48+00:00,abdul_aleem381,😅😂🤣🤣
2026-05-08 06:12:13+00:00,saya.user6,"ya ya bro.
boro boro mau kerja dirumah yang ada tindakan PHK secara mendadak diulang kembali.
lu kira pas wabah melanda sistem kerja baik baik aja?"
2026-05-08 04:06:42+00:00,jameters26,abis tuh gak di suruh brangkat kerja lagi gimana?
2026-05-08 03:52:34+00:00,bdz_36,hadeuhhh... mikirin diri sendiri aja
2026-05-08 03:48:17+00:00,damageegz,Temen saya juga blng gtu kak @darmini_21 @dearchoco_melt @wijuss
2026-05-09 05:59:37+00:00,kacau.cong,yang Heboh Di negara Kita Kayake.Lihat negara lain selain Negara kita Apakah juga mengabarkan Berita Ini??maaf Tanya
2026-05-08 10:18:52+00:00,sirius3418,nice anda benar
2026-05-08 11:32:11+00:00,dhanzareyouok,perkembangan zaman
2026-05-08 05:19:20+00:00,bundamundy77,Drama kalau mau krisis lgi ini
2026-05-08 15:24:17+00:00,hadityaputraa_,kalo keluarga lu ada yang mati karena hantavirus kira kira lu bakal percaya kalo virus itu ada atau masih tetep percaya kalo ini bisnis pemerintah??
2026-05-08 04:07:20+00:00,lurustegak12,bisnis elit global & Bill gates.
2026-05-08 04:11:22+00:00,fitriastuti369,termasuk donald bebek gk nih kak..??😥
2026-05-08 03:29:05+00:00,elbicnivni_,SUMPAH GA PEDULI
2026-05-08 03:26:31+00:00,tiptawijaya,"tenang kawan gua baca surat kontrak nya cuma 2,5 tahun"
2026-05-08 03:13:22+00:00,penikmat.jam_malam,"inti nya saja,
brp th ??"
2026-05-08 02:45:22+00:00,gezauayu27,sudah enga percaya lagi
2026-05-08 02:39:50+00:00,battong235,bisnis lagi ini kita harus cerdas
2026-05-08 02:37:56+00:00,castorice028,"ock down membuat kalian bisa jadi bosan pelariannnya ke FB, ig"
2026-05-08 02:09:07+00:00,ryuichi6289,Bosan dgn berita sprti ini
2026-05-09 08:18:25+00:00,ferry_wz1,akal akalan
2026-05-09 06:37:56+00:00,nabilaa.reizkyy,stop yaa gamau karantina lagi
2026-05-09 02:49:38+00:00,momaheeee,terserahhhh dehhh
2026-05-09 01:26:30+00:00,badchacha08,drama ah 😁
2026-05-09 00:52:57+00:00,vikoardieant,"bnyk omong , cptan bilang kapan mulai libur nyaaa"
2026-05-08 23:48:48+00:00,yourpreciousboyyy,"hantavirus udah ada sejak 2014, di Indonesia pun jg sudah ada kasus dalam kurun waktu 3 tahun terakhir, jd intinya tidak usah panik, tetap jaga kebersihan, stay safe semuaa"
2026-05-08 20:31:39+00:00,zreonix_akz,BPJS GW GA AKTIP PLS
2026-05-08 17:55:59+00:00,dimsssss07,anj lah masa part 2
2026-05-08 17:52:09+00:00,darderdorjedoror,rasah digagas ges
2026-05-08 16:27:07+00:00,rafaaleaorboseng,"langsung sajaa ,libur nya mulai kapan?"
2026-05-08 15:59:04+00:00,nhofry_sy,"jgn aneh2 dah,ini motor ninjaku belum jadi"
2026-05-08 15:26:36+00:00,jacky_yoman4,"jangan share video nya, biar gak viral"
2026-05-08 15:24:39+00:00,mas_anggggg,tanggal brp harus pake masker double lagi?
2026-05-08 14:16:20+00:00,selametriyanto077,Berapa tahun?
2026-05-08 14:10:20+00:00,dyyy__21,mau kaya 2019 lagi kah ih amit² jangan dehh😭😭
2026-05-08 13:19:12+00:00,axzo.4,libur sekolah dua minggu apa dua Tahun
2026-05-08 12:34:20+00:00,miskom404,singkat saja. kapan libur
2026-05-08 12:26:39+00:00,satsatriorio2,ini SCTV jd influenser WHO ya? wkwk
2026-05-08 12:01:26+00:00,denyydenyy17,Singkat saja mau berapa lagi korbannya
2026-05-08 11:59:29+00:00,keziaamelia_1,setiap 5 tahun sekali pasti ada masalah di Dunia
2026-05-08 11:25:55+00:00,radenmuda66,gak usah di Like biar gak Rami
2026-05-09 10:22:48+00:00,andorrakhan.9,muak gue dgerny juga😭
2026-05-09 10:23:13+00:00,baekbakteribaik,sama😭
2026-05-08 15:32:33+00:00,mascoy93,"udah pesen undangan belum kak, kali aja belum saya jual undangan 🤣"
2026-05-08 14:54:08+00:00,jejecelluler21,iyaa tenang aa' masih disini
2026-05-10 04:16:57+00:00,sunshinenayla,Agenda bisnis baru lagi
2026-05-10 03:24:04+00:00,xxxangel1212,"sama, kelihatan banget sandiwaranya"
2026-05-08 21:18:14+00:00,iinnoviyan,aku suka gaya bicaramu
2026-05-08 01:57:18+00:00,jaswadi_cjdw,"media² mainstream sibuk propaganda,"
2026-05-08 03:47:55+00:00,pras.satelit,"capek gini terus virus terus , mau hidup aja susah bgt"
2026-05-08 02:30:09+00:00,rfdzdn,pura2 gak tau ajaa
2026-05-08 02:20:44+00:00,bobichakrijalussani,singkat saja... brpa tahun???
2026-05-08 05:50:00+00:00,al.fath716,"to the poin saja,harus vaksin berapa kali ini?"
2026-05-08 04:22:49+00:00,windaindri_,"Siapin nescafe gaes, kita bikin dalgona lagi"
2026-05-09 14:34:36+00:00,kelanaa14,"yang gua takutin mbg, gatau kenapa, tolong yang pegang mbg, kebersihan dapur dan alat makan di jaga ketat, tolong banget 😭"
2026-05-09 23:31:00+00:00,ran_1311,"Gw mau kerja, plis lah gausah lockdown2an lagi ☹️"
2026-05-08 02:45:11+00:00,wayanalit53,intinya kapan jualan obat vaksin lagi?
2026-05-08 01:45:52+00:00,detektif_pride,"atur aja, berapa lama liburnya?"
2026-05-09 09:10:26+00:00,useridn0008,jangan di besar besarkan
2026-05-08 02:12:53+00:00,bukan.wanitasemprna,dah gk percaya lg kayaknya 😁
2026-05-08 03:15:47+00:00,wooinn05,douwload google classroom lagi
2026-05-08 12:48:40+00:00,nanjar1,Mulai kapan lockdown?
2026-05-08 15:01:29+00:00,paiclipy,sama pas covid gw masih main di luar tapi pake masker + ngk pernah vaksin
2026-05-08 14:57:41+00:00,semaut76,Wah samaan ngab saya juga kaga pernah tuh pas covid di suntik vaksin tapi aman masih hidup ✌️
2026-05-10 17:18:35+00:00,ftmreal,"to the point aja, berapa harga vaksinnya?"
2026-05-14 03:35:26+00:00,user6024179864250,jangan panik
2026-05-14 10:22:31+00:00,edy.saputra128,wooooow bisnis ne
2026-05-09 05:21:28+00:00,murzaniccank,JGN DIVIRALKAN
2026-05-09 22:37:52+00:00,spd9643,bct
2026-05-09 10:11:59+00:00,rachun_qiuqiu,Mulai lagi 😂
2026-05-09 06:46:44+00:00,beeforyou10,cuma seminggu kok 😁 💀
2026-05-10 04:42:21+00:00,ada_ada_aja28,
2026-05-10 14:04:17+00:00,youknowri_77,ekhem berarti ini jadi angkatan hantavirus kah?
2026-05-10 15:44:25+00:00,whateverdamnn,jangan di kasih panggung kasus kaya gini
2026-05-09 00:35:43+00:00,bebek_merah0,itu Runi cenet salah satu penumpang apa gimana ini yutuber sering gw tonton
2026-05-08 06:39:21+00:00,whitehous7,singkat nya aja kapan lockdown udah nggk sabar nunggu 2030 neh
2026-05-09 02:12:43+00:00,merisgt_,Capek lockdown woi mau liburan gue
2026-05-11 10:44:51+00:00,qsxcasper,"Gak espek kalo itu runi cenet, sering liat dia di youtube selain joe hatab"
2026-05-08 14:40:58+00:00,bege1790,Trus hubungannya kapal pesiar di belanda sm indonesia apa??
2026-05-08 15:48:13+00:00,kr1ssssnaaaaa,bisnis nya trump atau strategi nya trump?
2026-05-10 17:50:41+00:00,kaffucheeno.252,awokawok
2026-05-09 09:30:13+00:00,cacaiuiu,Mau bisnis apa lgi
2026-05-09 07:22:10+00:00,anggun_ardilah,"singkat aja nih , daring sekolah mulai kapan ? mumpung ini anakku mau lulus sekolah nih , mana tau langsung lulus gitu nilai bagus A / B+ 🙏"
2026-05-08 17:42:02+00:00,alfrisstell,"singkat saja, berapa tahun? 🗿"
2026-05-08 13:48:06+00:00,juniyorarifn12,"langsung ke intinya aja, berapa lama liburnya nantinya??"
2026-05-08 11:55:57+00:00,adealhd,ada yang percaya?
2026-05-08 11:54:43+00:00,ereen91,"baru pulih ekonomi, udah mau di suruh miskin lagi 2 thn libur😩"
2026-05-08 11:39:45+00:00,senggolldongbang,ini bisnis yang bakal mengontrol seseorang beli air bersih
2026-05-08 09:16:17+00:00,aristr01,hdehhh hdehhh😹
2026-05-08 08:53:51+00:00,nur.hasyim337,berita gak mutu
2026-05-08 08:41:18+00:00,atha_bustomi,"udh langsung aja berapa bulan, udh lebal"
2026-05-08 08:31:12+00:00,sayaorangdes,"ngapain di up sih, ribet lah gw gak panik kesel malah"
2026-05-08 08:07:27+00:00,mhmditz,gw gamau lagi ya di suntik vaksin plisss🗿
2026-05-08 07:38:39+00:00,jackbrwon728,masih percaya who ya ternyata herannnnn🥺
2026-05-08 07:03:35+00:00,erwin_sutama,jgn di like biar gk fyp
2026-05-08 06:43:11+00:00,bagus_203,kunci hidup tenang(skip berita kek gini)
2026-05-08 06:02:56+00:00,alfath27_,gausah basa basi brp hari liburnya? 🗿
2026-05-08 05:46:23+00:00,kamartajey,"singkat saja, libur berapa minggu?"
2026-05-08 05:43:35+00:00,im.sinyoo,anjayyy event baru lagi
2026-05-08 05:11:50+00:00,useronebee,singkat saja . kapan libur ?
2026-05-08 05:03:21+00:00,muhamadarkadplovers,wah harga masker bakal naik lagi nih..
2026-05-08 04:01:54+00:00,17wahyu.hidayattt,Nda osa basa basi . Langsung aja pada intinya libur kapan
2026-05-08 14:50:40+00:00,itsmeehugo,"ett dah jadi apa bae, ora ampuh bekasi mah"
2026-05-08 05:29:47+00:00,siskalestari230,gk usah aneh² ini sekarang ekonomi lagi sulit jangan dipersulit lagi
2026-05-08 01:48:32+00:00,random__040,langsung aja 1 tahun apa 2 tahun
2026-05-08 11:28:03+00:00,mastryyyyy,Skenarionya gimana lagi iniii... jangan lupaa di brifing
2026-05-08 04:51:04+00:00,ysf.rahmad,"Dzikir animation ""Robbi anni massani yadhurru wa anta arhamur roohimiin"" )رَبِّ أَنِّي digunakan مَسَّنِيَ الضّرّوَأَنْتَ أَرْحَمُالرَّاحِمِينَ sebagai doa memohon kesembuhan dari penyakit berat atau ujian hidup, yang diambil dari kisah Nabi Ayyub AS. Dzikir ini dibaca untuk memohon kesabaran dan mengangkat penyakit.
Berikut detail manfaat dan tujuan dzikir tersebut:
Memohon Kesembuhan Penyakit: Dzikir utama saat sakit, baik penyakit fisik yang berat maupun penyakit yang dirasa mustahil sembuh.
Doa Saat Ujian Berat: Dibaca ketika ditimpa cobaan hidup yang bertubi-tubi agar diberikan kekuatan dan kesabaran.
Pengingat Rahmat Allah: Kalimat ini menegaskan bahwa Allah adalah Yang Maha Penyayang, sehingga memberikan ketenangan batin.
Mengamalkan Doa Nabi Ayyub: Merupakan potongan ayat dari Surah Al-Anbiya ayat 83, doa yang dipanjatkan Nabi Ayyub AS saat beliau sakit."
2026-05-08 01:48:55+00:00,suryani.safitri98,hmmm aku nyimakkk dunia ini kek gimana lagi😮‍💨
2026-05-08 10:31:38+00:00,sollor.0824,gua udah cek harga tiket pen mudik😁
2026-05-08 11:31:13+00:00,excel4.u,"alumni 2012,alumni 2020,otw alumni 2026"
2026-05-09 14:26:47+00:00,icelemonade____,"please jgn dl, aku lg rajin pilates sm nyoba seluruh cabor ya☺️"
2026-05-08 14:20:15+00:00,virgi_ywanns,"yey ada produk baru ya, kapan ni launching nya?"
2026-05-09 09:33:30+00:00,reyhan_khaliq,Langsung saja kapan libur?
2026-05-08 16:11:27+00:00,dicky.26,apakah akan ada PSBB dan vaksin selanjutnya seperti 2019-2021 ?
2026-05-09 02:42:26+00:00,boccili1,jngn kasi panggung seperti ini hanya membuat reasah masyarakat
2026-05-10 15:53:58+00:00,marioadre78_,"Itu juga demi kesehatan loh, 😭😭😭"
2026-05-16 23:51:50+00:00,byarbreal,"Kebohongan apa lagi ini,jangan sampai seperti Covid kemarin,semoga masyarakat kita tidak dibohongi lagi"
2026-05-12 13:44:07+00:00,monkey.d.luffy08827,vaksin berjilid jilid lagi ini mah
2026-05-12 11:59:56+00:00,herysupriyanto772,hahaha
2026-05-12 07:33:03+00:00,rendipmgks,Elite global
2026-05-11 16:31:36+00:00,kekalabadi23,"pas dulu vaksin sampai 3 x, trus ini suruh apa lagi, mendeng kerjo madang ngising genah penak"
2026-05-11 13:25:20+00:00,farmchemical,dak ngurus 🤣🤣
2026-05-11 12:50:43+00:00,user887562022,sdh mulai bermain politik pemerintah ini ... jngn klian bodohi rakyat ..
2026-05-11 07:40:27+00:00,rezaepanda,"proyek pemerintah di mulai lg, dapat cuan banyak ni"
2026-05-11 05:54:18+00:00,paulosmiths,iki lak youtuber ruhyi chanel
2026-05-10 17:43:29+00:00,_ndrawgna_,mulai lagi aja 🤭
2026-05-10 16:47:53+00:00,abell.gtr,proyek WHO lagi ini
2026-06-02 04:44:07+00:00,angelrockband,who sm menkes cari cuan terus
2026-05-21 14:59:24+00:00,bukanrokhim,"singkat aja, vaksin berapa kali?"
2026-05-20 02:49:17+00:00,madygreentea,ANJIRR BERITA TOLL TOL
2026-05-15 06:46:41+00:00,enyrehana,halah gombal!!!weess ra percoyo blaaassss
2026-05-14 05:21:10+00:00,bangyos.77,"virusnya itu ""MEDIA"""
2026-05-13 11:50:31+00:00,name_7301,"perasaan dulu ga ada ni virus2,ini skrg bnyk banget virus nya,DTG dari mana tu virus"
2026-05-13 02:59:56+00:00,eroxxboyyyy,Gasuh basa basi locdwon kapan
2026-05-12 14:00:22+00:00,.ndara.marapu,politik apa lagi ni? ada ada aja pemerintah seluruh dunia kompak banget😂
2026-05-12 13:37:32+00:00,bedah0137,baw ke saya virusnya saya makan saya paling doyan sama virus
2026-05-12 13:26:48+00:00,arson050,virus bisnis
2026-05-11 16:15:58+00:00,ak.77890,"sudah ku duga, ini mah mau jualan vaksin lg😂😂"
2026-05-11 14:17:51+00:00,kqiyuuu,apakah ini virus setingan admin dunia.setelah covid 19.
2026-05-11 13:58:44+00:00,recoset81,apalagi yg akan melonjak dilonjak di indon klo dulu masker .tau sekarang lg bingun mau nyetop apa ini 😁
2026-05-11 13:22:35+00:00,cenkuba.aceh.suma,INI VIRUS MBG
2026-05-11 09:26:34+00:00,juniarhrdy,"bodo amat kita gak mau lockdown,ini pasti seatingan pemerintah"
2026-05-11 07:20:13+00:00,buzzerrppp,Mulai😂
2026-05-11 00:23:59+00:00,erorrosak123,bisnis pemerintah gausah basa basi berapa lama kita warga kecil harus menderita?
2026-05-10 23:17:32+00:00,jgnlupabahagia26,"pemerintah ""cuan,cuan,cuan"""
2026-05-10 22:50:10+00:00,aily.kris,"intan nya aja, satu vaksin harga berapa"
2026-05-08 11:00:52+00:00,mas.dan_8,"rakyat udah bosen pak, coba yg lain aja, jangan yg beginian, ekonomi lagi sulit ini pak"
2026-05-08 09:43:21+00:00,chalista.daffa,TOLONG JANGAN DI LIKE KALO POSTINGAN GINIAN.
2026-05-08 08:42:04+00:00,cumiii06,"pada inti nya aja, Berapa Tahun?"
2026-05-08 07:59:19+00:00,nama.saya.siapa98,Corona ilang karena apa karena gak ada beritanya atau karena apa?
2026-05-08 07:51:42+00:00,asep_ariesta,"langsung aja ke poin nya, vaksin kapan jadwal nyh, ?"
2026-05-08 07:18:23+00:00,aryadarmadi,Skenario apalagi ini?
2026-05-08 05:13:24+00:00,rifqii.r,singkat saja harus brpa kali vaksin?
2026-05-08 04:36:06+00:00,mfaisal0613,singkat saja brapa tahun libur
2026-05-08 04:18:49+00:00,rahma.waty418,"anjirr lahh, trs nnti ada vaksin lagi gk"
2026-05-08 03:12:49+00:00,bx_mz147,"Ngapain di up si nih brita2, ekonomi udh kacau tambah kacau"
2026-05-08 03:15:01+00:00,user2558599544858,"Di negara kita udh Darurat dari dulu, please jgn di tambah"
2026-05-08 02:55:20+00:00,wineeeee2,kabar buruk teruntuk bulan kelahiran aku🗿
2026-05-08 02:45:44+00:00,simplay_77,ada aja ya.hmmm😌😌
2026-05-08 02:43:08+00:00,malickiraja,Intinya ? Sinovac Apa AstraGenalpa 😭
2026-05-08 02:42:58+00:00,yyanti78,boleh gk percaya gk sih?
2026-05-08 02:39:31+00:00,imrckt,"singkat saja, lockdown brp lama?"
2026-05-08 02:37:33+00:00,kruztov,udah basi
2026-05-08 02:29:33+00:00,ef_1305,lebay ih
2026-05-08 02:15:07+00:00,qlin95,Halah ada bisnis apa lagi nih
2026-05-08 02:02:06+00:00,..19mei,"langsung aja, dua minggu atau dua tahun? yang jelas"
2026-05-08 01:54:42+00:00,tanzilal77,dunia simulasi
2026-05-13 19:16:06+00:00,ghoblock_boys,apa yg hRus di beli ?? masker atau sarung tangan
2026-05-11 15:57:38+00:00,kazekaizen5,Singkat saja mau libur sampai kapan
2026-05-11 10:25:48+00:00,user6024179864250,gk usah panik pengalaman di covid dulu yg penting jaga diri masing2 dan keluarga
2026-05-11 10:13:09+00:00,syarifpadil,ulah siapa lagi ini??
2026-05-10 15:33:52+00:00,badung312,udh keball gw mahh
2026-05-10 14:42:26+00:00,cepri.cahriana,KAPAN VAKSIN DAN DIMANA.
2026-05-10 12:31:28+00:00,sanz_0131,"langsung aja, info saham kesehatan ✌"
2026-05-09 04:13:08+00:00,meyvj96,😂
2026-05-10 04:18:08+00:00,mieayam13457,bilang ajh biar uji coba vaksin ke manusia kan?
2026-05-10 03:29:47+00:00,rpathiss,gausa basa basi udah libur brapa tahun?
2026-05-10 01:44:24+00:00,septianbayu026,siapa yank pertama menemukan nama virus ini sungguh jadi pertanyaan kocak😂😂
2026-05-09 22:58:12+00:00,budak.johor.87,udah bilang saja brapa tahun
2026-05-09 22:47:02+00:00,xsprhs8wns9,tar dlu gua belum lahiran😌
2026-05-09 19:32:07+00:00,valpin3,Kebanyakan ekting ini dunia🫠
2026-05-09 18:47:04+00:00,wulan.kirana170,jangan locdown dulu q mau nikah di bulan juni😭mau merasakan di nafkahi nie
2026-05-09 17:22:44+00:00,fais_438,@Rendy_Sptr @Zall_17 @Rivv @Ghatvan
2026-05-09 17:22:50+00:00,ryuuki.__,season 2nya mau keluar kah??🗿
2026-05-09 16:26:10+00:00,kikiav,mulai mulai
2026-05-09 15:18:26+00:00,accabe13,Inti nya aj Harga obat ny brpa?
2026-05-09 14:47:16+00:00,lililiyaaa._,anzay
2026-05-09 14:10:37+00:00,zisss__80,dah langsung bilang aja sampe brapa taun
2026-05-09 12:32:06+00:00,leo_girl170804,masa harus part 2 sihh😭😭
2026-05-09 12:10:42+00:00,justm4il,plss jangan deh ge belum dapat pekerjaan😭😭
2026-05-09 09:32:51+00:00,frezrizeechze.fyez,itu kan youtuber yang sering gua tonton jir
2026-05-09 08:12:51+00:00,syarifstore.id,rakyat sudah semakin cerdas 👍
2026-05-09 07:47:26+00:00,elecia.agtha,@𝓐
2026-05-09 06:19:00+00:00,evipita8,udah bisa dibaca bung
2026-05-09 06:18:37+00:00,evipita8,politik pemerintah lagi ini😂😂😂
2026-05-09 04:27:28+00:00,cewebanget,ooooh ini
2026-05-09 04:15:59+00:00,mercy_p.jm7,jir lah
2026-05-09 04:08:36+00:00,manfirmonstance,"dari dulu aku gk pernah vaksin, alhamdulillah sehat sampai sekarang"
2026-05-09 03:02:37+00:00,lidlid_ya,bisnis lg mna lg krisis gini
2026-05-09 02:14:01+00:00,rina_asly,Langsung aja jdi kapan lockdown?
2026-05-08 12:21:46+00:00,ardhyblack09,"alah berita begini abaikan aja, jangan di perbesar"
2026-05-08 15:25:24+00:00,malvinofficial89,"singkat saja, mau di liburkan berapa tahun?"
2026-05-08 12:13:33+00:00,mametmet553,"bisnis lgi bisnis lgi,huh bosan"
2026-05-09 06:10:08+00:00,ttasyya8,PADA GK PERCAYAA?
2026-05-08 15:23:04+00:00,masjoyfinds,Hanta yang ini gak serem kok
2026-05-08 13:37:29+00:00,laily.rahmawati57,kapan ya internet di dunia ini hilang di muka bumi ini
2026-05-08 12:02:28+00:00,ozalim26,jangan sampai opung Luhut dengar dengan berita ini ya..
2026-05-08 10:55:01+00:00,efan_qp2,apa nama bisnis nya kk
2026-05-08 10:56:31+00:00,p_i_o.2009,semoga kita semua sehat selalu dan terhindar dari Hantavirus
2026-05-09 10:37:49+00:00,asyaadumpieee_,"cuman mau vibes nya , bukan VIRUS NYA"
2026-05-08 12:00:49+00:00,iwanreza7,proyek lagi
2026-05-09 06:14:40+00:00,lamhot.silalahi3,kita disuntik? pake obat covid lagi?
2026-05-10 01:43:58+00:00,dokterodgj585,udh selamat season 1 malah lanjut season 2 jir
2026-05-08 10:53:43+00:00,ade.mkf79,pertama🔥🔥🔥
2026-05-08 11:00:21+00:00,zonx696,harga masker langsung melonjak. .
2026-05-08 12:26:19+00:00,nanda123985,apakah libur lagi aku suka libur
2026-05-08 12:21:28+00:00,velciegilbran,lebih takut klo gw gk punya duit 🫩
2026-05-09 03:23:36+00:00,hendrasyahputrapr,"kalian percaya,
gua sih engga🗿🗿"
2026-05-08 15:05:32+00:00,rudyelng,virus judol mlah lebih berat bahaya mbk
2026-05-08 14:42:59+00:00,arifrudita_5,"bisnis2,, lu aja waspada gua engga , udah pasti bisnis wkwkwkkw"
2026-05-08 11:24:33+00:00,shooparumi011022,ga tertipu lgi saya
2026-05-08 11:03:35+00:00,chuantik.bbyru,"semoga ga terjadi, dan jangan sampai depok duluan yang mulai🗿"
2026-05-10 20:36:29+00:00,alyaratulo,pada ga percaya anjir😹
2026-05-10 01:15:18+00:00,syah_hizaa,yah ntt kena😭😭
2026-05-10 00:12:25+00:00,e_chantik2,@6⃣7⃣ @is 𝙢𝙚 maya🦇 @🇮🇰🇷Raisa🇮🇩 @🕷️Qilxz🕸️ @raa @why🤨 @mobil mbg🗿 @VANZZZ||~ @itssnya_xyzzw09 @ddee gacor 🤙🤙🥵 @𝓟𝓪𝓷𝓰𝓰𝓲𝓵𝓪𝓳𝓪𝓝𝓾𝓻𝓲𝓵
2026-05-08 12:01:16+00:00,storykangac,kacauuuuu😂
2026-05-08 11:04:31+00:00,onthemixexplicitc,"varian rasa, apa kak"
2026-05-10 14:25:31+00:00,luxvi_92,Ngantuk liat beginian
2026-05-08 13:19:49+00:00,merahputih123458,tolong jangan di besar besarkan berita nya
2026-05-09 03:28:39+00:00,chewy.sora,Berita nya udah nyampe seluruh dunia masih ga mau percaya? 😊
2026-05-10 13:34:55+00:00,user3119861321516,apa lagi rencana pemerintah
2026-05-08 22:47:13+00:00,adev86,event limited apalagi ini wak
2026-05-08 12:36:27+00:00,bgbaday,"tiap 5 tahun lebih ada aja virus dunia ini😂
entah uda berapa kali selamat gw dari virus🤣"
2026-05-10 11:10:18+00:00,rajasalman203,
2026-05-19 18:18:12+00:00,minzzxbarca,kayanya gw kenaa....🥀🥀
2026-05-14 05:18:50+00:00,maudi_123459,ya
2026-05-10 14:00:52+00:00,fahrizalpratamasa,aiii
2026-05-10 07:08:43+00:00,bly_iy,"kenapa sih 2026 nih banyak berita
mulai dari hantavirus lah penipuan lewat telpon lah😭"
2026-05-10 10:30:15+00:00,tahananf0gland,kalo hamster????
2026-05-09 09:08:45+00:00,jexxempatempat,bisnis elit global lgi anjlok apa gimana
2026-05-10 08:14:48+00:00,user095232520,"stres, mau nya libur mulu."
2026-05-09 12:38:05+00:00,keillaa_m_4,"libur mulu di tanyain, ga mikirin bahaya apa engga virusnya"
2026-05-09 04:30:25+00:00,ahmadtuhuteru881,🤣🤣🤣🤣. prediksi libur 10 tahun ini🤣😁
2026-05-08 16:55:10+00:00,xynxxx26,"jgn lah, baru aja keterima di universitas impian 😭😭"
2026-05-13 02:50:03+00:00,zanzzo_o,dokter ini lagi😭😭🗿
2026-05-09 06:58:10+00:00,hyhllo._,ngga dongg tpi kyanya masih dibuat obatnya
2026-05-09 01:11:54+00:00,_.lik.jant,internet udah jadi bagian dari sembako😂😂
2026-05-08 14:01:40+00:00,didiahmadi113,Pasti ada massa nya
2026-05-09 14:05:21+00:00,tralalel0o_tralala,@rahmaaa_
2026-05-08 19:40:58+00:00,crawling____,Zx
2026-05-09 08:08:26+00:00,reyzore_elitepoco,gw percaya
2026-05-09 09:16:58+00:00,auzaaa_epep,"iya kan, maksudnya tuh kalo beneran harusnya udh dari lama"
2026-05-08 12:16:58+00:00,cendrawasi2020,betul
2026-05-08 10:55:11+00:00,cintakholifatul,pertama aja
2026-05-08 10:56:38+00:00,ade.mkf79,wkwkwk
2026-05-11 11:00:58+00:00,rabite_barek,"setuju
bisa saja tambah parah kalau vaksin itu"
2026-05-09 11:59:32+00:00,enzxx_cy,hati hati loh bang udah masuk ke Indonesia
2026-05-09 03:30:42+00:00,hendrasyahputrapr,"virus itu gak bakalan ada kalo bukan ulah orang lain.
jadi kalo ada paksin. mending gak usah."
2026-05-08 21:20:56+00:00,banglaprofc10,bocil
2026-05-09 15:21:00+00:00,putra96770,gua lagi sesak nafas wak
2026-05-08 14:01:37+00:00,arunaaa121,@iim Rohimah
2026-05-09 02:43:22+00:00,vansjaaa,absen dlu biar jdi sejarah lagi ntar😹
2026-05-08 12:11:49+00:00,bahonng_,teman gue di gigit tikus ga kenapa². singkat saja berita ini jangan di besar besarkan². ini bisnis elit global
2026-05-09 16:27:26+00:00,xty009,oh yang di ruangan ber ac itu ya?
2026-05-12 03:04:34+00:00,shrissnrkhsnh.1,"Tanggapan saya terhadap berita Hantavirus ini adalah kita harus tetap merujuk pada sumber medis yang kredibel. Penting untuk mengedukasi masyarakat tentang cara penularannya agar tidak terjadi hoaks yang menakutkan, sambil tetap menerapkan pola hidup bersih @⚡"
2026-05-08 13:45:44+00:00,abdulhakim5013,sayaa gak percaya
2026-05-09 09:35:23+00:00,kikyyy96,tikus kantor termasuk juga gak?
2026-05-13 08:33:38+00:00,fanyaa1212,Indonesia udah kena cuy
2026-05-09 07:48:15+00:00,karzznonchalant,s-sulawesi Utara?
2026-05-08 16:07:42+00:00,asus.fylah,yg harus diwaspadai itu pertalit jangan sampai naik harganya
2026-05-08 11:51:38+00:00,sahatsahat935,gw ngk peduli yang penting gw bisa main epep selama hidup ku
2026-05-08 11:33:49+00:00,khia_185,virus apalah takdir Allah yg Atur
2026-05-08 14:53:02+00:00,ian620620,ia mual pusing skit otot itu arti y kkrangan uang...
2026-05-08 11:42:21+00:00,thomasalvaedi,di Bawak santai aja kawann
2026-05-08 11:48:39+00:00,donnycandrafebriyanu,
2026-05-08 11:15:02+00:00,azyaryprakoso,"Gagal move On paling susah,,"
2026-05-08 11:33:07+00:00,shangguan_qiuyue,TELEK KUCING
2026-05-08 14:55:26+00:00,leeminho150589,"kalau pusing gak punya duit
harus waspada gak sih"
2026-05-11 12:19:47+00:00,rido_d8,di rumah ku banyak tikus 😭😭😭
2026-05-08 11:11:49+00:00,triandynurdiansah,tifes ganti nama hantavirus
2026-05-08 13:19:32+00:00,gemstonepku,anta uang yang ada
2026-05-08 11:52:34+00:00,jurassicpunk2,
2026-05-08 11:30:17+00:00,widodotextile,abaikan biar ga fomo
2026-05-08 11:53:17+00:00,sahatsahat935,"gw udah mengalami cirinya kesakitanya
karena kerja lembur terus tapi uang ku ngk nambah2"
2026-05-08 11:54:05+00:00,baim.baim208,jangan mau vaksin
2026-05-08 23:10:16+00:00,weltu5,saham kesehatan naik 😁
2026-05-08 14:28:34+00:00,rian_mandosir,jangan ada yg percaya
2026-05-12 23:24:01+00:00,akun_lama023,tapi spp ak kena virus hanta
2026-05-10 07:54:25+00:00,ardhyblack09,ya makanya jangan di besar besarin biar gak kaya corona
2026-05-10 00:14:00+00:00,kiboynovi_2febuari,𝘫𝘢𝘯𝘨𝘢𝘯 𝘨𝘪𝘵𝘶𝘩 𝘨𝘪𝘮𝘯 𝘬𝘭𝘸 𝘣𝘦𝘯𝘢𝘳 𝘬𝘢𝘺𝘢 𝘷𝘪𝘳𝘶𝘴 𝘬𝘰𝘳𝘰𝘯𝘢
2026-05-09 15:49:13+00:00,inun.nurainun6,beneran woiii
2026-05-09 11:58:00+00:00,call_hee1009,"hhh dpt cuan jelass,ini semua politik semua d jadikan cuan wkwk"
2026-05-09 07:03:17+00:00,hermanprassetya,"tapi banyak korban meninggal, kan? dan dampaknya besar juga kan, termasuk perekonomian Indonesia"
2026-05-08 23:26:25+00:00,ardhyblack09,"ingat gak beberapa bulan lalu ada virus superflu, itu gak di besar besarkan, nama virus itu hilang gitu aja"
2026-05-08 21:51:26+00:00,damar123._1,"gk jg tu biasa aja selama tdk di besar2 kan,, buktinya masa iya covid dulu katanya bahaya kok tiba2 hilang begitu aja"
2026-05-08 19:40:54+00:00,crawling____,Pipipipipi😁i😁iii😁i😁i😁i😁i😁i😁i😁i🥰😂oooooooooooooo X x zx
2026-05-08 13:16:15+00:00,hermanprassetya,"kalau sampai masuk ke Indonesia, gimana? kayak covid 19 dulu. panik, kan?"
2026-05-08 13:03:56+00:00,h1_.e2,iya dapet dari vaksin😹
2026-05-08 13:03:02+00:00,saputraaaaaall,setuju
2026-05-08 12:54:40+00:00,rustamaji899,dia dapet cuannnn
2026-05-08 12:45:40+00:00,cancerboy69moon,ini termasuk pengetahuan lol
2026-05-08 12:25:54+00:00,damar123._1,"betul, apalagi itu di luar negri"
2026-05-12 00:47:43+00:00,syahrulramdanidan,hah termasuk tikus kantor ya? 😱 wah hati hati ya yang kerja di kantor
2026-05-11 08:04:48+00:00,toarmdo,"bukan pemerintah Bambang, TPI para elitglobal tuh.."
2026-05-09 06:22:43+00:00,.fahari_baik,@ONYY..DIKzz @ZAMA @Nizam @🀄 @UNKNOWN @Vanzz👾 @nela @-TRI🅰️- @cintakyu 🌹 @✨✨𝐊𝟒𝟒!!? ____𝐄𝐤𝐚𝐚𝐚✨✨ @👾🧚‍♀️ @Nadhifa Nadhifa
2026-05-08 14:16:53+00:00,heyits.pitaa,haha asli sebahaya itu
2026-05-08 14:02:50+00:00,iimrh5,hh nu tadii tea
2026-05-08 14:01:46+00:00,arunaaa121,tah si intan
2026-05-08 17:32:24+00:00,privater268id,tenang MBG tetap di bagikan ✌️
2026-05-08 17:36:42+00:00,ardhi_terate,#Dirumahsaja
2026-05-08 17:40:56+00:00,ainur_roziqi27,KE INTINYA AJA BERAPA TAHUN LIBURNYA??
2026-05-08 17:21:28+00:00,rich.andri,Bisnis vaksin jilid 2 🤔
2026-05-08 17:11:49+00:00,agus86376,ujung ujung nya jualan obat
2026-05-08 17:02:25+00:00,ozan3378,ah mungkin prasaan ku saja
2026-05-08 17:59:31+00:00,sirait_24,"aka bujang inam yg bisnis ini. udah phk masal di smua perusahaan. muncul lagi virus "" bujang ini.."
2026-05-08 18:13:01+00:00,gunungkembar169,"🤣🤣🤣 dari dulu tikus digot buanyak banget, ditempat sampah, sampe kelindes"" motor/ mobil, gede gede lagi.. kenapa ributnya sekarang... 🤣🤣 preeet ahh, tidak usah panik saudara"".. tanggepin santai aja, sambil ngopi..."
2026-05-08 18:14:52+00:00,bcaprioritas__,BISNIS VAKSIN LAGI NI 😏
2026-05-08 18:15:06+00:00,dyzdyz_,"gausah percaya,tikus dari dlu udah ada,buktinya ga kena virus tuh"
2026-05-08 16:57:22+00:00,darmabarat2001,Vaksin lagi vaksin lagi😌
2026-05-08 18:21:23+00:00,yudinacehtimur,KA di tipu lom
2026-05-08 16:41:43+00:00,mhd.ridho.ridho2,jgn prnh prcya dlu...
2026-05-08 18:39:23+00:00,cyanvert.ff,kita lulusan corona bos🗿🙏
2026-05-08 16:52:41+00:00,arimakmal,"klo iya berasal dari tikus knpa baru muncul skrang2, kmana ajaa sebelum kovid atau tahun 2000an, mikir kids"
2026-05-08 16:51:39+00:00,user4437511067842,lagu lama
2026-05-08 16:51:30+00:00,darmayuda169,langsung aja ngomong berapa tahun?
2026-05-08 18:47:02+00:00,alimafa.sitorus,jangan tertipu lgi
2026-05-08 16:48:39+00:00,user314456848,😂😂😂😂
2026-05-08 18:49:12+00:00,nanangwahyudi822,"emang di laut ada tikus?
di anime one piece gw percaya, kucing aja ada di laut😆"
2026-05-08 19:30:39+00:00,fanxgs00,👍👍👍
2026-05-08 16:46:18+00:00,cut_bang.firdaus,jualan obat
2026-05-08 20:08:14+00:00,ellywaty725,Uu paham sdh rakyat. Msu kiburan sekolah. Mcm2 cerita dibuat2
2026-05-08 16:43:39+00:00,yudiadhedhau,bisnis apa lagi ini kawan 😂😂😂😂
2026-05-08 16:42:06+00:00,ardiwidodo71,intinya jangan di sebar sebarkan..buat khawatir masyarakat...semoga virus cepat berlalu
2026-05-08 14:56:40+00:00,sometimesaboutmeyou,kirain nanti jadi zombie
2026-05-08 15:05:17+00:00,hanson8882,jgn prcy..pilek flu demam hidung tersumbat demam itu udh hal biasa.sblm firus ad sebelumnya udh ribuan THN udh ad sporti JD kita jgn tkut sporti corona.hny permainan
2026-05-08 15:05:15+00:00,ndy.s4,kopetttt
2026-05-08 15:02:47+00:00,tomblos.jr,jangan sampai Mentri kesehatan tau ini😏
2026-05-08 15:02:41+00:00,fik37taufik,iya tuh. katanya udah level maxbet 😂
2026-05-08 16:56:47+00:00,dannybali145,"siap"" drama di konoha"
2026-05-08 17:25:39+00:00,andreasjordan08,PLISSS MASIH MISKIN 😭😭😭 KENAPA BUMI GAK BISA DIEM 😭😭 BANYAK GEBRAKANNYA 😭😭😭😭😭😭😭😭
2026-05-08 13:15:50+00:00,profisal_aziz,hoax
2026-05-08 16:30:18+00:00,user2503168620937,jangan di dengarr
2026-05-08 16:24:38+00:00,mochtaufiq8,Di Spanyol tempst karantinanya tspi ngak se heboh dan kuar kuar di konoha🤣🤣
2026-05-08 16:27:24+00:00,bolu_3o,Singkat saja harus berapa kali vaksin🤣
2026-05-08 20:30:13+00:00,elsahrawi34,BODO AMAT 😅
2026-05-08 16:31:28+00:00,user3ed9n19cg5,lebay
2026-05-08 16:33:32+00:00,hid.story46,ya udh diem mba..jngn bnyak nakut2in
2026-05-08 16:36:55+00:00,wayan.urip06,prett
2026-05-08 16:41:25+00:00,fanfogler_,yang Deket TPS Bantargebang: Kebal!!
2026-05-08 16:22:50+00:00,arkan.karzin,alah akal2 an
2026-05-08 16:11:07+00:00,deka_sada89964,yg kucingnya sering makan tikus tapi tetep sehat wal'afiat☝️☝️😴😴😴
2026-05-08 16:10:02+00:00,merang_1977,🤣🤣🤣dongeng
2026-05-08 20:14:45+00:00,lingga44499,halah prek
2026-05-08 15:42:24+00:00,putra.batu.jaya.b,@VOKALIZ_NETIZEN YUK BISA YUK
2026-05-08 20:44:19+00:00,diansweet1,udahlah cape
2026-05-08 16:09:34+00:00,b.1206.zzh,Amerika kehabisan dana perang
2026-05-08 21:40:39+00:00,ala.kdar,politik lagi ajs
2026-05-08 16:02:10+00:00,cellosinaga14,Siap² cuan cair
2026-05-08 15:59:08+00:00,musyaffa.ff,aku flu lagi🥺😭
2026-05-08 15:47:29+00:00,sogili.bobotiktok.comjok,virus cinta slank 🤣🤣
2026-05-08 17:30:05+00:00,toke.nyengir2,🤣🤣🤣🤣
2026-05-10 11:41:15+00:00,mina.aja33,gw yang bilek lagi batuk dan ingusan
2026-05-10 13:07:15+00:00,suhairi8786,propaganda digital
2026-05-10 05:00:35+00:00,taurusmei424,adikku kerja di kapal pesiar dia bilang aman2 aja gak heboh tuh
2026-05-09 05:17:30+00:00,abidinchannel25,gw merasakan adanya bisnis lagi nih kayaknya 😅
2026-05-09 11:24:32+00:00,suryantoanto401,mulai sudah lagi dan lagi hhhhh
2026-05-11 14:35:53+00:00,fckingpeople__,sok asik bgt
2026-05-10 03:42:07+00:00,fans_windah14,guys ini benerr coba liat Google
2026-05-09 14:18:57+00:00,hhyyocc,langsung aja libur sampai berapa tahun?
2026-05-09 04:42:31+00:00,riskydelahoya,Tipu tipu😁😁😁
2026-05-09 04:04:16+00:00,jif_ry20,sebenarnya udah ada lalu sih tapi belum se heboh ini
2026-05-09 02:00:02+00:00,irul_widianto,WWWWOOOOOOOWWW😂😂😂😂
2026-05-09 01:57:33+00:00,eva.arifin,Ini udah sblm corona
2026-05-09 01:18:58+00:00,rchmanhaheho,"Media seperti ini yg suka goreng berita” cari topik yg bikin orng awam panik, makanya saya block smua media yg suka sebarkan berita semacem ini"
2026-05-09 00:49:29+00:00,anto.uah,beranikah kita makan mbg lg ??
2026-05-08 23:57:50+00:00,tina517890,kayak pes bukan sih
2026-05-08 23:52:07+00:00,jetra.yati,lebih hebat dari Drakor
2026-05-08 22:52:42+00:00,reltohulanam,rakyat udah susah...tapi masih juga di takut2i.....
2026-05-08 22:44:41+00:00,kuliluar23,nama virusnya siapa yng kasi
2026-05-08 21:51:52+00:00,serizawa_94_66,drama
2026-05-08 19:40:57+00:00,crawling____,Zz z
2026-05-08 17:27:37+00:00,yoki_asrianto,"Gue dari kecil aja sudah main nangkapin tikus disawah nggak ada kenapa - kenapa dah...😅😅
Hati - hati kadang media - media masa, influenser kesehatan, fll jadi marketingnya para elit global yg bermain dibelakang bisnis farmasi ini...karena tiap ada wabah yg jadi pandemi global maka mereka akan cuan luar biaya😂"
2026-05-08 15:38:24+00:00,renggopribadi_,bisnis lg niihh
2026-05-08 15:38:11+00:00,wawang.sanwani68,cegah sebelum masuk ke indonesia
2026-05-08 15:21:25+00:00,apa.nama123,helleh
2026-05-08 15:16:58+00:00,maulanaeza84,Elite Global
2026-05-08 15:13:43+00:00,misbahulmunir587,dia enak dapat konten
2026-05-08 15:10:56+00:00,tiktok_officia.com,jangan di up beritanya.klw di up makin jadi🤣
2026-05-08 15:01:40+00:00,_suta9_,bisnis lagi
2026-05-08 15:00:43+00:00,dionsilalahi5,bisnis lgi bisnis lgi 🤣🤣
2026-05-08 14:59:30+00:00,user72354252606188,mulai-mulai muncul
2026-05-08 14:56:48+00:00,ramadhanrahmad93,Jadi pertanyaanya siapa yang diuntungkan dari informasi ini😅
2026-05-08 14:56:39+00:00,dedyku75,kalau kantongku kena virus baru aku kawatir😂😂😂
2026-05-08 14:53:17+00:00,karakmegart15,proyek siapa lagi nih??
2026-05-08 14:51:18+00:00,rogerllaulardomichael,itu kan dari Argentina dan Chili
2026-05-08 15:02:31+00:00,iban_nez,"𝘐𝘕𝘐 𝘊𝘜𝘔𝘈 𝘗𝘈𝘕𝘊𝘈𝘙𝘖𝘉𝘈,(𝘱𝘦𝘳𝘨𝘢𝘯𝘵𝘪𝘢𝘯 𝘤𝘶𝘢𝘤𝘢) 𝘣𝘶𝘬𝘢𝘯 𝘷𝘪𝘳𝘶𝘴. 𝘭𝘰𝘨𝘪𝘬𝘢 𝘢𝘫𝘢 𝘥𝘦𝘩."
2026-05-08 15:01:06+00:00,ujang.muna59,bohong
2026-05-08 14:59:42+00:00,mr_pacul08,perasaan disini banyak tikus gsk tuh
2026-05-08 14:59:38+00:00,louisolla,bisnis lgi..dlu bgtu ujung2 ada yg di untungkan
2026-05-08 14:59:03+00:00,joyo710,jual vaksin lagi😂😂
2026-05-08 14:57:22+00:00,edisantoso.93,caer dinas kesehatan ⛑️
2026-05-08 15:06:15+00:00,emranlizio,bodo amat
2026-05-08 14:55:10+00:00,syaimansatpam9tambang,lockdown libur sekolah macet lahan basah Mbg 😂🤣
2026-05-08 14:53:21+00:00,ariii1818,"dari dulu tikus udah ada, ngapa baru sekarang tuh hantavirus muncul. gila duit banget heran"
2026-05-08 14:51:09+00:00,andrian_syah84,mulai lagi drama kolosal dunia kesehatan
2026-05-08 14:49:48+00:00,aries_moenandar,hm
2026-05-08 14:48:29+00:00,ifach1234,ok
2026-05-08 14:48:08+00:00,dawox370,"gak usah dibahas,,,,,"
2026-05-08 14:47:51+00:00,sonnysoputan1,"liat komen2 JD ngga heran sih KLO bakal lebih banyak,bukannya waspada lebih menjaga kebersihan malah nyinyir ngeremehin 🤔🤔"
2026-05-08 14:47:46+00:00,nanamulyana96,"Aya dei Bae ngaran virus,ujung2 na jualan obat dei"
2026-05-08 14:47:38+00:00,jhonelmo198,"intinya aja langsung, skenario siapa lagi ini......"
2026-05-08 14:45:25+00:00,hihih2146,ga percaya 😁 jangan di bikin kwatir yg penting intinya jaga kesehatan
2026-05-08 14:44:46+00:00,morbisss,aku siap jual vaksin lagi...
2026-05-08 14:43:52+00:00,mellowride,media bayaran
2026-05-08 15:21:12+00:00,adamsmithhrp,Hantam virus 😂😂
2026-05-18 08:50:48+00:00,mandungalbuchori,bisnis vaksin
2026-05-08 15:40:56+00:00,ricowirawan,"Teruss mau di vaksin lagi???? KEENAKAN PEJABAT NOOOHHHH,,, dijadikan bisnis vaksin"
2026-05-08 15:35:31+00:00,rangerszawa,nanti mah ada virus dari cicak kecoa dan tumbila
2026-05-08 15:32:59+00:00,hastabuwanatour,"Apa BELUM CUKUP dengan kehancuran sosial ekonomi dgn Covid-19, Apa harus nunggu Hancurnya Kedaulatan negaraku ini"
2026-05-08 15:32:16+00:00,wasis.mahendra8,terlalu bohong ga ada virus
2026-05-08 15:30:48+00:00,jos_rangko2,"intinya aja kapan liburnya biar cepat lucu eee masih banyak virus
nanti virus apa lagi setelah ini"
2026-05-08 15:30:22+00:00,sugengprayogo_id,😂😂😂
2026-05-08 15:28:48+00:00,www.kamaludinlbz.com,🥰🥰🥰
2026-05-08 15:25:34+00:00,upiekjer3,"opo jare hoax, hanya dibuat2 firusnya"
2026-05-08 15:24:46+00:00,f4chry17_,virus koruptor maksudnya apa gimana🗿
2026-05-08 15:24:13+00:00,hery.susanto90,😂😂😂
2026-05-08 15:23:38+00:00,da_med3,😂😂cuan tu cuan biar apa
2026-05-08 15:41:47+00:00,oklanny_s.psi,"Plis ya jangan kemakan omongan ini thu BISNIS BIAR UJUNG2 nya d vaksin, gw d vaksin corona malah makin sakit"
2026-05-08 15:20:46+00:00,facereveal_4,issue miring politik 🌍 semua season tak ada hbis dramanya
2026-05-08 15:20:44+00:00,bitangkancil40,𝙗𝙤𝙝𝙤𝙣𝙜 𝙡𝙖𝙜𝙞 𝙥𝙖𝙧𝙖 𝙢𝙖𝙣𝙪𝙨𝙞𝙖 𝙞𝙣𝙞
2026-05-08 15:20:03+00:00,ita_ikyy1517,jangan jangan ada konspirasi yuyur janggal lagi?? 🥺🥺
2026-05-08 15:18:58+00:00,facereveal_4,tak ada virus issue geopolitical
2026-05-08 15:16:02+00:00,wahyu.agus.setiaw,konspirasi opo maneh iki
2026-05-08 15:15:07+00:00,kangtopanmv2,UDAH TIAP HARI AKU SAMA TIKUS ALHAMDULILLAH GAK APA APA SUDAH PULUHAN TAHUN MALAH
2026-05-08 15:12:22+00:00,ovagautama,Mau jual obat lg
2026-05-08 15:10:42+00:00,irfan_setia22,nanti pasti jual vaksin🤣
2026-05-08 15:10:20+00:00,dannyramadhan0,udh jangan di besar2in Amerika sedang cari uang kalah perang
2026-05-08 15:08:07+00:00,adirajatompang,😂😂😂😂😂😂😂😂
2026-05-08 15:06:34+00:00,antopurba84,modus
2026-05-09 15:10:35+00:00,ks15341,adu dirumah ku ada tikus ya lagi
2026-05-10 09:20:25+00:00,ivan.nawawi0,singkat saja libur berapa taun ni
2026-05-10 08:17:06+00:00,adi851982,bisni lagi kita
2026-05-08 17:22:34+00:00,wirawan0210,gpp kita kuat..kita sudah sehat dan bergizi tinggi😂😂
2026-05-08 13:24:48+00:00,wahyu_608,stop deh tv beritain yg bginian
2026-05-08 12:03:35+00:00,secretservis7,muak
2026-05-08 10:54:24+00:00,syarifudin1695,halahhh....🤭😂😂
2026-05-08 10:53:54+00:00,pok_amiex_amiex,bahaya
2026-05-08 17:21:47+00:00,rizkyikay5,yang udh ge udahh ..ga usah percaya
2026-05-09 10:59:23+00:00,_machalattee43,balik lagi ke tahun 2021
2026-05-10 08:10:41+00:00,nana.ananda52,@@
2026-05-10 02:30:02+00:00,vietrhnn_,@sukasukanandee @GIF ALOK BANG @𝓝ᥫ᭡ .𖹭𖹭 @◦•●◉✿ 𝒑𝒖𝒕𝒓𝒊 ✿◉●•◦ @100% @⚡أحمد فاتوني قليطم⚡ @byzarrajakegelapan @ᴀɴɢɢᴀ ★ @syill?
2026-05-10 01:06:11+00:00,lioaprilio982,2026 2029libur
2026-05-10 01:05:50+00:00,lioaprilio982,semoga kita dilindungi oleh Allah amin
2026-05-10 00:50:27+00:00,ayu62278,bisnis ini menjanjikan
2026-05-09 22:34:23+00:00,raihandzakakurniaawan123,apa tadi kofit apa oh 💀☠️☠️☠️
2026-05-09 15:56:57+00:00,_pretygrils,jika kucing makan tikus ❓
2026-05-09 15:02:05+00:00,amul.v.2,rumah ku banyak tikus🥺😭😭🗿
2026-05-09 14:05:26+00:00,aif_0620,lah tadi kucing gw abis makan tikus
2026-05-09 13:46:43+00:00,farhanabila.hil,"@BRAY Ph.D M.St.:ini virus udah lama, dari tahun 1970, trus muncul lagi di tahun 90an smpe skrng.
Media aja yang lebay.
23 kasus di indo itu udah dari tahun 2024-sekarang."
2026-05-09 13:33:36+00:00,guntoro232,taine
2026-05-09 13:27:07+00:00,karsa1000,Hoax🤣
2026-05-09 13:08:21+00:00,masgondrong067,"pnangkalnya yaitu makan rica2 tikus,tupai dan sjnisnya.gmn pendapat kalian smua.warga net"
2026-05-09 11:27:59+00:00,jeck.636,prindavan aman aman aja 🗿🗿🗿🗿
2026-05-09 11:24:05+00:00,suryantoanto401,mulai permaenan lagi. hhhhh 😁😁
2026-05-09 10:54:31+00:00,hyllzn,season 2 co
2026-05-09 10:49:46+00:00,juju.sulaeman,mulai lagi 🤣🤣🤣
2026-05-12 05:42:06+00:00,pitraaa.111,"kak yg bener dong soal nya aku lagi mual, demam, flu dan suka buang air kecil"
2026-05-09 09:51:54+00:00,exis90an,tai
2026-05-10 12:42:19+00:00,lyn_au13,jawa tengah kena ga?
2026-05-08 12:01:20+00:00,natta_bae,halah
2026-05-08 10:53:42+00:00,yeniu6,hmmm
2026-05-10 10:08:32+00:00,maswan277,"bisnis baru ,"
2026-05-08 14:25:12+00:00,sodiq_md,"udah skip aja,gak penting"
2026-05-08 11:36:45+00:00,susueslimau,tolong jgn bagikan Tkut di lokdon lagi 🙏🙏🙏
2026-05-10 15:41:48+00:00,radhyt182_,BERAPA TAHUN min ?
2026-05-10 11:31:21+00:00,yudivolt01,kalau flu ya emang biasa nular saya aja di tempat kerja kalo teman lgi flu ya ketularan juga
2026-05-10 13:54:42+00:00,ikhsanseftiansyah27,kembali lagi di era 2020🤭😂😂😂
2026-05-10 12:45:06+00:00,sofyan.triyanto3,eleh eleh...😁😂😂😂
2026-05-12 12:28:14+00:00,_dontbesweat_,ee kita bakal pake masker yg ada tameng nya lagi?
2026-05-09 11:03:09+00:00,septian_nurrahman23,2019
2026-05-11 10:29:37+00:00,fthr755,season 2 kahh??
2026-05-11 09:25:58+00:00,nataliamamusung,not again wahai elit global
2026-05-11 02:16:19+00:00,h4md4nzz,berarti aku kena aaa
2026-05-11 00:48:28+00:00,www.tiktok8342,orang ramai makan tikus Napa GK kenak .. bnyak virus tahun ini ea
2026-05-10 20:46:06+00:00,sahris442,🤪😜😝Tipu lah
2026-05-11 13:41:03+00:00,the.hanji7,lebih mematikan virus apa ni hanta atau covid 19 ☠️☠️
2026-05-10 18:32:39+00:00,2ndchance174,BODO AMAT🤣
2026-05-10 16:14:18+00:00,bunadibunadi1,sudah ngk percaya ujung2 jual ubat🤣🤣
2026-05-10 15:44:01+00:00,aditiasyahputra93,tikus kantor lebih mengerikan..
2026-05-10 15:00:00+00:00,zidandukuhjati,lah gw ngalamin semua karna di gigit tangan ya sama tikus
2026-05-10 14:41:05+00:00,alihasibuan118,cukup satu kata virusdi buat dan di sebut sebut
2026-05-10 14:35:31+00:00,seuld11011,abal abal
2026-05-09 09:23:59+00:00,edzz1901,kan di kpl ga ada tikus😁
2026-05-10 13:58:42+00:00,tatarasman,"jgn takut ,, tikus dikita keren keren,, bdasi"
2026-05-10 13:41:48+00:00,aan.sumawan.sumaw,kucing ku abis makan tikus tadi
2026-05-10 13:34:04+00:00,user8653811246629,"nggak usah buat isi yg merugikan rakyat kecil,ini bisnis pengusaha"
2026-05-10 13:22:23+00:00,anisanissiti,virus buatan itu virus hati bikin orang takut
2026-05-10 13:18:56+00:00,bungaku.2507,𝕕𝕚 𝕒𝕥𝕒𝕤 𝕘𝕦𝕒 𝕤𝕖𝕣𝕚𝕟𝕘 𝕝𝕖𝕨𝕒𝕥 𝕕𝕒𝕟 𝕤𝕖𝕣𝕚𝕟𝕘 𝕥𝕒𝕚 𝕕𝕚 𝕒𝕥𝕒𝕤 𝕕𝕒𝕟 𝕕𝕚 𝕞𝕠𝕓𝕚𝕝 𝕤𝕖𝕣𝕚𝕟𝕘 𝕘𝕚𝕘𝕚𝕥 𝕕𝕚 𝕗𝕚𝕝𝕥𝕖𝕣 𝕒𝕔 𝕞𝕠𝕓𝕚𝕝 𝕘𝕦𝕒[stun][stun][stun][stun]
2026-05-10 13:03:24+00:00,pisang1111,wah gak sabar libur sekolah ni berapa tahun ni libur nya 🗿🗿🗿🗿
2026-05-10 12:26:02+00:00,dedencandrafirman,"akal"" lan negara mana nih perusahaan nya yg nyari keuntungan"
2026-05-10 11:51:55+00:00,rfka.ajaa,baru aja gw tadi malam di gigit tikus
2026-05-09 00:21:46+00:00,misaperfume,para elit cari cuan
2026-05-09 02:11:28+00:00,cegil_jaka_ss,aduh ada season 2 nya nih covid?
2026-05-09 02:09:57+00:00,febby.am,"akal""pemerintah aj itu macam kaya kopit dulu 19 dulu"
2026-05-09 01:18:51+00:00,sahry08,hok
2026-05-09 01:11:13+00:00,surya_aless,siapa sih sebenarnya yg suka bikin hoax ??
2026-05-09 01:08:28+00:00,tangi2ru,kalau tikus kantor aman ga ni😁
2026-05-09 00:42:55+00:00,satpolppdanwhacehtimur,"itu memang di buat proyek
sama seperti covid."
2026-05-09 00:41:37+00:00,supyanbintang13,dari dulu juga sudah ada tikus 😁kenapa baru sekarang😁
2026-05-09 00:40:32+00:00,javanese_variasi,knpa GK di namai zombie virus aja biar keren
2026-05-09 00:26:33+00:00,mr.zain3872,ujung2 vaksin😅
2026-05-09 00:26:23+00:00,mr.zain3872,"singkat saja mbg biar berjalan
biar gak di tutupp😅"
2026-05-09 02:12:14+00:00,febby.am,"sblum ad segala hanta pirus tikus""sudah ad d rumah"" kita knapa baru skarang d bilang dari sgala tikus akal akalan aj itu"
2026-05-09 00:18:48+00:00,santripedot88,"komen agak mengena, auto di hapus..takut sekali mereka🤣"
2026-05-09 00:18:13+00:00,roseveld_s,"salah satu alasan kegagalan pemerintah,.."
2026-05-09 00:07:44+00:00,cantika2955061,pirus kayak dulu ajang bisnis
2026-05-08 23:59:42+00:00,sarnia807,😂😂😂😂
2026-05-08 23:56:27+00:00,yanto42902,Aneh banget di dalam kapal pesiar ko ada tikus ya hoax ah
2026-05-08 23:46:18+00:00,saepul_ipu,lebih berbahaya lagi tikus tikus kantor lebih tajam tikus nya
2026-05-09 05:22:25+00:00,juliadi.kusuma,makasih infonya 🙏🙏🙏
2026-05-09 05:53:21+00:00,minamina2769,tergantung takdir
2026-05-09 05:12:24+00:00,ibonk.16,bohongggg..
2026-05-09 07:26:14+00:00,k44_rebecca,singkat saja berapa tahun
2026-05-08 14:22:50+00:00,zaibimo47,jangan sampai ke konoha ya takutnya di buat bisnis🤣🤣🤣🤣🤣
2026-05-08 23:43:18+00:00,santyyy036,penjual masker siap meraih omset miliaran nih
2026-05-08 23:26:16+00:00,dafaraellando,mana di rumah ku kalau malam banyak tikus 🗿🗿🗿🗿
2026-05-08 23:09:42+00:00,idris_alqatiri,konspirasi global.
2026-05-08 22:54:42+00:00,pakdho_05,aku pernah di gigit tikus tapi Sampek sekarang aman tu 🗿
2026-05-09 05:15:44+00:00,qwenby_qwduck,sulut😭😭😭@Kevin B Joshua
2026-05-12 15:13:02+00:00,ikaajaaaaaa,😂😂😂
2026-05-09 08:11:53+00:00,_nranns,tikus banyak kak dirumah ku
2026-05-12 15:18:10+00:00,faridhadisyahputra_,😂😂😂
2026-05-13 08:31:09+00:00,usmin7813700727186,🥰🥰🥰
2026-05-09 05:33:58+00:00,fajricahyo,fiktif belaka🤣
2026-05-09 05:32:49+00:00,pinox_mandea,hoo gosii
2026-05-09 05:31:36+00:00,pandi_1641,😳😳😳
2026-05-09 05:27:15+00:00,anjay_8890,"jirr..., di rumah gue ada tikus lgi...."
2026-05-09 05:23:35+00:00,andro.kasih,🤧🤧🤧🤧
2026-05-09 05:23:07+00:00,andro.kasih,😁😁😁
2026-05-08 21:47:36+00:00,witana087,bukan jarang tp memang di BKIN gitu biar orang GK tau kn jadi paranoid
2026-05-09 05:13:44+00:00,user6150538066290,vaksin 😂😂😂 usahanya
2026-05-09 04:36:32+00:00,fhatan.hidayat,cius
2026-05-09 04:22:18+00:00,chealsealyn,"Tetap hati hati guys, keluar jangan asal pegang orang asing dn hewan jalanan😩"
2026-05-08 14:25:10+00:00,yayan.kuburaya,virus yg berbaya adalah tiadafulus.
2026-05-08 14:23:41+00:00,ridwan1907_,"report aja berita2 gini , permainan elite cuihhh"
2026-05-08 14:21:18+00:00,sinar.harapan.sejahtera,Drama baru bermunculan 🤣
2026-05-08 14:20:13+00:00,yayan_aa.audio,"virus itu pasti ada yg buat, ntar ujung2 nya jual obat"
2026-05-08 14:20:56+00:00,aidhanoor3,2025. .. Uda gagal bikin masyarakat ketakutan.. h ini muncul lagi.... d kira mau takut gituh ..??
2026-05-08 14:19:47+00:00,angelic9812,gejala : demam 😂. pandemi = duit
2026-05-08 14:19:56+00:00,mstolib,"walaupun virus ini menyebar di indo, MBG bakalan tetap berjalan"
2026-05-08 14:19:33+00:00,pas_bond,proyek baru lagi nih 😁😅. Luhut bakal sibuk dgn proyek virus ini 😂
2026-05-08 13:33:00+00:00,__meivaa,@🚋🚘 @user77726793 @n @aiya
2026-05-10 03:32:33+00:00,tasyaaaa_420,@_.alya4you._✨ @❤️‍🔥. @J & D gimana ya klo aku gak selamat dri hantu pirus😭
2026-05-11 11:21:23+00:00,nii_6443,@ayuu ini lohhh
2026-05-10 10:18:11+00:00,asklnylbys,@zinayra
2026-05-10 04:24:47+00:00,hiinifitri10,@sweety 3
2026-05-09 03:39:34+00:00,abuntomelo,🤣🤣
2026-05-08 12:25:29+00:00,muh..irvan,jgn sampai dech divaksin lgi
2026-05-08 12:25:34+00:00,anang.fai,proyek lagiiii mayan inii jual obat suruh istirahat di rumah
2026-05-08 12:17:02+00:00,hattaaja498,"gmn dengan pasar di tumohon di manado tiap hari mereka tangkap tikus dan makan tikus tapi aman aman aja,,, apa ini kadang bisnis lagi"
2026-05-08 12:09:43+00:00,achmad_arbain97,kenapa nggak kelelawar lagi
2026-05-08 12:11:00+00:00,exeljo4,"Udah ke baca sebelum di publikasikan .
. . . 2 ."
2026-05-08 12:11:24+00:00,wan.faruq135,WARGA INDONESIA UDAH GAK PERCAYA WOOOOO 😁😁
2026-05-08 12:12:03+00:00,princessbutterfly78,berita nya bikin takut orang aja ah daah ah
2026-05-08 12:13:08+00:00,ferryardian..al.f,sya sebagai pekerja sering bongkar Barang yg sdah beethun2 dn bnyak sekali tikus kotoran...kencing tikus dn nangksi tikus...aman2 aj...intinya jga kbrsihsn..dn jgn di lebih2kn
2026-05-08 12:13:46+00:00,adjho.88,proyek baru lagi ni🤣🤣🤣🤣
2026-05-08 12:14:06+00:00,alexsulawesi,virus P3nd0
2026-05-08 12:15:29+00:00,nandahardika12,ya bakal di bisnis klo di konoha
2026-05-08 12:25:47+00:00,galanganarkiscool,ora percoyo ...dobol
2026-05-08 12:17:15+00:00,bangfie4,kok bisa tau namanya hanta?
2026-05-08 12:17:22+00:00,armin88.com,di indo masih bnyak tikus .ga usah jauh jauh nyari nya
2026-05-08 12:17:39+00:00,randy212601,"🤣🤣🤣 terus sebar supaya masyarakat takut, anggaran keluar lagi."
2026-05-08 12:18:02+00:00,rembyung1,Jangan percaya lg
2026-05-08 12:18:04+00:00,drohmanchameleonzzz,skip
2026-05-08 12:18:08+00:00,putrabanten126,"ada lebih bahaya virus, virus gk punya duit..🤭"
2026-05-08 12:18:55+00:00,dindaaaa3684,yg jahat sama kucing bingung nyari kucing
2026-05-08 12:43:55+00:00,bryn.fury,bodo amat..ga akan tertipu lagi..
2026-05-08 12:34:54+00:00,s_ori_y,"krena di kapal seperti itu zorok, ganti oly sana sini,"
2026-05-08 12:35:09+00:00,byanfumi,🤣🤣🤣🤣🤣🤣
2026-05-08 12:35:59+00:00,danybengbeng94,jangan sampe ada lagi PROYEK 2019
2026-05-08 12:36:10+00:00,danybengbeng94,PROYEK 2019
2026-05-08 12:36:46+00:00,elvanopratama7,"pernah di gigit tikus waktu tidur jempol kaki,waktu itu di luar negri karna tempt tingal banyak tikus"
2026-05-08 12:38:04+00:00,gafar.syarif,ei rumah ku banyak tikus😳😳
2026-05-08 12:41:02+00:00,wakabayasi28,Abaikan sja
2026-05-08 12:41:07+00:00,user582885861,klo ada akun nyebar kek gini lngsung blokir saja
2026-05-08 12:45:34+00:00,reficahyaarifa6,ndupuk
2026-05-08 14:03:24+00:00,mieyyayamayo,ya Allah jangan ya Allah
2026-05-08 13:33:12+00:00,__meivaa,@rchdn @spaghetticarbonara
2026-05-09 04:09:19+00:00,madong2007,"covid ronde 3
ronde 1 covid 19
ronde 2invluenza
ronde3 hantavirus"
2026-05-09 03:17:35+00:00,ridridwan,Pertanyaannya.. bagaimana tikus bisa naik kapal pesiar..?
2026-05-09 03:04:01+00:00,tvonline315,aku beli satu kg mau goreng mau makan
2026-05-09 02:20:46+00:00,rchmanhaheho,Alasan knp saya hapus smua media berita indo krn mereka tdk menemukan bahan tuk di jadikan berita jadi mereka menghebohkan
2026-05-09 02:12:16+00:00,broken77.trail,penyakit disebabkan tikus kantor🤣
2026-05-08 12:48:41+00:00,fahmiii1805,JADI KAPAN KITA PPKM LAGI AKU TUNGGU ! 🤣🤣
2026-05-08 12:49:59+00:00,jakaprana1986,semua penyakit mematikan
2026-05-08 12:50:23+00:00,tiktok_com929,"Skip kawan, Bisnis"
2026-05-08 12:50:25+00:00,yudianto285,itu semua buatan manusia di ada adakan.
2026-05-08 12:50:44+00:00,kuik0090,sabodo dak vuras virus viris tah
2026-05-08 12:29:43+00:00,mamahsheza123,kemren adik ipar sy tinggal nya di jogja habis kena anta virus 3 hari langsg koma Alhamdulillah tapi selamat
2026-05-08 12:25:48+00:00,joleno.jogelo,mboooyaaakkk
2026-05-08 12:26:01+00:00,karawangpierc,jangan di besar besar kan ..bos....
2026-05-08 12:26:06+00:00,suryanataparfume,engga percaya lagi paling konprasi dari eropa sprti tahun 2019 covid 19
2026-05-08 12:26:50+00:00,rafiwatngil,pdhal hewan nya dari tikus
2026-05-08 12:27:06+00:00,garismiring_pro,"numpang ketawa bole, capek udh kena vaksin we..."
2026-05-08 12:27:58+00:00,pardi_s.02,"padahal dari dulu juga rumah ku suka ada tikus,bahkan sampe masuk ke dlm sepeda motor. banyak kotoran tikus yg mengering juga,tapi ga ada tuh gejala virus hanta"
2026-05-08 12:28:07+00:00,hendra_virgo,proyek lagi
2026-05-08 12:29:40+00:00,yahrilaril,
2026-05-08 12:09:37+00:00,debuygdihilangkan,HOAAMMMMMMMM🗿🗿
2026-05-08 12:30:00+00:00,maverickgondez,bisnis PCR again...🤣
2026-05-08 12:30:04+00:00,ajudan04_,@
2026-05-08 12:30:21+00:00,mega.muid81,Hadeeeewww lngsg aja proyek brp lg
2026-05-08 12:30:59+00:00,melewatibatas9999,"singkat saja , libur berapa lama ?"
2026-05-08 12:31:04+00:00,tobut7,malah di jadiin bisnis🤣
2026-05-08 12:31:11+00:00,syafila.ramadhani4,🥰🥰🥰
2026-05-08 12:32:50+00:00,akuloyotapiayo15,"DISINI FOKUS MBG, jadi g mempan am. virus nya."
2026-05-08 11:32:43+00:00,seviardnsyhh,POLITIK DUNIA 🔥
2026-05-08 11:14:57+00:00,putra.anugerah078,"hlah prut kesempatan org"" yg punya bisnis kesehatan aja"
2026-05-08 11:17:22+00:00,ichiro4985,"bisnis"""
2026-05-08 11:18:22+00:00,bambelbii83,dllu Corona sekarang hanta virus nanti apa lagi
2026-05-08 11:21:56+00:00,bojes_928,😀😀😀
2026-05-09 03:22:27+00:00,oneheart813,singkat sja libur brapa thun🤣
2026-05-08 12:24:01+00:00,hehanghoheng.exe,WKWKKW WES BASI
2026-05-08 12:20:19+00:00,mametmet553,"ujung² nya,duit duit"
2026-05-08 12:20:23+00:00,taliaannasyahpurw,bisnis bukan virus
2026-05-08 12:20:35+00:00,aku_pdmu,"Lhhhh ap maningggg,"
2026-05-08 12:20:38+00:00,bossaren,ga usah di viral kan lah
2026-05-08 12:20:52+00:00,abahomar11,bisnis terooosss😏😏
2026-05-08 12:21:00+00:00,joko.sadarto,mulai deh konspirasi jualan virus & antivirusnya 👎
2026-05-08 12:21:25+00:00,lord.riv,udh ga ada yg percaya weiiii
2026-05-08 12:22:33+00:00,omm_koro,siap² proyek sebut aja brpa tahun
2026-05-08 12:19:58+00:00,sodikin.siregar,negara mana lagi yg mau jualan obat ke indo
2026-05-08 12:24:11+00:00,putra.tunggal.23,W Abah Anis paling berbahaya 🤣
2026-05-08 12:24:29+00:00,sulis3491,kenapa tidak dari dulu
2026-05-08 12:25:08+00:00,pejuangempat5,awal. mula bisnis mematikan🤣
2026-05-08 12:25:16+00:00,putrajkt11,udh dahh jgn nakut2in rakyat trus
2026-05-08 12:25:17+00:00,magegame245,"cuan lagi cuan lagi,"
2026-05-08 12:25:27+00:00,du_unique,salah nya dimana ya
2026-05-08 11:24:29+00:00,sahiduabrhman,alhmdllih obat laku lagi 😁
2026-05-08 11:26:38+00:00,ferisetiawan362,obatnya cuma Bodrex dan mizaghib.
2026-05-08 11:31:49+00:00,hass.z3,"beda nama, pola sama"
2026-05-08 11:32:11+00:00,ribak013,bisnis lagi
2026-05-08 11:13:58+00:00,agung124571,hati2 tertipu..
2026-05-08 11:33:45+00:00,tallimpuru,BISNIS LAGI...
2026-05-08 11:34:25+00:00,haikalraska38,peroyek lgi. ni
2026-05-08 11:34:37+00:00,irfanpertama5,proganda biarr Kya dulu
2026-05-08 11:36:24+00:00,b0yoo7,"jgn buat hal lagi cukuplah korona aja,jgn ada yg aneh"" lagi nanti pemerintah bisa bubar"
2026-05-08 11:37:31+00:00,user5872902553097,tikus Dr dl SDH ad know baru sekarang ad virus Dr tikus
2026-05-08 11:37:35+00:00,hereforever18,virus teu gableg duit😭
2026-05-08 11:38:00+00:00,xxlzyxyu,asli te
2026-05-08 11:42:39+00:00,zulraza,Mulai lg permainannya
2026-05-08 11:01:11+00:00,paman8229,😁😁😁
2026-05-08 10:54:22+00:00,ketuamakro,cerita nya saja pirus.pengalihan isu nya itu
2026-05-08 10:55:17+00:00,ezyy_l,kapan hidup enak kalo gini?
2026-05-08 10:55:55+00:00,bang_agil117,Politik dunia 🤣
2026-05-08 10:56:08+00:00,tikaaaaa0339,nggak percaya 1000% titik no debat
2026-05-08 10:57:03+00:00,pm.pangkalan.makm,cuan cuan
2026-05-08 10:57:47+00:00,dclaxvi,langsung aja. mau libur berapa lama?😁
2026-05-08 10:58:17+00:00,leonardusalexcand,to the point aja libur berapa tahun?
2026-05-08 10:58:52+00:00,bellasari905,hoakss
2026-05-08 11:45:10+00:00,sinku357,aduh la mulai LG politik
2026-05-08 11:01:23+00:00,nurhayanto12,halahhh akal akalan pemerintah lagi..
2026-05-08 11:02:17+00:00,denisslmail.com,ga percaya permainan itu mah
2026-05-08 11:05:01+00:00,rullyarnelo,waspada.. 😂😂😂.. ingat covid berita heboh menakutkan angka melonjak tiba2.. tiba2 hilng berita hilang lah covid...
2026-05-08 11:07:27+00:00,nasirbenurtop71721,BPHONG
2026-05-08 11:10:15+00:00,ekoajah3,Mau libur berapa hari
2026-05-08 14:40:25+00:00,haerudinudin9699,"intinya aj mba,pasti di suruh vaksin gi aj,"
2026-05-08 14:39:04+00:00,bapaain9,bakale onok proyek dunia iki
2026-05-08 14:36:45+00:00,ndra_ger,HANTA ITU APA MIN
2026-05-08 14:32:06+00:00,happy.0561,terserahhh
2026-05-08 14:31:11+00:00,ilopzsa,"nah aku suka nii berita yg gini, jelas ga bikin panik dan ngasih tau cara pencegahannya"
2026-05-08 14:29:34+00:00,user3407828696800,"waspada peluang bisnis nh,, 😄🙏"
2026-05-08 14:25:53+00:00,user26170406372115,stres liat berita kaya gini ... bikin orang panik
2026-05-10 10:25:33+00:00,venz_sndkh,anjg drmh gw bnyk tikus
2026-05-10 03:27:10+00:00,kepo_161018,dirumah gw banyak tikus
2026-05-08 11:11:17+00:00,adalahpokoknya4071,wah proyek baru ni
2026-05-08 11:12:11+00:00,rosiana.bkl,🥰🥰🥰
2026-05-08 12:07:03+00:00,asepasgar42,Halah sekarang gak percaya virus virusan.
2026-05-08 12:02:12+00:00,s4dd4m.72.id,virus di buat2
2026-05-08 12:02:20+00:00,elkasih.anindita,"cuan lagi nie pemerintah,,gw ampe udah kehilangan bapak woyy gara""covid"
2026-05-08 12:04:24+00:00,bankjwir,"satu jangan di sheerr
jangan post ulang
semakin cepat tersebar
semakin cepat datang ke indo"
2026-05-08 12:04:56+00:00,heryhurru_harra,Sya pelihara tikus di rumah..
2026-05-08 12:05:26+00:00,haryyy0202,apaaaan
2026-05-08 12:06:15+00:00,albet.rebown07,cair who😄😄😄
2026-05-08 12:06:50+00:00,muhammadadib67x,hallah
2026-05-08 12:00:47+00:00,enzerdan03,biasa bisnis pemerintah 😂😂😂
2026-05-08 12:07:28+00:00,kinoyy_87,"Hewan Tikus itu SDH lama ada di bumi,,tp knp br skarang virusx ada?"
2026-05-08 12:08:21+00:00,purbasetya,kentut ahh😁
2026-05-08 12:08:44+00:00,agusmullyyono,"jangn bikin orang gaduh, hoak ni, ujung ujung nya bisnis lagi"
2026-05-08 12:08:45+00:00,surifah94,bodo amat
2026-05-08 12:08:53+00:00,tyanto615,hantu virus adanya di kuburan
2026-05-08 12:08:58+00:00,djulmanual,Dinosaurus musnah krn Hantu Virus.. hadeeech
2026-05-08 12:08:58+00:00,glade376,ruedtttttt
2026-05-08 12:09:26+00:00,magribi.gri.bi,gedabrusss
2026-05-08 11:57:33+00:00,leomessisaputra99,jgn takut
2026-05-08 11:48:56+00:00,lilik.budiono4,"gak percaya,nyatanya pas Corona aku gak pernah sekalipun vaksin tp jg hidup sampai sekarang dan gak pernah sakit😁"
2026-05-08 11:49:45+00:00,roys_barelang,udh di vaksin pas bayi🗿
2026-05-08 11:50:13+00:00,pipyth,Drama ini dibuat untuk Meruntuhkan ekonomi negara yang mulai ada peningkatan Sektor Domestik 😂😂
2026-05-08 11:52:25+00:00,prim5a,bisnis apa lagi ini😂🤣😅🤣🤣🤣
2026-05-08 11:52:50+00:00,croco77_,"hanta? HAN NYA APA?
WUHANNNNNN!!!!! 😬😬😬😬"
2026-05-08 11:53:44+00:00,irhamhadi86,😁😁😁
2026-05-08 11:55:30+00:00,adika2.1,aku di vaksin jadi penderita tinitus
2026-05-08 11:57:31+00:00,handi.sl3,bodo amat
2026-05-08 12:52:52+00:00,jeek696,bisnis besar lagi faksin yaa😁😁😁
2026-05-08 14:26:12+00:00,sodiq_md,"opung Luhut udah denger belum,jangan sampe denger si luhut"
2026-05-08 11:58:03+00:00,fathan.daniyal0,emangya tikus baru hidup di tahun sekarang ya....kok baru keluar virusnya....merasa aneh g sih....
2026-05-08 11:58:04+00:00,mang_idoy80,bisniswws woyyy bisni😁
2026-05-08 11:58:29+00:00,tukang_parkir_konoha,bodo amar
2026-05-08 11:59:01+00:00,rizalhbt,"kok gak ada suasana ngeri nya,, 😅😅😅😅😅"
2026-05-08 11:59:52+00:00,cengek59,"ad kabar konyrak berapa tjm katanya,"
2026-05-08 11:59:56+00:00,user38000338726311,terserah anyin
2026-05-08 12:00:17+00:00,bang.her6311,"bodo amet lah ujung"" nya y buwt bisnis"
2026-05-08 13:57:12+00:00,athayaseanalghaisan,produk baru nih
2026-05-08 13:51:56+00:00,all_ing,🤣🤣🤣
2026-05-08 13:51:57+00:00,andrian_driver_muda,dari dulu tikus sudah ada tapi kenapa virusnya baru sekarang??? setelah Corona gak laku sekarang ganti judul.
2026-05-08 13:52:36+00:00,victor.man.fiktor,🥺🥺🥺
2026-05-08 13:52:54+00:00,reztudizket,hallahhh.....
2026-05-08 13:53:40+00:00,bang_dhann,ngoookkk🤣🤣🤣
2026-05-08 13:53:49+00:00,joko_loro123,anta berata drama
2026-05-08 13:55:01+00:00,jeropev,
2026-05-08 13:55:57+00:00,blangkoen.22,proyek besar lagi ni bau2 nya
2026-05-08 13:49:50+00:00,sakeso21,saya baru terkena covid 29 siang tadi
2026-05-08 13:57:17+00:00,luckynumberrr007,"intinya kalo emg itu pirus masuk ke indo, gua ga akan pernah vaksin2 lg dah, cukup sekali aja dikerjain anjggg!!"
2026-05-08 13:58:19+00:00,haikalaramdani23,tadi temen saya cerita di tempat kerjanya ada yg kena hantam virus heh malah efek nya joged kicau mania 😂😂😂
2026-05-08 13:58:59+00:00,achmadismail12345,hoak
2026-05-08 14:06:03+00:00,brianbengz,ok
2026-05-08 14:07:19+00:00,khidir297,knpa ada tikus di kpl mewah ada
2026-05-08 14:07:40+00:00,farizalfarizi86,virus lapar lebih menakutkan
2026-05-08 14:09:42+00:00,l0n9l1ve1028,jangan termakan hoax lagi.. trauma gua sama namanya virus hoax
2026-05-08 14:11:09+00:00,umam2951,mbelgedesss pretttt dong
2026-05-08 13:40:37+00:00,bungsugiarto2,kebersihan itu perlu sebab EMG BNR tikus itu membawa wabah Penyakit
2026-05-08 13:34:46+00:00,habanghirang2,"tau kn negara sekrng yg lagi ekonominya ancur ancuran,intiny jualan"
2026-05-08 13:36:12+00:00,lilislilis1497,freeeetz
2026-05-08 13:36:57+00:00,laily.rahmawati57,😁
2026-05-08 14:42:59+00:00,irfangabut82,tikus tikus kantor lebih menakutkan.
2026-05-08 14:12:46+00:00,oyen227,jualan🤣
2026-05-08 14:15:07+00:00,hadiyanto5551,tapi dari dulu tiap rumah ada tikusnya?
2026-05-08 14:15:32+00:00,mazarfa_pink,boikot aja. jangan di bagikan
2026-05-08 14:16:01+00:00,arfan6171,jangan gagal fokus tetap lurus kedepan.
2026-05-08 14:16:30+00:00,kosimmustofamblexkosim,corona jilid 2😁
2026-05-08 14:18:51+00:00,zuni968,Corona jilid2
2026-05-08 14:19:06+00:00,darwisdarwis5838,corona kembali lagi cuma ganti nama.
2026-05-08 13:12:52+00:00,panondang_raja,kog gak hantu virus aja namanya
2026-05-08 13:04:48+00:00,rendi_rd17,Yg bner
2026-05-08 13:06:53+00:00,hajial902,ini virus Bbm
2026-05-08 13:07:01+00:00,ofc.newsandekala079,Ah masker itu lagi 🗿
2026-05-08 13:07:10+00:00,okayeno,🥰🥰🥰
2026-05-08 13:07:15+00:00,troncommunit,Event 7 tahunan dimulai 😁
2026-05-08 13:07:39+00:00,fakih_185,HOAX 😳
2026-05-08 13:07:49+00:00,gurpad15,brp lama WEH ni
2026-05-08 13:10:20+00:00,anggaraoa2,"tdk percaya, semua bisnis"
2026-05-08 13:04:13+00:00,zubairaja5,cari proyek lagi🤣
2026-05-08 13:13:39+00:00,ilham.rohmatulloh5,Sekenario Proyek covid 2
2026-05-08 13:13:39+00:00,aipjha16,"mau di stel2 nya pulak lagi ni?
gak kan percaya"
2026-05-08 12:41:04+00:00,dendhami,Bodo Amattt
2026-05-08 14:29:56+00:00,rusmin.purwodadi,gatheeeeeeeelllllll
2026-05-08 13:37:00+00:00,ipoepoeng,media akan dibayar sangat mahal untuk membesar2kan kasus ini
2026-05-08 13:37:51+00:00,rzaaaa_98,
2026-05-08 13:38:26+00:00,6arislurus.com,"proyek seperti covid, bahaya mana sama mbg beracun"
2026-05-08 13:13:41+00:00,user1470324306218,KLO diindonesia namanya tipes
2026-05-08 13:15:05+00:00,karmansitompul487,berita gk guna
2026-05-08 13:15:19+00:00,putra_cm6,"intinya saja, berapa tahun libur. ?
apakah lebih lama dari corona lagi?"
2026-05-08 13:16:06+00:00,ibam.santoso,"ada di suatu daerah yg mengonsumsi tikus,malah pada sehat sehat orangnya"
2026-05-08 13:16:52+00:00,awangbambang198,"ga perlu panik lah..
biasa aja"
2026-05-08 13:17:18+00:00,katjang4,langsung aja vaksin berapa x.?
2026-05-08 13:00:41+00:00,anggraeny_140482,lebih bahaya lagi virus mulut orng kalau lagi ngibah dan hati dengki iri hati itu lebih bahaya di banding virus apapun
2026-05-08 12:53:10+00:00,keluarga_cem,Mulai ontran² Guatelllllllll
2026-05-08 12:55:25+00:00,pentolbakaradipura,jane sopo to sing jenengne hanta virus heran aku.
2026-05-08 12:55:52+00:00,ownonono0,Udah dapat pesanan kue besar ya min 😂😂😂
2026-05-08 12:56:11+00:00,keong654,"up teruusss !! supaya panik ATTACK,singkat saja mau lock down barapa taun lagi !!!"
2026-05-08 12:57:43+00:00,harist.furnest,BODO AMAT
2026-05-08 12:57:43+00:00,come_my_your_run,mulai deh media tv nongol
2026-05-08 12:57:44+00:00,triplekmmm,baaaah....ura ngurus
2026-05-08 12:58:57+00:00,darmawatistore2,Sctv doang yg nayangin uda tau kan 😂
2026-05-08 13:17:22+00:00,gaeklasak1,Bau bau vaksin lagi
2026-05-08 13:00:44+00:00,franseda447,MBGVIRUS26
2026-05-08 13:00:52+00:00,temon9542,😂😂😂
2026-05-08 13:01:51+00:00,neyzaku1,WFH lagi nih🤣🤣🤣
2026-05-08 13:02:16+00:00,black_premium.id,Awas jangan asal buat berita aja kemungkinan banyak video video hoax
2026-05-08 13:03:31+00:00,bamz851,"sudahlah tidak usah di besar""kan,bikin masyarakat panik aja.abaikan aja."
2026-05-08 13:03:37+00:00,suherman3388,capee
2026-05-08 13:29:28+00:00,dyx99l2arffw,virus preeeettt 😂😂
2026-05-08 13:25:51+00:00,ang.ang310,"padahal Emg dari dlu tikus tuh nyebarin virus, ngapa dah di besar2kan, dari gue lahir tahun 1994 emang tikus buat penyakit, kalo makanan udah kesentuh tikus emang wajib dibuang Emak gue. ada aja macam di buat pemerintah biar laku obat dunia HAHAHA"
2026-05-08 13:25:53+00:00,muhasyafiq7,"alah, ujung²nya jual vaksin"
2026-05-08 13:26:15+00:00,bang_sony1,mati tetap ditangan tuhan bukan virus apa
2026-05-08 13:27:02+00:00,refendi7736,sudah 3 tahun kita konoha di landa covid 19 ini ada lagi virus baru😳
2026-05-08 13:27:12+00:00,_mzugikk,wah ladang cuan lagi .bisnis bisnis
2026-05-08 13:28:40+00:00,didik.setiawan489,proyek mbg blum kelar udha dpt proyek lg.
2026-05-08 13:29:20+00:00,putrisrimpi,berita dari solo
2026-05-08 13:30:50+00:00,valenpits,Ahhh elahhh malah sejak gua vaksin kmrin gua skrg jadi gampang sakit!!!!!
2026-05-08 13:31:11+00:00,cobraplnd01,hanya dua kata. BODO AMAT
2026-05-08 13:31:51+00:00,tommy_vl8,tempat kami tikus untuk lauk
2026-05-08 13:32:25+00:00,rifqii.r,Hantabrata
2026-05-08 13:32:40+00:00,andi.herdiansyah,meriang biasa di gede gede in
2026-05-08 13:33:42+00:00,wawanblacx,tai
2026-05-08 13:34:07+00:00,fatimahazzarah62,virus mbg
2026-05-08 13:34:11+00:00,user635810934611,bisnis lagi bisnis lagi 🤣🤣🤣🤣
2026-05-08 13:24:17+00:00,y.adi.c.a.m,dagangan
2026-05-08 13:19:53+00:00,atmosphere922,
2026-05-08 13:21:03+00:00,kingabrak,kalian percaya apa gkz masih ingat gk waktu musim korona trnyata di buat2
2026-05-08 13:21:13+00:00,putrapasolle27,mulai lagi
2026-05-08 13:21:56+00:00,dheheher,kocakkk jga kebersihan nya 🙏
2026-05-08 13:22:41+00:00,riswanto90,gua sering menghirup kotoran tikus aman aman aja lah
2026-05-08 13:23:54+00:00,akuadalahbeta,😂kalo pemerinta ambil maka kita siap² di vaksin lagi😂
2026-05-08 13:24:29+00:00,thusha2465,isu
2026-05-08 13:24:50+00:00,dhep_12,"Percaya tidak percaya !! Kalau waktu corona itu hanyalah akibat kita takutt sehingga orang sakit ditambah takut alhasil meninggal!! Saya aja udah gak wabah corona aja sakit ciri”nya kek kena corona ,"
2026-05-08 13:25:05+00:00,mrdoman90,nonton berita berkualitas❌️nonton berita konyol✅️👎
2026-05-08 13:25:16+00:00,onimaru2702,Mulai mulai
2026-05-08 13:25:21+00:00,solihinlos0,
2026-05-08 13:25:37+00:00,riohidayatseeh,"biasa ajalah jgn terlalu di besar besarkan, kasihan yg punya usaha bangkrut lag 🥺"
2026-05-08 13:15:54+00:00,karmansitompul487,dari dulu tikus dah ada gk ada tu penyakit ini itu
2026-05-08 13:38:37+00:00,bungsubungsu170,konspirasi lagi ni
2026-05-08 13:40:20+00:00,imshark27,Skip
2026-05-08 14:11:31+00:00,user73547343361390,ga ada dayak keracunan 🤣
2026-05-08 13:42:46+00:00,reecceeh,berita2 pesanan elit global mau jualan antivirus.....lebih baek ignore2 berita2 begini...unfaedah
2026-05-08 13:43:02+00:00,armandwinaldi715,covid
2026-05-08 13:46:32+00:00,erdoandreputra,"trus terang aja, mau vaksin apa lagi 😳"
2026-05-08 13:46:46+00:00,kicambangputih8119,cari duit lagih aja
2026-05-08 13:48:30+00:00,2usan94,Corona kmrn gk MD krna virus ia tapi kerna suntikan obat itu 😩
2026-05-08 13:48:55+00:00,omahduriana2,bisnis bisnis
2026-05-08 14:28:07+00:00,aliysasoyazyik,"kamu percaya😂😂,"
2026-05-08 14:28:39+00:00,chiko.jeriko914,hoakkkkk
2026-05-08 14:32:44+00:00,tabibaristerapis81,"Fanta virus ???,,,mau"
2026-05-08 14:35:52+00:00,rizla535,ah virus ngaco
2026-05-08 14:36:20+00:00,n4n4ng46,telek telek...
2026-05-08 14:41:32+00:00,mohanjaya02,halaah proyeek lagiiii
2026-05-08 14:12:11+00:00,.bolabale,tiap ganti presiden pasti ada aja nama2 virus
2026-05-08 16:27:15+00:00,flerxk3,ga karna inj bisnis semenjak file Epstein kebongkar ga percaya
2026-05-08 14:45:54+00:00,hihih2146,ngga banget 😂
2026-05-08 13:27:39+00:00,ade.ulin,hoak
2026-05-08 13:31:08+00:00,abdinagara,sejak covid berlangsung smpek skrng bnyak virus2 bermuculan🤣Iki lakon opo maneh🤔
2026-05-08 13:17:25+00:00,leri.andika.junta,"Pertanyaannya :
1.Apakah Hanta virus adalah virus baru...?
2.Apakah tikus adalah hewan yang baru dikenal...?
🤣🤣🤣🤣"
2026-05-19 02:27:01+00:00,bonbackk,to the poin aja libur berapa lama?
2026-05-19 02:32:06+00:00,dodibhudox,"bisnis lagi
ada yang kaya mendadak"
2026-05-19 03:16:03+00:00,riki_alpiandi,"langsung aja.
lock down nya kapan.berapa lama.
suntik vaksinnya berapa kali?
kalau mw jalan jauh perlu persyaratan apa aja."
2026-05-19 11:55:00+00:00,user9126109423156,intinya jgn di share. ntar lama2 hilang sendiri berita nya
2026-05-19 09:40:06+00:00,ansorynewjrguba,waasfada ini akan di jadikan bisnis besar ......
2026-05-19 08:59:16+00:00,aje.bae7,jgn di like skip aja berita ini
2026-05-19 03:30:43+00:00,tryo24_str,udah denger pak pak Darma ngomong tentang hantavirus ngk ini brita
2026-05-19 09:48:09+00:00,katteru13,"schedule aja kapan lowlckdownnya?
berapa lama?
harga vaksinnya berapa?"
2026-05-19 02:53:48+00:00,gyozamilk,mana deket banget lg sama Tangerang
2026-05-19 02:30:48+00:00,babazreborn,bisnis lagi nich ....
2026-05-19 04:26:59+00:00,bangsyam86com,"kalian tau knapa rupiah bisa anjlok
awalnya ya ada bisnis seperti ini🤔"
2026-05-19 04:30:02+00:00,avocadomuda,GUE CUMAN TAKUT ENGGA PUNYA DUIT SAMA ENGGA BISA MAKAN
2026-05-19 11:44:39+00:00,c.supriady4,proyek gede lagi nih
2026-05-19 12:35:04+00:00,user2278303358570,ah itu mh cuman akal akalan saja....
2026-05-21 09:44:55+00:00,p3nuharapan,"jangan di gembor2kan,nnti semakin menjadi jadi,abaikan aja,cuekin jangan di share2,ok"
2026-05-22 10:40:55+00:00,didisupriyanno,udh boster ke 4 pas covid 19 kira2 kebal gak ya...
2026-05-19 12:39:42+00:00,aam.badru.salam,"stop berita ke gini,,"
2026-05-19 02:24:30+00:00,_samudra33,"Terserah,besok gua mau pindah ke Tangsel...."
2026-05-21 05:46:18+00:00,ranggasetiawan620,jgn mudah percaya..ini awal langkah politik
2026-05-19 12:09:24+00:00,syambetvay10,mulai lagi ajh sinetron dengan judul baru
2026-05-19 11:53:58+00:00,royhanjayateknik,dikira masyarakat bakal percaya
2026-05-20 05:06:47+00:00,ekynapu46,"kebohongan apa lg ni,"
2026-05-19 15:31:05+00:00,user69nama,lahan basah lagi bolo😆😆
2026-05-19 11:23:33+00:00,thecels,Mo vaksin brp banyak?
2026-05-19 11:02:12+00:00,don.vasco666,"bisnis baru, lagu lama"
2026-05-19 20:58:23+00:00,korusakigaming,bisnis lgi😂😂😂
2026-05-19 02:30:57+00:00,yayan12004,di negara hongkong adem ayem saya rencana juli mau ke jakarta aahhh jadi gimana gitu 😁😁
2026-05-19 12:46:21+00:00,bapak_bapak.88,"langsung aja rakyat harus ngapain ?
berpa harga vaksin nya"
2026-05-19 14:46:12+00:00,budaksedanau03,hedeh
2026-05-21 11:18:42+00:00,indoplay13,2 minggu paling 😹
2026-05-20 03:15:45+00:00,yaslin.07,dan brp kali suntik😂
2026-05-19 22:14:08+00:00,ariahikmah,🤭🤭🤭😂😂😂
2026-05-19 14:42:55+00:00,ihsan_3533,Jangan lah janga sampe terjadi lagi
2026-05-19 13:09:57+00:00,mustpria,wkwkwkwkwkwk iya lagi
2026-05-19 12:31:37+00:00,qvot1353,iya kapan libur nya🙏
2026-05-19 12:24:45+00:00,seiya_81,😂
2026-05-19 10:54:49+00:00,budipro640,1 thn bang 🤭🤭🤣🤣
2026-05-19 09:06:35+00:00,femmy.azza,bisa JD
2026-05-19 08:38:45+00:00,ojolindone,mau korupsi berapa banyak lagi 🗿
2026-05-19 08:17:56+00:00,irmapadmakusuma,Cari uaaaaang yaaa
2026-05-19 08:16:06+00:00,herykmm1417,ekonomi makin sulit....malah Gebrakan ada aja 🤣🤣🤣 astaghfirullah
2026-05-19 03:59:02+00:00,rabelia8,cape rasanya hidup dihantui kecemasan Mulu
2026-05-19 08:45:46+00:00,aamkroya,trabas aja kalau ada orang jalan d larang
2026-05-19 14:53:05+00:00,ridwan_fane,😅😅😅
2026-05-19 09:00:42+00:00,angeliapririarachman459,hoak jangan percaya tanya sama darma pongrekun
2026-05-19 11:55:29+00:00,fdeev.maulana,vaksin nya berapaan
2026-05-19 05:26:30+00:00,inisial.r6540,udah paham ya 😁
2026-05-19 06:17:50+00:00,riki_alpiandi,"😁😁😁
belajar dari kejadian yg lalu...
inikan 11.12nya nanti."
2026-05-19 10:52:14+00:00,jokolelono685,😂🤣... drama sudah dimulai..😂🤣.. eipsten file mulai berbicara
2026-05-19 03:29:27+00:00,alghi579,pasti nanti kl mau lamar kerja wajib vaksin covid 1 2 3 dan vaksin hanta virus 1 2 3 ...😂😂😂
2026-05-19 02:53:55+00:00,gyozamilk,bisnis baru aja
2026-06-05 01:12:37+00:00,alunaviesya,pocong begal noh deket tngerang
2026-05-19 02:59:08+00:00,aisyahputri70498,kmu bawaa pulang liur orang yg kena hantavurus buat di okesin di muka bisr glowing
2026-05-19 10:47:29+00:00,styljon,itu ada yg kaya mendadak ada yg miskin mendadak
2026-05-19 05:04:28+00:00,telontom,🤭
2026-05-19 04:20:36+00:00,tamarpisan,tau aja
2026-05-19 02:59:39+00:00,satrup_ungu,respect bang😂
2026-05-19 09:05:24+00:00,sindi.25_,👍🏻👍🏻👍🏻
2026-05-19 12:40:16+00:00,rrawny,"to the point aj, butuh brp dana buat proyek ini ?"
2026-05-19 13:43:49+00:00,nabansiifajar,hoax
2026-05-19 21:13:48+00:00,dwirahayu52,et..dah lagi pusing pendaftaran sklh di tambah virus capek banget dah...ah
2026-05-19 02:44:48+00:00,inipikabukanpikachu,cuekin ege biar gjd viral
2026-05-19 02:38:39+00:00,fian_bruhh,siap siap libur😭🗿
2026-05-19 12:35:00+00:00,aboverone,tai
2026-05-19 18:10:01+00:00,zy_bams31,kapan lockdown ?
2026-05-19 03:10:44+00:00,edi01031,bodo amat dah.
2026-05-21 21:18:25+00:00,telor_kotak,proyek lagi hehehe...
2026-05-19 18:02:23+00:00,lalaherb1,politik baru buat nambah belangsak rakyat kecil😂
2026-05-19 16:10:16+00:00,dr.saraf_25,bisnis lagi aja neh 😁
2026-05-19 18:00:53+00:00,belike0229,ai ini 🤭😋
2026-05-19 15:40:09+00:00,_belukar,banyak drama kalian para pejabat korupsi
2026-05-19 13:07:06+00:00,amirkan941,proyek proyek vaksin
2026-05-19 15:40:12+00:00,ncih53,bullshitnya
2026-05-19 15:43:29+00:00,ulul.azmy159,"ko bisa secepat itu sih virusnya, tiba"" banget udh nyampe jakarta🙄"
2026-05-19 15:44:32+00:00,alimafa.sitorus,"ini bisnis
jangan gampang percaya"
2026-05-19 15:45:21+00:00,senja140121,wkwk bisnis lg niyee 😂😂😂
2026-05-19 15:46:09+00:00,an05537,beraksekebon
2026-05-19 15:48:55+00:00,seftyantafsel,BODO AMAT!!!!!
2026-05-19 16:01:44+00:00,user8543143058581,besok aja langsung lockdown Pumpung lagi dapet cuti
2026-05-19 18:28:51+00:00,zoro.1234_4,lumayan ada pemasukan lg 😂 kata dia
2026-05-19 15:50:45+00:00,yenks.prakoso,aah basi
2026-05-19 16:02:44+00:00,2792xbt,count tol
2026-05-19 15:51:02+00:00,bang_tor05,"intinya mau berapa tahun?
klo bisa jangan lama2 ya drama nya"
2026-05-19 15:53:46+00:00,syahrialdi33,cair
2026-05-19 18:14:49+00:00,noezael,bisnis
2026-05-19 15:59:30+00:00,me_chidera1,keuangan gw lagi merosot woi bisa GK sih jgn ada bg Ian lagi biar kami ttp bisa bekerja
2026-05-19 16:00:05+00:00,wendra.leo,lebih bahaya mana sama Hentaivirus
2026-05-19 18:11:01+00:00,my_koboy,yuch... mau berapa lama...??!!
2026-05-19 11:11:28+00:00,creatorofficial05,😂
2026-05-19 21:00:23+00:00,korusakigaming,"tentu saja..
orang meninggal di RS bkln di bilang kena virus itu..
sprti kasus tahun kemarin"
2026-05-19 10:56:24+00:00,ale.ale3764,pasti
2026-05-19 15:28:21+00:00,lahmanagwtauu,cuan
2026-05-19 03:53:21+00:00,king.garuda.67,cari judul
2026-05-19 13:54:02+00:00,trikazoymm,"preet…,"
2026-05-21 05:00:36+00:00,ikhlas114,hati-hati kasus virus penjualan ginjal
2026-05-29 03:52:42+00:00,azzahramelsa12,brpaitu brpa lama lahi skrg rencana.ga ad ayg percaya soalnya masyarakat
2026-05-20 03:11:40+00:00,kelid16,Blokirrrrr!!!
2026-05-20 09:41:27+00:00,annisa.rani2,bahasa Indonesia SCTV LIPUTAN 6 episode part 938 🤩
2026-06-18 02:02:32+00:00,sa.mi.21,mafia
2026-05-19 02:33:00+00:00,investorabadi,2 3 years and forget it...
2026-05-19 15:39:00+00:00,pebri007_nd,HOAX
2026-06-12 12:31:03+00:00,bustomitomi793,abaikan aza. jngn d ramaikan. ujung ujungnya proyek😂😂
2026-06-02 11:48:13+00:00,gobank883,"demen bener bikin sinetron baru
hadeeeeuh mau sampe kapan.........."
2026-06-08 13:25:25+00:00,abu.ubaidah10,"bisnis lagi hrus urus berka inilah,itulah."
2026-05-23 14:26:26+00:00,user3985443926160,Bisnis lagi aja
2026-05-31 06:58:25+00:00,omfungky15,BISNIS DUNIA GINI AMAT KWKWKWWK
2026-05-21 10:10:28+00:00,ferry_3370,cepet banget ya udah sampe jakarta aja
2026-05-19 05:27:10+00:00,inisial.r6540,bener tuh
2026-05-21 09:22:38+00:00,aldy.rock.1,"ya betul, cuekin aja berita2 bginian"
2026-05-22 15:44:02+00:00,tibi7069,lucu🤣🤣🤣🤣
2026-05-31 15:39:31+00:00,dhieendol81,Cuan lagi🤣🤣
2026-06-15 11:06:41+00:00,husein.guba,bisnis obat LG
2026-05-23 08:48:20+00:00,brahmasta123,bisnis
2026-05-29 03:52:19+00:00,azzahramelsa12,sdah mlasss
2026-05-20 11:47:02+00:00,hari05801,nyari Duit lg
2026-05-21 01:11:39+00:00,renovasi67,sudah di mulai😅
2026-05-21 11:56:49+00:00,cahngaret01,proyek
2026-05-21 04:09:10+00:00,myusuf1925,hoax
2026-05-20 12:09:54+00:00,ockyselalu,"hadeuh,, gw baru nambah hutang lagi😂😂😂"
2026-05-21 10:35:04+00:00,zae.affiliate4,
2026-05-21 03:55:08+00:00,basir.bejjo,hoax
2026-05-24 06:26:13+00:00,apriansyah_182,"inti nya aja , vaksin lagi , & ibur berapa lama lagi ."
2026-05-20 20:32:59+00:00,galank569563621561539,hadeeeuhhhh bakal ada bisnis LG aja
2026-05-20 18:43:37+00:00,upinddaygfy,udah ada lagi pnyakit bisnis ni
2026-05-20 16:21:33+00:00,ica_nursabila,bsk virus apa lg
2026-05-20 15:18:04+00:00,930suuu,bisnis besar nih
2026-05-21 09:45:33+00:00,ginting87955,proyek LG dan libur panjang
2026-05-21 11:20:38+00:00,user1251198475911,peduli amat
2026-05-21 22:50:27+00:00,lesmanadyan,"langsung aja , perlu vaksin berapa kali lagi??? merk apa lagi??"
2026-05-22 09:29:18+00:00,nana60068,lebih bahaya Henta boga artosss
2026-05-19 20:59:23+00:00,korusakigaming,"lebih bahaya kantong kering dri pda modus tipu"" begini"
2026-05-19 16:27:18+00:00,24_amirkhan,lebih bahaya mereka yg ngada² om
2026-05-19 16:19:36+00:00,widi_santozo,😆
2026-05-21 00:45:41+00:00,ibrohimbiyik,wes ra coyo
2026-05-19 10:30:43+00:00,aakak97_,"Berita kek gini gak usah di tayangin dah, gua kaga percaya"
2026-05-20 04:13:03+00:00,yogafn_96,bisnis terus 🤣
2026-05-19 18:50:54+00:00,mohammad.wafir186,
2026-05-20 10:50:30+00:00,ryanhidayat679,polotik
2026-05-19 18:58:29+00:00,aldiprasetyo886,proyek baru nihh 😁 asiikkkkk 😅
2026-05-21 14:40:37+00:00,mahutgokilgokil,"wis mulai wis😅😅😅
angel angel angel😅😅"
2026-05-21 10:29:30+00:00,kuringdadysemelek,mau g mau udh ini mah
2026-05-20 05:17:30+00:00,among_thekop,proyek baru
2026-05-21 07:21:50+00:00,sarmainichaniago04,ada ada aja
2026-05-19 16:14:31+00:00,13hegibara,Bisnis farmasi memang menjanjikan.
2026-05-21 11:40:26+00:00,digitalproductweb,capek deh Anggaran terus
2026-05-23 18:55:59+00:00,miya_piscok,info libur 2 tahun luuur
2026-05-19 12:10:04+00:00,reysyakal,"cape dech, wfh, lock down, sy selaku engineering, masa wfh juga, mesin dibawa pulang wkwkwkkw"
2026-05-19 03:40:43+00:00,5038h1,rencana apa lagi ini?
2026-05-19 16:54:41+00:00,kuli_bandara1,lockdown brpa tahun?
2026-05-19 16:55:01+00:00,user8675330626090,cair lg
2026-05-19 16:55:01+00:00,ical7057,langsung aja ke intinya lah mau di lockdown brp tahun
2026-05-19 16:57:23+00:00,sonie_rengganis,rakyat gak usah panik.
2026-05-19 16:58:11+00:00,zynnniyvaim,MUAK GUA DENGERNYA
2026-05-19 17:00:14+00:00,fajarardiansyah2808,
2026-05-19 17:00:35+00:00,fajarardiansyah2808,percaya amat
2026-05-19 17:01:18+00:00,rannos_9,Seklas liputan 6 nyebarin berita begini 🤣🤣🤣🤣🤣🤣
2026-05-19 16:45:06+00:00,user83847386378615,bisnis2
2026-05-19 13:05:40+00:00,zaff_14,bisnis obat lagu ampuun
2026-05-19 17:14:19+00:00,asad.2408,"dibesar2in.
ntr jd ladang bisnis😅"
2026-05-19 17:48:18+00:00,limyhoed305,ngibul
2026-05-19 17:15:46+00:00,hendriwijaya7320,bosen
2026-05-19 17:17:45+00:00,andiuuaa,judulnya lockdown
2026-05-19 17:18:44+00:00,icetea471,"aseeek proyek baru lagi, cuan cuan"
2026-05-19 17:23:49+00:00,rindoulw,halah mau cuan lagi farmasi
2026-05-19 17:27:32+00:00,syamsudindaenk17,bisnis baru lg ini 🤣😂🤣😂😂
2026-05-19 17:39:22+00:00,bgsofyan82,ladang bisnis lagi saja😂😂😂😂
2026-05-19 17:30:15+00:00,omekowahyono,berita GK berguna
2026-05-19 17:32:38+00:00,chandra.shbg,permainan apa lagii inii 😏 emang dah abis uang yg dri covid19 kemarin 🙄
2026-05-19 17:38:44+00:00,bekmilanisti,apa lagi ini...
2026-05-19 17:58:51+00:00,ahmadsolihin47988,ini kenapa tv maen tiktok si.. udh pindah sono jgn maen tiktok disini gk ada yg percaya
2026-05-19 16:04:52+00:00,1979solehudin,"coba cek d goggle apa artinya hanta,"
2026-05-19 16:05:23+00:00,ilham_eccaofficial,emng berita yg membesar-besar kan.... semacem ini bentar lagi kecoa yg di salahin....😊😊
2026-05-19 16:11:39+00:00,icwnsyah4,berak
2026-05-19 16:13:10+00:00,jenarisme_,pengalihan isu
2026-05-19 13:06:27+00:00,mamas.teguh.j,masih tren kasus pocong tangerang pa
2026-05-19 17:59:14+00:00,abdul.basit.basit368,"ladang cuan nih kaya Nye..
menang banyak...."
2026-05-19 16:15:30+00:00,r4911le,"Terus kementrian terkait langkah konkritnya apa??? Cuma nakut""in masyarakatkah?? 😏"
2026-05-26 17:32:24+00:00,mukti2234,hoax
2026-05-19 15:12:17+00:00,nisfae1,"lumayun tender besar lgi,,,,"
2026-05-19 16:53:43+00:00,gardiant_collection,Report beritanya ges
2026-05-19 16:54:05+00:00,bhangsall,nih ini nih chanel yang ikut nih yang di pihak bisnis ini nih
2026-05-19 04:00:00+00:00,julsqairen,wiuuu wiuuu wiuuu wiuuu
2026-05-19 15:32:39+00:00,ahmed.satirist,HANTA = OMONG KOSONG 😂
2026-05-19 15:19:46+00:00,shp1296,"to the poin. kita libur berapa lama, vaksin berapa banyak ?"
2026-05-19 15:29:28+00:00,r_one200,Ujung² nya nnti jualan obat anti virul ?
2026-05-19 18:53:11+00:00,si_diksi,lebay dehhh
2026-05-19 18:49:05+00:00,nurwijaya611,jangan di besar besar kan... itu omong kosong
2026-05-19 15:30:09+00:00,erfinerfinajegile,telekkkkkk
2026-05-19 15:30:35+00:00,parelargadinata,kami dah males
2026-05-19 18:48:38+00:00,mazmur.s_16,Langsung aja bisnis money londry apa lagi ini🤣
2026-05-19 13:08:48+00:00,bucek604,😂
2026-05-19 15:31:50+00:00,massam259,"efek astrazeneca pembekuan darah
nanti vaksin apa lagi ? efeknya hah"
2026-05-19 15:32:32+00:00,vj_bahrie,masker laku lagi
2026-05-19 15:40:07+00:00,fian_fian86,penyakit PES
2026-05-19 15:34:03+00:00,fery12749,"hadeuh.... Aya dei bae,,, bosen lah"
2026-05-19 15:35:08+00:00,alimukmin37,mulai lagi dah?
2026-05-19 15:35:25+00:00,cctvexspedisi,"Halah ini paling kayak covid dulu, adik ku GK sakit GK apa pulang dari Kaltim di vonis positif ,,terus aku kosin 1 bulan GK PP aman ,,setelah pulang kampung 3 Minggu ,,GK skit GK apa di jemput pamong desa sama RS ,,wajib ke RS ,,di RS 19hari gak skit gak apa akhirnya pulang ..di Kash obat di buang2 ke toilet GK guna"
2026-05-19 15:38:14+00:00,multazam749,bisnis maning..🤦
2026-05-19 15:38:35+00:00,play.boys28,sandiwara apa ini
2026-05-19 15:38:47+00:00,bayu1ssuharto,BODO AMAT
2026-05-19 13:08:30+00:00,jupray05,ah xoak aja
2026-05-19 18:43:38+00:00,ervida11,"Wah, harus banyak² ngemfrut ini, biar terhindar dari virus ini ,agar imun semakin kuat 🤣"
2026-05-19 18:42:26+00:00,zlch65,"kirain gubernur bakalan nolak, ternyata di terima jg😂😅"
2026-05-19 15:39:57+00:00,city0719,lha yg nyebarin jg orang orang kaya 😅😅...
2026-05-19 13:04:20+00:00,an_tasena21,season ke 2 nih😂 bisa2 pulkam
2026-05-19 17:05:31+00:00,ciknong83_,dah g bkl laku bisnis ini🤣
2026-05-19 16:53:06+00:00,anakbontot_yak,"Udah ada immortal,won, Ama freeze.."
2026-05-19 16:53:31+00:00,91adispt,virus kosong
2026-05-19 16:00:10+00:00,bawor_17,permainan macam apa lg ini
2026-05-19 12:03:32+00:00,dn.jolmilik8,tiap hari mandi masih ada virus
2026-05-20 10:48:23+00:00,nur.mhmmd72,anj lah gw lg enak2 nya kerja.
2026-05-20 03:02:34+00:00,ryannngogetaa,"dari kapal laut, udh smpe ke indo aja, cpet bet co"
2026-05-20 05:16:52+00:00,sukasuka8956,"oke trus anggaran lockdown brp,dana buat vaksin brp?"
2026-05-19 12:54:16+00:00,sempakkering09,"jgn terlalu digituin, cuekin aja"
2026-05-20 02:37:49+00:00,didik.rusmanto8,opo nih iki
2026-05-20 02:07:52+00:00,iwansetiawan26322,ini proyek farmasi
2026-05-20 01:25:32+00:00,eko.purwanto627,"klu gue lbh takut ,g kerja ga makan sama g bisa bayar utang😂😁,"
2026-05-20 01:13:06+00:00,husen7314,libur telahh tiba... libur telahh tibaa... 🤣🤣🤣
2026-05-20 01:06:37+00:00,arisambrianto,berapa bulan lock down ?
2026-05-20 01:03:35+00:00,yudamarzeki,jangan hantavirus hantavirusus aja di hadapi
2026-05-20 00:52:07+00:00,heiyooooo17,halah .
2026-05-20 00:51:28+00:00,namanhermawan,Tutup poin aja harus vaksin berapa kali dan libur berapa lama 😇
2026-05-20 00:27:59+00:00,rajasonang124,ea Jakarta paling semangat. Siap2 libur
2026-05-20 00:06:25+00:00,leleboreup58std,uuhhhuuyyy
2026-05-19 23:58:21+00:00,bang.komo38,bisnis lagi aja
2026-05-19 23:54:29+00:00,dwi635460,Gmn cara ni berita gk rame...
2026-05-19 23:22:27+00:00,adamsaja821,ujung ujung nya pada bisnis apd😁
2026-05-19 23:16:24+00:00,bledexpanturaofficial,cair cair
2026-05-19 23:11:16+00:00,c_maulana,"to the point aja berapa tahun,
biar kita bisa antisipasi masalah ekonomi,
kita lebih takut ga bisa mencari nafkah ."
2026-05-19 23:05:32+00:00,53714n4,anjjj lah. baru juga gua mau kerja di luar negri.
2026-05-19 22:41:10+00:00,leo.batix.madrim,proyek besar
2026-05-19 22:35:41+00:00,muammarammar16,"inget woy hidup itu cuma sekali. jangan bikin orang jadi susah,"
2026-05-19 22:09:47+00:00,bocah_desa21,ladang bisnis
2026-05-21 12:23:53+00:00,yageysya,nanti adlagi priksino virus udinvirus karnasvirus komsitvirus dan seterusnya kyanya sih
2026-05-21 11:46:54+00:00,wiliwilyaman743,"inti nya masyarakat jangan sampai prcaya dengan berita""seperti ini karena ada akhir nya..masyarakat jugalah yang sengsara..dan mereka yang kaya raya nya..😂😂😂"
2026-05-21 10:48:45+00:00,mas.iffan2,hoak
2026-05-21 10:46:09+00:00,anfaputra843,gombal
2026-05-21 10:40:55+00:00,hijoukusam,"mulai lgi proyek jual obat konoha2 ,,"
2026-05-21 10:38:28+00:00,moch_zulfikar_assompret,jualan vaksin lg hahaha
2026-05-21 10:26:52+00:00,rais5013,cuuuuuiiihhhh....
2026-05-21 10:10:55+00:00,putra.mandiri553,anggaran lagi cuan lagi
2026-05-21 10:06:34+00:00,juanlyyadj,kapan mulai jualan obat lagi
2026-05-21 10:02:55+00:00,setiawansetiawan881,boleh nebak. ini pasti ada vaksin lagi nanti🤣
2026-05-21 09:53:55+00:00,rudi05676,siap siiap kaya mendadak
2026-05-21 09:43:30+00:00,gudeltomo,tau sendiri kan bilgets dulu Dateng trus kasih hibah uwang 150juta US
2026-05-21 09:39:25+00:00,harli_68,mulain berulah lagi
2026-05-21 09:30:36+00:00,hidayatullah.kail,"yang kaya makin kaya,,,, yang miskin makin,,,,😭"
2026-05-21 09:30:04+00:00,samidi.putra,proyek tu
2026-05-21 09:23:17+00:00,aldy.rock.1,Gw blokir ahh media2 yg ceritain soal ini 😂
2026-05-21 09:20:39+00:00,aldy.rock.1,Bodo amat ...EGP 🤣😂
2026-05-21 09:10:58+00:00,calieq41,hadeuh drama lagi drama lagi...
2026-05-21 08:13:53+00:00,pawirodiningkrat,tar bagi2 untungnya
2026-05-21 05:55:31+00:00,andi.rahman971,bisnis rakyat jadi sengsara
2026-05-21 04:31:52+00:00,ahmad_ali6912,mencari cuan berkedok medis 😅
2026-05-21 09:56:41+00:00,mangkoko107,🤣🤣🤣🤣🤣🤣
2026-05-19 16:17:47+00:00,anwaraja82,😂😂😂
2026-05-19 16:18:01+00:00,fardanputra615,tgl brpa lockdown wey..biar pulangny ga kena lockdown🤣🤣
2026-05-19 13:06:11+00:00,killerking9415,yah mau jualannlagi nih🤣🤣 ante pin aja berita begini cuma proyek pemerintah
2026-05-19 16:24:38+00:00,10darikontak_.anda,ben raurus
2026-05-19 16:03:52+00:00,ideykuple17,😷😷😷😷😷😷😷😷
2026-05-19 16:24:43+00:00,sangkepooo,skiip
2026-05-19 16:26:50+00:00,racunspalspillbyme,to the point. gaji kami dipotong brp KLO kena virus
2026-05-19 16:29:59+00:00,hajukla,"selama si luhut ga stock vaksinnya aman, klo s luhut udh punya vaksin pasti indonesia darurat"
2026-05-19 16:34:36+00:00,yoogi_mv,abaikan please
2026-05-19 16:37:49+00:00,badriansyah1995,nama judul film nya itu ya
2026-05-19 16:40:35+00:00,karanganyartirto14,terserah kalian min😂
2026-05-19 16:40:47+00:00,naoraonsajo69,harus vaksin berapa kali lagi ini
2026-05-19 16:42:44+00:00,miat19814,mulai bikin ancang ancang biar anggaran keluar gede
2026-05-19 16:44:07+00:00,13d.electro,cair 😂😂
2026-05-19 17:57:53+00:00,risnopen,sandiwara baru
2026-05-19 16:44:52+00:00,adiardiansyah2855,jangan percaya ya gaes
2026-05-19 14:05:14+00:00,dhemur.trans,tanda tanda hrga masker akan melambung tinggi
2026-05-19 13:51:44+00:00,r0him105,wfh lagi aja😂
2026-05-19 13:51:47+00:00,glondorpurnomo85,hallahh.....😏😏😏
2026-05-19 13:52:00+00:00,ariesapink,gimana saksi..saaahhh
2026-05-19 13:54:09+00:00,abu_hanif0206,coba tanya Dola libur berapa lama
2026-05-19 13:54:18+00:00,user1473221697761,beeerak 😆
2026-05-19 13:14:07+00:00,zoaya88,cair cair😂😂😂
2026-05-19 13:57:17+00:00,zam7991,covid dulunya juga gini awalnya wkwk
2026-05-19 14:00:08+00:00,tugassayaudahselesai,paling bahaya itu virus sakit hati cepet untuk menular ke hati orng lain sma virus provokator🗿
2026-05-19 14:00:29+00:00,jabodetabek_channel,hatavirus artinya lahan uaaaang pikir 1000 kali
2026-05-19 14:00:50+00:00,ceben15,virus proyek😁
2026-05-19 13:13:36+00:00,pohon.deccor,bodo amat
2026-05-19 14:01:24+00:00,samaldo0880,😂😅
2026-05-19 14:04:57+00:00,nungky547,mulai lagi 😂😂😂
2026-05-19 13:51:30+00:00,ramdhan_oneday,"wkt Corona aja gw kaga percaya, apalgi ini..
,"
2026-05-19 14:07:07+00:00,budi_dea,inget pamirsah kita alumni covid 19😁
2026-05-19 14:08:43+00:00,dewolfishing,jual masker ah bentar lagi harga nya mahal
2026-05-19 14:09:33+00:00,dona47747,😂😂😂😂😂😂
2026-05-19 14:09:44+00:00,kresekitem008,BOMADLAH 😂
2026-05-19 14:09:50+00:00,dona47747,bisnis lagi untuk para pejabat
2026-05-19 14:10:31+00:00,dona47747,terusno wz. moga akan NEPAL.
2026-05-19 14:13:52+00:00,aditya.anggara95,Ptkkkkk
2026-05-19 14:14:13+00:00,aden_yani248,"berapa lama lockdownnya, trus di vaksinnya brapa x"
2026-05-19 13:13:04+00:00,angga.waktachi,"rmh gue banyak tikus nya😁
tapi kenapa gak pernah kenal hanta virus ya,
malah gue kenah nya virus cinta 😁😄😄😄"
2026-05-19 14:14:16+00:00,enurhalimah515,:)
2026-05-19 14:14:19+00:00,irwanalqodry,cepet amat udah sampe jakrta..
2026-05-19 14:14:19+00:00,andisthokthil,udah langsung aja
2026-05-19 14:15:54+00:00,zamrudi5,mulaii lagii bisnis.makin menyengsarakan aja
2026-05-19 13:40:04+00:00,meycha726,duit nih😂
2026-05-19 13:22:12+00:00,noceng86,lokdown trus bantuan beras lg semua suru kerjja di rumah lg ya buruan jngn lama2
2026-05-19 13:22:16+00:00,dang11suhirman1,lockdwon brpa tahun ? mau vaksin di area mana sekarang di mata apa di bibir.
2026-05-19 13:22:25+00:00,tikotoklive,gua yg tau
2026-05-19 13:22:29+00:00,takiyagenzi02,cuan boss
2026-05-19 13:23:59+00:00,juliputralaskarpe,lasung aj cari cuan🤣🤣
2026-05-19 13:25:18+00:00,bakmialottamansari,🙏
2026-05-19 13:26:10+00:00,aryafajardwp_,gak percaya!
2026-05-19 13:33:30+00:00,sidoel351,tai
2026-05-19 13:35:49+00:00,edoyalfaredo,Bagi2 proyek baru nih
2026-05-19 13:16:46+00:00,syarif8511,virus TAI LEDIG
2026-05-19 13:35:59+00:00,aa51476,"bener bener dunia tipu tipu
cukup udah yang kemaren aja kaga ngapa ngapa malah bikin ekonomi susah..."
2026-05-19 13:14:58+00:00,ilhammhafiz,hoak itu mau nyari celah
2026-05-19 13:36:21+00:00,user6083516808280,PNS seneng gaji lancar libur pula😂
2026-05-19 14:16:12+00:00,zamrudi5,virus gak bisa di tangkap kocakk
2026-05-19 13:40:06+00:00,herifaqih_75,weehh Cuann
2026-05-19 13:41:29+00:00,aldiro.com,hemm mulai mulaii..lagu lama kaset ksut😂
2026-05-20 13:17:10+00:00,purwantoek0,langsung aja mau berapa lama sama vaksin apa
2026-05-21 11:19:35+00:00,suwartono.901,arah nya ke efisiensi
2026-05-21 08:26:53+00:00,busrokevin,"saya lebih takut kalau lupa dalam berdoa membaca istighfar dari pada takut sama antivirus,"
2026-05-19 03:39:34+00:00,idar.payet,ya Allah.....sehatkan kami semua
2026-05-20 11:09:12+00:00,saf0795,nganggur nya saya diperpanjang ini berarti 🤣🤣🤣
2026-05-19 11:44:33+00:00,latyfarivin588,gue libur paket kalian stag 😅
2026-05-19 11:13:57+00:00,hans12.34,"bukannya suuzon, gw takutnya yg awalnya sakit biasa klo ke rumah sakit mlah sengaja di suntik virus hantavirus mlah jadinya ntar terjangkit juga"
2026-05-19 07:37:07+00:00,exploresajayuk,jgn paksa vaksin ye
2026-05-22 09:19:53+00:00,al.abrar283,WADUHHHH!!! virus season 2 nihh🗿
2026-05-19 11:39:37+00:00,saputra.aja01,"udah lagi lah, ujung nya mau cari cuan lagi dg mengorbankan masyarakat (rakyat)"
2026-05-20 11:57:07+00:00,senjaa7846,penyakit d jadikan bahan buat bisnis lagi aja inima
2026-05-20 10:36:22+00:00,himawan.jakarta,"pak/ bu yg terhormat..kami sebagai warga negara indonesia,pemerintah memberikan pekerja untuk warga, sdh masuk era global sekolah 12 thn lulus jd tukang ojek kan ga sesuai, dulu jaman jokowi covid ,sekarng HANTA VIRUS, Pemerintah jangan menakutin warga, semua manusia ada sehat ,ada yg sakit ."
2026-05-20 07:43:32+00:00,siomay737,"proyek , derita rakyat tampa henti"
2026-05-20 06:42:44+00:00,rezaboshter,"😂 intinya bisnis lagi, cair cair"
2026-05-20 05:14:36+00:00,_musafir__takdir_,1 kata BOHONG
2026-05-20 04:38:22+00:00,targudbpvzg,cair2..
2026-05-20 03:55:50+00:00,gusmuch6,"muak sama berita penyakit/virus hal sepele di besar2 kan....
jualaannnnn obat trusss"
2026-05-20 03:35:43+00:00,entahlah_868,haduuuhhh.. 🤮🤮🤮
2026-05-20 01:41:08+00:00,dendyprayoga630,proyek proyek🤣
2026-05-19 23:13:02+00:00,rositkocit,masyarakat padat udh pusing x 😂😂😂
2026-05-19 22:19:26+00:00,user5836196571210,"pertama-tama sebar isu2 dlu..
ke 2 siap2 bikin peraturan.ke 3 keluar produk2 obat2 vaksin"
2026-05-31 14:20:29+00:00,gilang324,udah lokdon aja langsung ngga pusing udah ada mbg skrng
2026-05-30 16:42:31+00:00,monyet.ireng3,"dodolan vaksin untuk berbisnis kepada rakyat,wes tidak percaya"
2026-05-29 17:04:58+00:00,abdul.basit.basit368,"lagu lama
jadi ladang cuan lagi nih..
tau sendiri lah"
2026-05-27 23:56:47+00:00,omanparis381,yok kita sama² skip kalo ada berita begini
2026-05-25 09:38:22+00:00,joebuma_82,virus permaenan proyek
2026-05-25 01:08:29+00:00,skynigh1933,
2026-05-24 13:22:30+00:00,hon_est92,Inget kata pak Dharma pongrekun “Hanta virus itu gak ada”
2026-05-19 13:43:31+00:00,ahmad.jaelani251,di mulai dari DKI Jakarta... soalnya pusat yg lain tinggal ngikutin😂
2026-05-19 13:43:46+00:00,inuybarock,"wow, lagi mau nutupin kasus apa nih🤭"
2026-05-19 13:44:06+00:00,qtarai,wes langsung aja harganya brapa?libur berapa lama?
2026-05-19 13:45:14+00:00,darwis_friandana,gmna kalian ajah wkwk ini juga berita apaan sihh haduhh
2026-05-19 13:45:38+00:00,radiant_musica,gak logis masa tiba tiba ada dijakarta. 😄
2026-05-19 13:46:04+00:00,andy110802,intinya aja.. Suntik apa namanya dan brpa biayanya
2026-05-19 13:48:43+00:00,zheyours_,rakyat sdh lebih pintar
2026-05-19 13:49:23+00:00,irwanxsine,apa lagi ini..udah lah.kmi org susah loh..msih aja di giniin.ampunn
2026-05-19 13:49:33+00:00,inuyaza_90,COVID AJA GW GAK PERCAYA
2026-05-19 13:50:43+00:00,casper.126,"Udah jangan di perluas berita, pasti hantavirus akan menghilang"
2026-05-19 15:16:31+00:00,ahmadmusa499,politik Elit Global
2026-05-19 14:57:28+00:00,yusufbudiartono39,"cepet yaaa kejadian dtngh laut,,penumpangny dibwa kebelanda,,emng penumpng kpl lautnya udah ad yg keindonesia,t"
2026-05-19 15:00:27+00:00,fir644,"perasaan pertama berita di luar sana, lah ini langsung ada di Jakarta. hebat nih virus naik apa ya"
2026-05-19 15:02:55+00:00,adismileo,langsung aja point nya 😌
2026-05-19 15:03:41+00:00,noergaz.gass,"jgn di ladenin,,cuekin aja🤣🤣"
2026-05-19 13:10:48+00:00,mustpria,"ada lagi aja,coba brp x harus vaksin"
2026-05-19 15:05:39+00:00,andrianamaryana61,proyek baru nih🤣🤣
2026-05-19 15:08:13+00:00,haykal_mulyadi040179,ngk usah di besar-besarkan....dri dulu jga bnyk virus jdi biasa aja ngk usah lebay
2026-05-19 15:08:13+00:00,valir_vale11,project baru lg
2026-05-19 15:11:51+00:00,rizalmgz_,siap2 wfh
2026-05-19 15:12:47+00:00,hendijun,intinya aja..BSU nya jangan di cicil kaya jaman covid😏
2026-05-19 13:54:32+00:00,user1473221697761,kasih paham bos
2026-05-19 07:48:37+00:00,s_qilla95,"Jangan di viralinn ,,, lebay ujung2nyaa bisniss jugaa ... capeeee"
2026-05-20 13:31:18+00:00,aryaaguswaraa,"aduuh
ngk perlu kau beritakan yg kayak gini bro"
2026-05-20 08:11:49+00:00,archieesyyaa,ada Allah
2026-05-20 07:22:23+00:00,muhamad.riko.riko6,ya elah ada lg aja...
2026-05-20 07:10:54+00:00,aa_asep26,Wewww
2026-05-20 07:08:09+00:00,ndiepardiepardie,atur aja karepmu
2026-05-20 06:29:03+00:00,gal.leh,prettt
2026-05-20 06:09:07+00:00,allsafiq10,"asik,,bisnis lagi🤣🤣"
2026-05-20 05:55:24+00:00,robbiblack0,bohong hoak itu
2026-05-20 05:44:01+00:00,coffe.nva,MULAAAAIIIIIII
2026-05-20 05:27:21+00:00,alesha1.id,jangan viral
2026-05-20 05:04:17+00:00,lnx_saputra,pengalihan isu
2026-05-20 04:37:23+00:00,wij4ya1986,"stop pemberitaan seluruh media, jgn bikin gaduh"
2026-05-20 04:33:52+00:00,abayrohana12,aduh... kena Preng' 😇
2026-05-20 04:29:46+00:00,thismerta_,BERAPA ANGGARANNYA DARI APBN INI 😂
2026-05-20 04:28:28+00:00,muslimsejaty,wkkwkwkw
2026-05-20 04:24:10+00:00,bongkengrese,libur panjang lagi
2026-05-21 04:23:46+00:00,rajiskhan977,tae......tae .......tae .......
2026-05-21 03:21:52+00:00,user5800287589768,akan kembali dmn rumah sakit jd tempat yg paling menakutkan☺️
2026-05-21 02:45:09+00:00,sipraseoo,"ada"" saja virus, hae virus"
2026-05-21 01:34:51+00:00,user5991020101635,uang masuk ini
2026-05-21 00:48:50+00:00,konveksi46,ini orang2 yg akan mendapatkan bonus besar
2026-05-21 00:39:21+00:00,alkhalifi_2019,ki bongso op menehhh .. wes penting madyang
2026-05-21 00:07:40+00:00,dony.pratama08,anjir g abis2 nya cari cuan dr rakyat
2026-05-20 23:29:57+00:00,bangucen99,nanti abis ini apalgi virus pejabat
2026-05-20 23:29:30+00:00,bangucen99,bisnis cuan masarakat di rugikan
2026-05-20 17:42:33+00:00,paunisabitin,dibayar brp
2026-05-20 16:21:39+00:00,ica_nursabila,dusta
2026-05-20 16:18:36+00:00,pagar.klasik.adesintiya,bisnis. yg merugikan. rakyat
2026-05-20 12:22:30+00:00,journeylian_quotes,"siap kami tunggu kemabali lock down nya, di percepat yaa kangen nih"
2026-05-20 12:14:01+00:00,r.dwiaditya,biar dikata ada kerjaan
2026-05-20 12:09:29+00:00,noname.com43,"mulai deh pemerintah nakut2in masyarakat, bisnis vaksin lancar jayaaaa."
2026-05-20 11:59:56+00:00,alvinarisqi,"cair"""
2026-05-20 11:55:24+00:00,ojolsinglefighter0,menuju krisis ekonomi ada aja pasti yg kaya mkin kaya yg miskin makin miskin
2026-05-20 11:51:46+00:00,azis.maulana20,harus beli masker lgi nih cuan bnget ini buat pemerintah
2026-05-20 11:11:42+00:00,abuammar2205,WIS mulai muncul dramanya
2026-05-20 11:03:48+00:00,bedrisamudra,"Uda tenang rakyat Uda ga percaya.
kita tunggu libur aja😂😂"
2026-05-20 11:02:00+00:00,awankinton74,Cape bos rakyat ditipu terus..
2026-05-20 10:31:22+00:00,vioyketul,cair🤣
2026-05-20 09:56:02+00:00,mas30941,apaa sihh yg Indonesia gak ikutan heboh.padhal negara lain tidak ada respon
2026-05-20 09:20:44+00:00,bewokhan.siregar,😂😂😁 ya JELAS inikan proyek pemerintah dan Kemenkes.
2026-05-20 09:19:37+00:00,anissaramadhani8,tolong lah negara lagi kacau di tambah lagi berita ini...
2026-05-19 15:14:22+00:00,alvacrtnz,Bohong
2026-05-19 15:14:23+00:00,kujankwindu2,hah .. muali ni... nyari nyari acara pengolkngan danan... demn riwehbriweh ya
2026-05-19 15:15:46+00:00,abang.rahil,duit keluar lagi biar dpt sertifikat vaksib buat syarat kerjaan
2026-05-19 15:18:33+00:00,gunnz111,BISNISSSSSSS
2026-05-19 15:19:48+00:00,wraping.car,jualan vaksin lagi ujung ujung nya 😅
2026-05-19 15:19:53+00:00,rhu_dian,horeeeeeee libur lagi🤣
2026-05-19 15:21:20+00:00,rikofarel58,bodo amat weeeee🤣
2026-05-19 15:21:36+00:00,clipertoprangking1,yah jualan lagi dah sama masyarakat 🤭
2026-05-19 15:21:54+00:00,john_l30n,"biasa dah klo ada masalah ekonomi begini
kaya jaman covid"
2026-05-19 15:23:15+00:00,didihaerani,"Media ulah nga gembor "" masalah virus. yg kena mah di Rawat z g usah di liput"
2026-05-19 15:23:50+00:00,qmst_,hahahahahahajajajahahhahaain aja
2026-05-19 15:23:56+00:00,kicer1928,wah wah cuan lagi ni sprtinya
2026-05-19 15:25:39+00:00,ichiraku73,"udah langsung aja lah, basa basi banget"
2026-05-19 15:25:45+00:00,kaumadam364,Bisnis lagi ni😁
2026-05-19 14:38:38+00:00,sahrulnurahman,konspirasi apa lg ini😒
2026-05-19 14:18:26+00:00,tiktoker.1368,"𝙂𝙐𝘼 𝙐𝘿𝘼𝙃 𝙂𝘼𝙆 𝙋𝙀𝙍𝘾𝘼𝙔𝘼 𝘽𝙀𝙍𝙄𝙏𝘼 𝘽𝙀𝙂𝙄𝙉𝙄𝘼𝙉.. 𝙂𝙐𝘼 𝙐𝘿𝘼𝙃 𝙂𝘼𝙆 𝙋𝙀𝙍𝘾𝘼𝙔𝘼 𝙎𝘼𝙈𝘼 𝙋𝙀𝙈𝙀𝙍𝙄𝙉𝙏𝘼𝙃 𝙉𝙀𝙂𝘼𝙍𝘼 𝙄𝙉𝙄 , 𝙅𝘼𝘿𝙄 𝘽𝙊𝘿𝙊 𝘼𝙈𝘼𝙏"
2026-05-19 14:18:35+00:00,user6128123165583,libur kpan
2026-05-19 14:21:48+00:00,ibrahim_abunabawi88,jangan berlebihan aahh.. MBG aman aman aja banyak yg keracunan.. 😅
2026-05-19 14:24:28+00:00,uservwka1i30bb,bodo amet
2026-05-19 14:25:41+00:00,usermufidiyanto1,🤣
2026-05-19 14:27:13+00:00,rakadwi667,tai...lah
2026-05-19 14:29:15+00:00,om_yyt2,"nih kite lagi ""hampa"" nih"
2026-05-19 13:11:40+00:00,.japung4,"lock down yok ..
vaksin yooookkkk"
2026-05-19 14:29:28+00:00,nayy.com6,aku wis ra peduli😏
2026-05-19 14:32:09+00:00,ompongraw123,bukan urusan saya 🥱
2026-05-19 13:10:50+00:00,amarfathi335,waduh virus lagi .ntar pake masker Doble🤪
2026-05-19 15:10:17+00:00,b541pul,proyek apa lagi nih
2026-05-19 14:45:41+00:00,dede28728,bodoamat
2026-05-19 14:47:43+00:00,calon_rt_2,BODO AMAT
2026-05-19 14:51:23+00:00,bimz0410,
2026-05-19 14:54:09+00:00,asep_sofyan82,😂😂
2026-05-19 14:54:59+00:00,furqon.ortega,lebih percaya sama jendral dharma pangrekun.semua di bisnisin.
2026-05-19 14:55:09+00:00,andreyp33,😂😂😂😂😂 bisniis lagi
2026-05-20 04:34:21+00:00,cepek.cemara,atur sepelenger mungkin derr 🗿
2026-05-20 04:10:37+00:00,reflyeinstein,jangan mau di bohongi guys😎
2026-05-20 03:47:58+00:00,user4079321389296,pantasan pramono di taro di dki biar lancar bisnis lagi
2026-05-20 03:46:44+00:00,user4079321389296,pirus bisnis
2026-05-20 03:34:52+00:00,mas_ken029,gua aja yg pernah kena covid bebas berkeliaran
2026-05-20 03:24:30+00:00,kikizulkarnain11,ga usah takut!
2026-05-20 03:15:02+00:00,wongnumpang,proyek lagi az..💃💃💃
2026-05-20 02:54:27+00:00,fanderdayat,mulai lagi seperti covid 19 sudah rupiah makin parah
2026-05-20 02:53:51+00:00,jamsoy4321,biar anggaran turun gede kab
2026-05-20 02:51:37+00:00,arulketon12,kasih Bererita yang bikin seneng rakyat diket lah PAh.. jangan virus . pagi pagi di kasih sarapan virus. hedeh. lagi Mana bisa semangat
2026-05-20 02:48:26+00:00,adamlatif37,liburan x ini di jamin pemerintah semua jgn ada yg kerja 😁
2026-05-20 02:29:14+00:00,miodd_,BISNIS LAGI BISNIS TERUS🤣🤣🤣
2026-05-20 02:25:51+00:00,apayeyen,la bikin ladang bisnis lgi aj ini gubernur DKI udh kena amplop tebal
2026-05-20 02:24:17+00:00,novi_zainal73,😂😂😂. Duit2
2026-05-20 02:13:25+00:00,anto.rich,"heranya terdeteksi di tengah laut. setelah itu di evakuasi dengan ketat. tiba tiba nongol di Indonesia
heran"
2026-05-20 02:12:42+00:00,hardyhardy968,lebih takut Prabowo Gibran 2 periode
2026-05-20 02:06:30+00:00,joentac3,paling sama gejalanya kaya meriang.
2026-05-20 01:43:49+00:00,atshm813,"terlalu dilebih lebihkan, singkat saja jual vaksin berapaan? wkwk"
2026-05-20 01:13:49+00:00,cuutbraay,jangan lupa repoooorrttt kawan kawan🔥🔥🔥
2026-05-20 01:01:36+00:00,enallajj2,bisssnissss lgiiiiiiii😂😂😂
2026-05-20 00:53:26+00:00,harryxmlbb,ujung2 nya vaksin😁
2026-05-20 00:27:09+00:00,clubxin,NGIBUL MULU
2026-05-20 00:19:41+00:00,ediyon_sutriawan,"gejala minta lock down lagi kayaknya ini, bisnis cair2"
2026-05-20 00:15:58+00:00,vinay9831,biar masker laku lg tuch 😅
2026-05-20 00:15:04+00:00,ray_ho5,tae
2026-05-20 00:13:46+00:00,ruangrenung93,lokcdown lagi yokkk brapa taun nihhh
2026-05-19 23:55:38+00:00,siliwangicianjur,virus menganggur lebih prihatin
2026-05-19 13:09:22+00:00,skaagustina,suka2 kalian nnt disuruh vaksin gw gak mau😏
2026-05-19 15:26:31+00:00,arifart712,PROYEK APA LGI INII
2026-05-19 14:36:17+00:00,enjisyahreza,lokdon kah
2026-05-19 14:16:25+00:00,sendaljepit_961,"GA NGARUH, LEBIH PARAH LAGI KALO GA PUNYA DUIT WOYYYYYY"
2026-05-19 14:32:18+00:00,riskaandanna2,Mulai mulaiiii 😏😏
2026-05-19 15:26:49+00:00,ajissentral,bisnis para pejabat negri ini mo mulai lg deh. .. 😁
2026-05-19 14:40:31+00:00,mulyana.tea37,Halah apalgi sih
2026-05-19 14:41:49+00:00,wongjabar80,mulaii... mulai. cuann
2026-05-19 14:43:08+00:00,noraxkayyis,Cukup ketawa aja HAHAHAHAHA.
2026-05-19 14:43:29+00:00,ihsan_3533,jangan di besar besarin udah biarin aja
2026-05-19 14:43:52+00:00,mukhamadikhwan82,anggaran gede lagi aja ini
2026-05-20 07:46:04+00:00,abdul_mubarokha,"ga masuk akal kalo 6 tahun ada 2 wabah, dan manusia gabisa handle itu? jaman udh modern aga janggal kalo yg ini sampe kaya covid mah"
2026-05-20 07:16:53+00:00,kopimanakopi11,bodo amat
2026-05-20 06:28:01+00:00,ale245151,negara lagi susah jangan dibikin rebet
2026-05-20 05:49:50+00:00,cloudeyes34,"sulit untuk maju Indonesia ini., parah"
2026-05-20 09:06:08+00:00,kopitrade7,mulai dah...Napa sih Konoha tuh
2026-05-20 09:15:34+00:00,jefannoliandri,lagu lama kaset kusut 😅😂
2026-05-19 23:54:14+00:00,dimazprihadii,proyek kesehatan lagi aja🤣
2026-05-19 23:42:54+00:00,..harrisjengot,"hantavirus itu sejak lama ada di pemerintahan😁
yang sulit di bersihkan"
2026-05-19 23:36:35+00:00,jarkoni_69,cair lagi aja 🤣🤣
2026-05-19 23:30:11+00:00,sem100288,bisanya cuman bisa nakut nakutin aja wkwk
2026-05-19 23:12:40+00:00,irfan.malmz,Opung senyum senyum ...
2026-05-19 23:10:40+00:00,mumuaman.aman,drama di mulai di negara konoha. 😂😂😂😂
2026-05-19 23:09:59+00:00,ucipetir,"jaman covid PCR abis 1,9 ,,skrg ogah jdi korban lgi 🤭🤭🤭 , naik mbil jug di batasin lgi nih ,, fositif libur aja kerja😇😇😭😭😭"
2026-05-19 22:29:58+00:00,suneo_507,sekelas sctv ngespam berita model kayak ginian. dah gak laku. ejonomi lgi kayak gini bisa2nya buat berita aneh2
2026-05-19 22:25:44+00:00,tasrifinblukar786,yg kaya gini di sebarin😂
2026-05-19 21:24:55+00:00,yusup_86311,"Tips agar virus ini tdk menyebar luas,,, jngan menyebarkan vidio² HOAX tentang Hantavirus di story, antara lain WhatsApp, Facebook dan Instagram.
Dan perlu kalian tahu Hantavirus itu, HANTA artinya ""omong kosong"", nah jadi ngapain kalian buang² waktu mendengarkan omong kosong itu..."
2026-05-19 20:10:53+00:00,bilal.elsadid,"bodo amat, emang gwa pikirin"
2026-05-19 19:15:11+00:00,7kids00,alahhhh
2026-05-19 19:08:21+00:00,miyakhl,jangan percaya bginian... yang kaya makin kaya.. yg byr pajak tetep yg d bawah..
2026-05-22 17:09:11+00:00,apaartisebuahcinta,ladang bisnis rakyat Indonesia SDH g percaya lagi di balik itu politik ladang bisnis
2026-05-23 11:35:50+00:00,langlangbuana2405,proykkk LG nihhh
2026-05-23 12:03:35+00:00,gomezvixi10,cair nih proyek
2026-05-23 13:40:16+00:00,ach.j6,dari dulu sdh ada sarang tikus ko baru serius sekarang
2026-05-23 21:54:03+00:00,.mie_ayam.bakso.jadoel,hantapret😁
2026-05-24 04:50:25+00:00,adibestari,Intinya Semua Butuh Duit😁😁😁😁😁😁 mengutak ngatik berbagai Cara👍👍
2026-05-24 11:09:26+00:00,faisalrahman19,🤣🤣🤣🤣🤣🤣🤣🤣🤣🤣🤣🤣🤣🤣🤣🤣🤣🤣🤣🤣🤣🤣🤣🤣🤣🤣🤣🤣🤣🤣🤣🤣🤣🤣🤣🤣🤣🤣🤣🤣🤣🤣🤣🤣🤣🤣🤣🤣🤣🤣🤣🤣🤣🤣🤣🤣🤣🤣🤣🤣🤣🤣🤣🤣🤣🤣🤣🤣🤣🤣🤣🤣🤣🤣 cuan rakyat yg jd korban
2026-05-19 02:23:58+00:00,dze71,cairrr lagi
2026-05-20 08:59:30+00:00,001uoiaj,bisnis
2026-05-21 12:24:16+00:00,jaroteasem,"sejak kecil dirumahku banyak tikus,tpi ya gak ada yg kena virus.waspada oke anjuran yg baik,"
2026-05-21 12:26:01+00:00,rahmat.rahmat502,trik cari cuan... iri sama mbg
2026-05-21 12:42:35+00:00,hendrabelande465,jangan kasih panggung
2026-05-21 12:45:05+00:00,magika_elshanum,HOAX YA🤣
2026-05-22 02:05:08+00:00,rachmanbali,ngibul
2026-05-22 02:18:02+00:00,caska833,hoax..berita kyk gini jgn di sebar luas.. ga ada guna nya
2026-05-22 04:17:35+00:00,fahri32gmail.com,panik gk ya 🤣🤣🤣🤣🤣🤣🤣🤣🤣🤣🤣🤣
2026-05-22 07:54:41+00:00,mas_hary46,cair lagi nih para pejabat
2026-05-20 00:07:36+00:00,ve_chiera.81,halaaahhhh...
2026-05-20 00:28:41+00:00,atawijaya03,
2026-05-20 00:34:53+00:00,andreee86_,vvk
2026-05-19 19:25:26+00:00,serigala1007,
2026-05-20 15:55:00+00:00,rano.sah3,"ga usah pada percaya...
percaya ajah pada allah SWT..."
2026-05-19 15:50:44+00:00,andyk4488,hore libur 3 tahun
2026-05-20 01:25:00+00:00,nur_muhibbin_mukmin,wes gk percoyo blas.......!!
2026-05-20 01:59:08+00:00,edd.suhada,mulai lgi hadeuh
2026-05-19 19:09:17+00:00,tatacool2000,🤣🤣
2026-05-19 20:54:03+00:00,f_virgo_8,😂😂😂😂
2026-05-19 21:34:18+00:00,ipoel.zoe.new,proyek baru nich
2026-05-19 14:55:29+00:00,bang_viik,udah sampe aja 😆
2026-05-19 13:21:55+00:00,.asep94,yaelah virus virus yg jelas mah ada sesuatu di lempar ke virus
2026-05-19 23:14:29+00:00,muhamadmiftahtauf,dagelan
2026-05-20 04:11:31+00:00,dramapendek477,bisnis lagi😆😆😆
2026-05-20 03:47:37+00:00,al88official,cuan 😅😅😅
2026-05-20 03:44:47+00:00,pejuang_101,hantahberantah
2026-05-20 03:41:50+00:00,bg111ky,Fomo bgt negeri jenaka ini
2026-05-20 03:21:28+00:00,m.4w4n12,kapan loncing ni sinetron 🤣🤣🤣
2026-05-20 03:14:01+00:00,john.travolta8496,atur saja
2026-05-20 03:07:23+00:00,elvinogivaria2024,stop tipu*
2026-05-20 03:01:00+00:00,pitulas51,Serius dengan senyum sumringah🤣
2026-05-20 03:00:28+00:00,musafir.kelana.71,gejalanya seperti flu kah?
2026-05-20 02:38:42+00:00,habibmustopa905,akal2 kan aj udh cukup
2026-05-20 06:18:45+00:00,purnama.canopy.pu,🤣🤣🤣🤣
2026-05-20 08:33:56+00:00,hasan_ardnsyh,halahhh
2026-05-20 02:54:39+00:00,izulkaromie,🤣🤣🤣🤣🤣
2026-05-20 03:52:40+00:00,frengkisimbolon95,😂😂😂😂😂😂
2026-05-20 04:07:52+00:00,teko_robby,😁
